scenario,H,winner_group_id,config_id,run_id,replicate,seed,eta_kind,eta_label,random_states,alpha_agree,alpha_disagree,eta0,c,beta,gamma,pA,pB,initial_state,utility_spec_id,transition_spec_id,T,s_T,s_next,p_H_A_T,p_AI_A_T,p_H_B_T,p_AI_B_T,Sh_entr_H_T,Sh_entr_AI_T,D_JS_T,regime_T,ctx_prob_H_T,ctx_prob_AI_T,a_H_T,a_AI_T,lambda_T,executor_T,a_star_T,owner_T,eta_H_T,eta_AI_T,human_updated_T,ai_updated_T,reward_structural_T,Uhat_H_realized_T,Uhat_AI_realized_T,Uhat_coal_T,Vhat_A_T,Vhat_B_T,Vhat_coal_T,n_H_exec_T,n_AI_exec_T,f_H_T,f_AI_T,n_agree_T,n_ctx_T,n_disagree_T,f_agree_T,f_ctx_T,f_disagree_T,n_H_ctx_T,n_AI_ctx_T,f_H_ctx_T,f_AI_ctx_T,n_state_A_T,n_state_B_T,state_A_freq_T,state_B_freq_T,N_H_A_a0_T,N_H_A_a1_T,N_H_B_a0_T,N_H_B_a1_T,N_AI_A_a0_T,N_AI_A_a1_T,N_AI_B_a0_T,N_AI_B_a1_T
scenario1,200,scenario1__H200__eta-exact_empirical__states-endogenous,cfg_01667bf3b8163604afe1,run_426e178132511f80,1,42,exact_empirical,exact_empirical,False,0.2,0.35,,,0.05,0.5,,,A,opposed_binary_state_preferences_v1,binary_stay_switch_a0_0p1_a1_0p9_v1,1,A,A,0.99,0.01,0.01,0.99,0.08079313589591118,0.08079313589591118,0.9192068641040889,disagreement,,,a0,a1,1,H,a0,H,0.0,1.0,False,True,1.0,0.05,0.0,0.05,1.0,0.0,1.0,1,0,1.0,0.0,0,0,1,0.0,0.0,1.0,0,0,,,1,0,1.0,0.0,0,0,0,0,1,0,0,0
scenario1,200,scenario1__H200__eta-exact_empirical__states-endogenous,cfg_01667bf3b8163604afe1,run_426e178132511f80,1,42,exact_empirical,exact_empirical,False,0.2,0.35,,,0.05,0.5,,,A,opposed_binary_state_preferences_v1,binary_stay_switch_a0_0p1_a1_0p9_v1,2,A,B,0.99,1.0,0.01,0.99,0.08079313589591118,0.0,0.005018124385838513,agreement,,,a0,a0,0,AI,a0,AI,1.0,0.5,True,True,0.0,0.0475,0.05,0.05,0.45,0.0,0.45,1,1,0.5,0.5,1,0,1,0.5,0.0,0.5,0,0,,,2,0,1.0,0.0,1,0,0,0,2,0,0,0
scenario1,200,scenario1__H200__eta-exact_empirical__states-endogenous,cfg_01667bf3b8163604afe1,run_426e178132511f80,1,42,exact_empirical,exact_empirical,False,0.2,0.35,,,0.05,0.5,,,A,opposed_binary_state_preferences_v1,binary_stay_switch_a0_0p1_a1_0p9_v1,3,B,A,1.0,1.0,0.01,0.99,0.08079313589591118,0.08079313589591118,0.9192068641040889,disagreement,,,a1,a0,1,H,a1,H,0.0,1.0,False,True,1.0,0.05,0.0,0.05,0.45,1.2025000000000001,1.2025000000000001,2,1,0.6666666666666666,0.3333333333333333,1,0,2,0.3333333333333333,0.0,0.6666666666666666,0,0,,,2,1,0.6666666666666666,0.3333333333333333,1,0,0,0,2,0,0,1
scenario1,200,scenario1__H200__eta-exact_empirical__states-endogenous,cfg_01667bf3b8163604afe1,run_426e178132511f80,1,42,exact_empirical,exact_empirical,False,0.2,0.35,,,0.05,0.5,,,A,opposed_binary_state_preferences_v1,binary_stay_switch_a0_0p1_a1_0p9_v1,4,A,B,1.0,1.0,0.01,0.0,0.0,0.0,0.0,agreement,,,a0,a0,0,AI,a0,AI,0.5,0.3333333333333333,True,True,0.0,0.04286875,0.095125,0.095125,0.262625,1.2025000000000001,0.262625,2,2,0.5,0.5,2,0,2,0.5,0.0,0.5,0,0,,,3,1,0.75,0.25,2,0,0,0,3,0,0,1
scenario1,200,scenario1__H200__eta-exact_empirical__states-endogenous,cfg_01667bf3b8163604afe1,run_426e178132511f80,1,42,exact_empirical,exact_empirical,False,0.2,0.35,,,0.05,0.5,,,A,opposed_binary_state_preferences_v1,binary_stay_switch_a0_0p1_a1_0p9_v1,5,B,A,1.0,1.0,0.01,0.0,0.08079313589591118,0.0,0.005018124385838513,agreement,,,a1,a1,0,AI,a1,AI,1.0,0.5,True,True,0.0,0.045125,0.05,0.05,0.262625,0.17830625,0.17830625,2,3,0.4,0.6,3,0,2,0.6,0.0,0.4,0,0,,,3,2,0.6,0.4,2,0,0,1,3,0,0,2
scenario1,200,scenario1__H200__eta-exact_empirical__states-endogenous,cfg_01667bf3b8163604afe1,run_426e178132511f80,1,42,exact_empirical,exact_empirical,False,0.2,0.35,,,0.05,0.5,,,A,opposed_binary_state_preferences_v1,binary_stay_switch_a0_0p1_a1_0p9_v1,6,A,A,1.0,1.0,0.0,0.0,0.0,0.0,0.0,agreement,,,a0,a0,0,AI,a0,AI,0.3333333333333333,0.25,True,True,0.0,0.038689046874999994,0.13585031250000001,0.13585031250000001,0.1270965625,0.17830625,0.1270965625,2,4,0.3333333333333333,0.6666666666666666,4,0,2,0.6666666666666666,0.0,0.3333333333333333,0,0,,,4,2,0.6666666666666666,0.3333333333333333,3,0,0,1,4,0,0,2
scenario1,200,scenario1__H200__eta-exact_empirical__states-endogenous,cfg_01667bf3b8163604afe1,run_426e178132511f80,1,42,exact_empirical,exact_empirical,False,0.2,0.35,,,0.05,0.5,,,A,opposed_binary_state_preferences_v1,binary_stay_switch_a0_0p1_a1_0p9_v1,7,A,A,1.0,1.0,0.0,0.0,0.0,0.0,0.0,agreement,,,a0,a0,0,AI,a0,AI,0.25,0.2,True,True,0.0,0.03675459453124999,0.179057796875,0.179057796875,0.06610876562500001,0.17830625,0.06610876562500001,2,5,0.2857142857142857,0.7142857142857143,5,0,2,0.7142857142857143,0.0,0.2857142857142857,0,0,,,5,2,0.7142857142857143,0.2857142857142857,4,0,0,1,5,0,0,2
scenario1,200,scenario1__H200__eta-exact_empirical__states-endogenous,cfg_01667bf3b8163604afe1,run_426e178132511f80,1,42,exact_empirical,exact_empirical,False,0.2,0.35,,,0.05,0.5,,,A,opposed_binary_state_preferences_v1,binary_stay_switch_a0_0p1_a1_0p9_v1,8,A,A,1.0,1.0,0.0,0.0,0.0,0.0,0.0,agreement,,,a0,a0,0,AI,a0,AI,0.2,0.16666666666666666,True,True,0.0,0.03491686480468749,0.22010490703125002,0.22010490703125002,0.03866425703125,0.17830625,0.03866425703125,2,6,0.25,0.75,6,0,2,0.75,0.0,0.25,0,0,,,6,2,0.75,0.25,5,0,0,1,6,0,0,2
scenario1,200,scenario1__H200__eta-exact_empirical__states-endogenous,cfg_01667bf3b8163604afe1,run_426e178132511f80,1,42,exact_empirical,exact_empirical,False,0.2,0.35,,,0.05,0.5,,,A,opposed_binary_state_preferences_v1,binary_stay_switch_a0_0p1_a1_0p9_v1,9,A,A,1.0,1.0,0.0,0.0,0.0,0.0,0.0,agreement,,,a0,a0,0,AI,a0,AI,0.16666666666666666,0.14285714285714285,True,True,0.0,0.03317102156445311,0.2590996616796875,0.2590996616796875,0.0263142281640625,0.17830625,0.0263142281640625,2,7,0.2222222222222222,0.7777777777777778,7,0,2,0.7777777777777778,0.0,0.2222222222222222,0,0,,,7,2,0.7777777777777778,0.2222222222222222,6,0,0,1,7,0,0,2
scenario1,200,scenario1__H200__eta-exact_empirical__states-endogenous,cfg_01667bf3b8163604afe1,run_426e178132511f80,1,42,exact_empirical,exact_empirical,False,0.2,0.35,,,0.05,0.5,,,A,opposed_binary_state_preferences_v1,binary_stay_switch_a0_0p1_a1_0p9_v1,10,A,A,1.0,1.0,0.0,0.0,0.0,0.0,0.0,agreement,,,a0,a0,0,AI,a0,AI,0.14285714285714285,0.125,True,True,0.0,0.03151247048623045,0.29614467859570315,0.29614467859570315,0.020756715173828127,0.17830625,0.020756715173828127,2,8,0.2,0.8,8,0,2,0.8,0.0,0.2,0,0,,,8,2,0.8,0.2,7,0,0,1,8,0,0,2
scenario1,200,scenario1__H200__eta-exact_empirical__states-endogenous,cfg_01667bf3b8163604afe1,run_426e178132511f80,1,42,exact_empirical,exact_empirical,False,0.2,0.35,,,0.05,0.5,,,A,opposed_binary_state_preferences_v1,binary_stay_switch_a0_0p1_a1_0p9_v1,11,A,A,1.0,1.0,0.0,0.0,0.0,0.0,0.0,agreement,,,a0,a0,0,AI,a0,AI,0.125,0.1111111111111111,True,True,0.0,0.02993684696191893,0.33133744466591797,0.33133744466591797,0.018255834328222656,0.17830625,0.018255834328222656,2,9,0.18181818181818182,0.8181818181818182,9,0,2,0.8181818181818182,0.0,0.18181818181818182,0,0,,,9,2,0.8181818181818182,0.18181818181818182,8,0,0,1,9,0,0,2
scenario1,200,scenario1__H200__eta-exact_empirical__states-endogenous,cfg_01667bf3b8163604afe1,run_426e178132511f80,1,42,exact_empirical,exact_empirical,False,0.2,0.35,,,0.05,0.5,,,A,opposed_binary_state_preferences_v1,binary_stay_switch_a0_0p1_a1_0p9_v1,12,A,A,1.0,1.0,0.0,0.0,0.0,0.0,0.0,agreement,,,a0,a0,0,AI,a0,AI,0.1111111111111111,0.1,True,True,0.0,0.028440004613822983,0.36477057243262206,0.36477057243262206,0.017130437947700194,0.17830625,0.017130437947700194,2,10,0.16666666666666666,0.8333333333333334,10,0,2,0.8333333333333334,0.0,0.16666666666666666,0,0,,,10,2,0.8333333333333334,0.16666666666666666,9,0,0,1,10,0,0,2
scenario1,200,scenario1__H200__eta-exact_empirical__states-endogenous,cfg_01667bf3b8163604afe1,run_426e178132511f80,1,42,exact_empirical,exact_empirical,False,0.2,0.35,,,0.05,0.5,,,A,opposed_binary_state_preferences_v1,binary_stay_switch_a0_0p1_a1_0p9_v1,13,A,A,1.0,1.0,0.0,0.0,0.0,0.0,0.0,agreement,,,a0,a0,0,AI,a0,AI,0.1,0.09090909090909091,True,True,0.0,0.027018004383131834,0.39653204381099094,0.39653204381099094,0.016624009576465086,0.17830625,0.016624009576465086,2,11,0.15384615384615385,0.8461538461538461,11,0,2,0.8461538461538461,0.0,0.15384615384615385,0,0,,,11,2,0.8461538461538461,0.15384615384615385,10,0,0,1,11,0,0,2
scenario1,200,scenario1__H200__eta-exact_empirical__states-endogenous,cfg_01667bf3b8163604afe1,run_426e178132511f80,1,42,exact_empirical,exact_empirical,False,0.2,0.35,,,0.05,0.5,,,A,opposed_binary_state_preferences_v1,binary_stay_switch_a0_0p1_a1_0p9_v1,14,A,A,1.0,1.0,0.0,0.0,0.0,0.0,0.0,agreement,,,a0,a0,0,AI,a0,AI,0.09090909090909091,0.08333333333333333,True,True,0.0,0.02566710416397524,0.4267054416204414,0.4267054416204414,0.01639611680940929,0.17830625,0.01639611680940929,2,12,0.14285714285714285,0.8571428571428571,12,0,2,0.8571428571428571,0.0,0.14285714285714285,0,0,,,12,2,0.8571428571428571,0.14285714285714285,11,0,0,1,12,0,0,2
scenario1,200,scenario1__H200__eta-exact_empirical__states-endogenous,cfg_01667bf3b8163604afe1,run_426e178132511f80,1,42,exact_empirical,exact_empirical,False,0.2,0.35,,,0.05,0.5,,,A,opposed_binary_state_preferences_v1,binary_stay_switch_a0_0p1_a1_0p9_v1,15,A,A,1.0,1.0,0.0,0.0,0.0,0.0,0.0,agreement,,,a0,a0,0,AI,a0,AI,0.08333333333333333,0.07692307692307693,True,True,0.0,0.024383748955776476,0.4553701695394193,0.4553701695394193,0.01629356506423418,0.17830625,0.01629356506423418,2,13,0.13333333333333333,0.8666666666666667,13,0,2,0.8666666666666667,0.0,0.13333333333333333,0,0,,,13,2,0.8666666666666667,0.13333333333333333,12,0,0,1,13,0,0,2
scenario1,200,scenario1__H200__eta-exact_empirical__states-endogenous,cfg_01667bf3b8163604afe1,run_426e178132511f80,1,42,exact_empirical,exact_empirical,False,0.2,0.35,,,0.05,0.5,,,A,opposed_binary_state_preferences_v1,binary_stay_switch_a0_0p1_a1_0p9_v1,16,A,A,1.0,1.0,0.0,0.0,0.0,0.0,0.0,agreement,,,a0,a0,0,AI,a0,AI,0.07692307692307693,0.07142857142857142,True,True,0.0,0.023164561507987652,0.4826016610624483,0.4826016610624483,0.016247416778905382,0.17830625,0.016247416778905382,2,14,0.125,0.875,14,0,2,0.875,0.0,0.125,0,0,,,14,2,0.875,0.125,13,0,0,1,14,0,0,2
scenario1,200,scenario1__H200__eta-exact_empirical__states-endogenous,cfg_01667bf3b8163604afe1,run_426e178132511f80,1,42,exact_empirical,exact_empirical,False,0.2,0.35,,,0.05,0.5,,,A,opposed_binary_state_preferences_v1,binary_stay_switch_a0_0p1_a1_0p9_v1,17,A,A,1.0,1.0,0.0,0.0,0.0,0.0,0.0,agreement,,,a0,a0,0,AI,a0,AI,0.07142857142857142,0.06666666666666667,True,True,0.0,0.02200633343258827,0.5084715780093259,0.5084715780093259,0.01622665005050742,0.17830625,0.01622665005050742,2,15,0.11764705882352941,0.8823529411764706,15,0,2,0.8823529411764706,0.0,0.11764705882352941,0,0,,,15,2,0.8823529411764706,0.11764705882352941,14,0,0,1,15,0,0,2
scenario1,200,scenario1__H200__eta-exact_empirical__states-endogenous,cfg_01667bf3b8163604afe1,run_426e178132511f80,1,42,exact_empirical,exact_empirical,False,0.2,0.35,,,0.05,0.5,,,A,opposed_binary_state_preferences_v1,binary_stay_switch_a0_0p1_a1_0p9_v1,18,A,A,1.0,1.0,0.0,0.0,0.0,0.0,0.0,agreement,,,a0,a0,0,AI,a0,AI,0.06666666666666667,0.0625,True,True,0.0,0.020906016760958854,0.5330479991088596,0.5330479991088596,0.016217305022728338,0.17830625,0.016217305022728338,2,16,0.1111111111111111,0.8888888888888888,16,0,2,0.8888888888888888,0.0,0.1111111111111111,0,0,,,16,2,0.8888888888888888,0.1111111111111111,15,0,0,1,16,0,0,2
scenario1,200,scenario1__H200__eta-exact_empirical__states-endogenous,cfg_01667bf3b8163604afe1,run_426e178132511f80,1,42,exact_empirical,exact_empirical,False,0.2,0.35,,,0.05,0.5,,,A,opposed_binary_state_preferences_v1,binary_stay_switch_a0_0p1_a1_0p9_v1,19,A,A,1.0,1.0,0.0,0.0,0.0,0.0,0.0,agreement,,,a0,a0,0,AI,a0,AI,0.0625,0.058823529411764705,True,True,0.0,0.019860715922910912,0.5563955991534166,0.5563955991534166,0.01621309976022775,0.17830625,0.01621309976022775,2,17,0.10526315789473684,0.8947368421052632,17,0,2,0.8947368421052632,0.0,0.10526315789473684,0,0,,,17,2,0.8947368421052632,0.10526315789473684,16,0,0,1,17,0,0,2
scenario1,200,scenario1__H200__eta-exact_empirical__states-endogenous,cfg_01667bf3b8163604afe1,run_426e178132511f80,1,42,exact_empirical,exact_empirical,False,0.2,0.35,,,0.05,0.5,,,A,opposed_binary_state_preferences_v1,binary_stay_switch_a0_0p1_a1_0p9_v1,20,A,A,1.0,1.0,0.0,0.0,0.0,0.0,0.0,agreement,,,a0,a0,0,AI,a0,AI,0.058823529411764705,0.05555555555555555,True,True,0.0,0.018867680126765367,0.5785758191957459,0.5785758191957459,0.016211207392102488,0.17830625,0.016211207392102488,2,18,0.1,0.9,18,0,2,0.9,0.0,0.1,0,0,,,18,2,0.9,0.1,17,0,0,1,18,0,0,2
scenario1,200,scenario1__H200__eta-exact_empirical__states-endogenous,cfg_01667bf3b8163604afe1,run_426e178132511f80,1,42,exact_empirical,exact_empirical,False,0.2,0.35,,,0.05,0.5,,,A,opposed_binary_state_preferences_v1,binary_stay_switch_a0_0p1_a1_0p9_v1,21,A,A,1.0,1.0,0.0,0.0,0.0,0.0,0.0,agreement,,,a0,a0,0,AI,a0,AI,0.05555555555555555,0.05263157894736842,True,True,0.0,0.017924296120427098,0.5996470282359586,0.5996470282359586,0.01621035582644612,0.17830625,0.01621035582644612,2,19,0.09523809523809523,0.9047619047619048,19,0,2,0.9047619047619048,0.0,0.09523809523809523,0,0,,,19,2,0.9047619047619048,0.09523809523809523,18,0,0,1,19,0,0,2
scenario1,200,scenario1__H200__eta-exact_empirical__states-endogenous,cfg_01667bf3b8163604afe1,run_426e178132511f80,1,42,exact_empirical,exact_empirical,False,0.2,0.35,,,0.05,0.5,,,A,opposed_binary_state_preferences_v1,binary_stay_switch_a0_0p1_a1_0p9_v1,22,A,A,1.0,1.0,0.0,0.0,0.0,0.0,0.0,agreement,,,a0,a0,0,AI,a0,AI,0.05263157894736842,0.05,True,True,0.0,0.01702808131440574,0.6196646768241607,0.6196646768241607,0.016209972621900753,0.17830625,0.016209972621900753,2,20,0.09090909090909091,0.9090909090909091,20,0,2,0.9090909090909091,0.0,0.09090909090909091,0,0,,,20,2,0.9090909090909091,0.09090909090909091,19,0,0,1,20,0,0,2
scenario1,200,scenario1__H200__eta-exact_empirical__states-endogenous,cfg_01667bf3b8163604afe1,run_426e178132511f80,1,42,exact_empirical,exact_empirical,False,0.2,0.35,,,0.05,0.5,,,A,opposed_binary_state_preferences_v1,binary_stay_switch_a0_0p1_a1_0p9_v1,23,A,A,1.0,1.0,0.0,0.0,0.0,0.0,0.0,agreement,,,a0,a0,0,AI,a0,AI,0.05,0.047619047619047616,True,True,0.0,0.016176677248685455,0.6386814429829527,0.6386814429829527,0.01620980017985534,0.17830625,0.01620980017985534,2,21,0.08695652173913043,0.9130434782608695,21,0,2,0.9130434782608695,0.0,0.08695652173913043,0,0,,,21,2,0.9130434782608695,0.08695652173913043,20,0,0,1,21,0,0,2
scenario1,200,scenario1__H200__eta-exact_empirical__states-endogenous,cfg_01667bf3b8163604afe1,run_426e178132511f80,1,42,exact_empirical,exact_empirical,False,0.2,0.35,,,0.05,0.5,,,A,opposed_binary_state_preferences_v1,binary_stay_switch_a0_0p1_a1_0p9_v1,24,A,A,1.0,1.0,0.0,0.0,0.0,0.0,0.0,agreement,,,a0,a0,0,AI,a0,AI,0.047619047619047616,0.045454545454545456,True,True,0.0,0.015367843386251181,0.6567473708338051,0.6567473708338051,0.0162097225809349,0.17830625,0.0162097225809349,2,22,0.08333333333333333,0.9166666666666666,22,0,2,0.9166666666666666,0.0,0.08333333333333333,0,0,,,22,2,0.9166666666666666,0.08333333333333333,21,0,0,1,22,0,0,2
scenario1,200,scenario1__H200__eta-exact_empirical__states-endogenous,cfg_01667bf3b8163604afe1,run_426e178132511f80,1,42,exact_empirical,exact_empirical,False,0.2,0.35,,,0.05,0.5,,,A,opposed_binary_state_preferences_v1,binary_stay_switch_a0_0p1_a1_0p9_v1,25,A,A,1.0,1.0,0.0,0.0,0.0,0.0,0.0,agreement,,,a0,a0,0,AI,a0,AI,0.045454545454545456,0.043478260869565216,True,True,0.0,0.014599451216938621,0.6739100022921148,0.6739100022921148,0.016209687661420703,0.17830625,0.016209687661420703,2,23,0.08,0.92,23,0,2,0.92,0.0,0.08,0,0,,,23,2,0.92,0.08,22,0,0,1,23,0,0,2
scenario1,200,scenario1__H200__eta-exact_empirical__states-endogenous,cfg_01667bf3b8163604afe1,run_426e178132511f80,1,42,exact_empirical,exact_empirical,False,0.2,0.35,,,0.05,0.5,,,A,opposed_binary_state_preferences_v1,binary_stay_switch_a0_0p1_a1_0p9_v1,26,A,A,1.0,1.0,0.0,0.0,0.0,0.0,0.0,agreement,,,a0,a0,0,AI,a0,AI,0.043478260869565216,0.041666666666666664,True,True,0.0,0.013869478656091689,0.6902145021775091,0.6902145021775091,0.016209671947639316,0.17830625,0.016209671947639316,2,24,0.07692307692307693,0.9230769230769231,24,0,2,0.9230769230769231,0.0,0.07692307692307693,0,0,,,24,2,0.9230769230769231,0.07692307692307693,23,0,0,1,24,0,0,2
scenario1,200,scenario1__H200__eta-exact_empirical__states-endogenous,cfg_01667bf3b8163604afe1,run_426e178132511f80,1,42,exact_empirical,exact_empirical,False,0.2,0.35,,,0.05,0.5,,,A,opposed_binary_state_preferences_v1,binary_stay_switch_a0_0p1_a1_0p9_v1,27,A,A,1.0,1.0,0.0,0.0,0.0,0.0,0.0,agreement,,,a0,a0,0,AI,a0,AI,0.041666666666666664,0.04,True,True,0.0,0.013176004723287104,0.7057037770686336,0.7057037770686336,0.016209664876437692,0.17830625,0.016209664876437692,2,25,0.07407407407407407,0.9259259259259259,25,0,2,0.9259259259259259,0.0,0.07407407407407407,0,0,,,25,2,0.9259259259259259,0.07407407407407407,24,0,0,1,25,0,0,2
scenario1,200,scenario1__H200__eta-exact_empirical__states-endogenous,cfg_01667bf3b8163604afe1,run_426e178132511f80,1,42,exact_empirical,exact_empirical,False,0.2,0.35,,,0.05,0.5,,,A,opposed_binary_state_preferences_v1,binary_stay_switch_a0_0p1_a1_0p9_v1,28,A,A,1.0,1.0,0.0,0.0,0.0,0.0,0.0,agreement,,,a0,a0,0,AI,a0,AI,0.04,0.038461538461538464,True,True,0.0,0.012517204487122747,0.720418588215202,0.720418588215202,0.01620966169439696,0.17830625,0.01620966169439696,2,26,0.07142857142857142,0.9285714285714286,26,0,2,0.9285714285714286,0.0,0.07142857142857142,0,0,,,26,2,0.9285714285714286,0.07142857142857142,25,0,0,1,26,0,0,2
scenario1,200,scenario1__H200__eta-exact_empirical__states-endogenous,cfg_01667bf3b8163604afe1,run_426e178132511f80,1,42,exact_empirical,exact_empirical,False,0.2,0.35,,,0.05,0.5,,,A,opposed_binary_state_preferences_v1,binary_stay_switch_a0_0p1_a1_0p9_v1,29,A,A,1.0,1.0,0.0,0.0,0.0,0.0,0.0,agreement,,,a0,a0,0,AI,a0,AI,0.038461538461538464,0.037037037037037035,True,True,0.0,0.011891344262766609,0.7343976588044419,0.7343976588044419,0.01620966026247863,0.17830625,0.01620966026247863,2,27,0.06896551724137931,0.9310344827586207,27,0,2,0.9310344827586207,0.0,0.06896551724137931,0,0,,,27,2,0.9310344827586207,0.06896551724137931,26,0,0,1,27,0,0,2
scenario1,200,scenario1__H200__eta-exact_empirical__states-endogenous,cfg_01667bf3b8163604afe1,run_426e178132511f80,1,42,exact_empirical,exact_empirical,False,0.2,0.35,,,0.05,0.5,,,A,opposed_binary_state_preferences_v1,binary_stay_switch_a0_0p1_a1_0p9_v1,30,A,A,1.0,1.0,0.0,0.0,0.0,0.0,0.0,agreement,,,a0,a0,0,AI,a0,AI,0.037037037037037035,0.03571428571428571,True,True,0.0,0.011296777049628278,0.7476777758642198,0.7476777758642198,0.016209659618115383,0.17830625,0.016209659618115383,2,28,0.06666666666666667,0.9333333333333333,28,0,2,0.9333333333333333,0.0,0.06666666666666667,0,0,,,28,2,0.9333333333333333,0.06666666666666667,27,0,0,1,28,0,0,2
scenario1,200,scenario1__H200__eta-exact_empirical__states-endogenous,cfg_01667bf3b8163604afe1,run_426e178132511f80,1,42,exact_empirical,exact_empirical,False,0.2,0.35,,,0.05,0.5,,,A,opposed_binary_state_preferences_v1,binary_stay_switch_a0_0p1_a1_0p9_v1,31,A,A,1.0,1.0,0.0,0.0,0.0,0.0,0.0,agreement,,,a0,a0,0,AI,a0,AI,0.03571428571428571,0.034482758620689655,True,True,0.0,0.010731938197146863,0.7602938870710089,0.7602938870710089,0.016209659328151924,0.17830625,0.016209659328151924,2,29,0.06451612903225806,0.9354838709677419,29,0,2,0.9354838709677419,0.0,0.06451612903225806,0,0,,,29,2,0.9354838709677419,0.06451612903225806,28,0,0,1,29,0,0,2
scenario1,200,scenario1__H200__eta-exact_empirical__states-endogenous,cfg_01667bf3b8163604afe1,run_426e178132511f80,1,42,exact_empirical,exact_empirical,False,0.2,0.35,,,0.05,0.5,,,A,opposed_binary_state_preferences_v1,binary_stay_switch_a0_0p1_a1_0p9_v1,32,A,A,1.0,1.0,0.0,0.0,0.0,0.0,0.0,agreement,,,a0,a0,0,AI,a0,AI,0.034482758620689655,0.03333333333333333,True,True,0.0,0.010195341287289519,0.7722791927174585,0.7722791927174585,0.016209659197668366,0.17830625,0.016209659197668366,2,30,0.0625,0.9375,30,0,2,0.9375,0.0,0.0625,0,0,,,30,2,0.9375,0.0625,29,0,0,1,30,0,0,2
scenario1,200,scenario1__H200__eta-exact_empirical__states-endogenous,cfg_01667bf3b8163604afe1,run_426e178132511f80,1,42,exact_empirical,exact_empirical,False,0.2,0.35,,,0.05,0.5,,,A,opposed_binary_state_preferences_v1,binary_stay_switch_a0_0p1_a1_0p9_v1,33,A,A,1.0,1.0,0.0,0.0,0.0,0.0,0.0,agreement,,,a0,a0,0,AI,a0,AI,0.03333333333333333,0.03225806451612903,True,True,0.0,0.009685574222925042,0.7836652330815855,0.7836652330815855,0.016209659138950765,0.17830625,0.016209659138950765,2,31,0.06060606060606061,0.9393939393939394,31,0,2,0.9393939393939394,0.0,0.06060606060606061,0,0,,,31,2,0.9393939393939394,0.06060606060606061,30,0,0,1,31,0,0,2
scenario1,200,scenario1__H200__eta-exact_empirical__states-endogenous,cfg_01667bf3b8163604afe1,run_426e178132511f80,1,42,exact_empirical,exact_empirical,False,0.2,0.35,,,0.05,0.5,,,A,opposed_binary_state_preferences_v1,binary_stay_switch_a0_0p1_a1_0p9_v1,34,A,A,1.0,1.0,0.0,0.0,0.0,0.0,0.0,agreement,,,a0,a0,0,AI,a0,AI,0.03225806451612903,0.03125,True,True,0.0,0.00920129551177879,0.7944819714275063,0.7944819714275063,0.016209659112527842,0.17830625,0.016209659112527842,2,32,0.058823529411764705,0.9411764705882353,32,0,2,0.9411764705882353,0.0,0.058823529411764705,0,0,,,32,2,0.9411764705882353,0.058823529411764705,31,0,0,1,32,0,0,2
scenario1,200,scenario1__H200__eta-exact_empirical__states-endogenous,cfg_01667bf3b8163604afe1,run_426e178132511f80,1,42,exact_empirical,exact_empirical,False,0.2,0.35,,,0.05,0.5,,,A,opposed_binary_state_preferences_v1,binary_stay_switch_a0_0p1_a1_0p9_v1,35,A,A,1.0,1.0,0.0,0.0,0.0,0.0,0.0,agreement,,,a0,a0,0,AI,a0,AI,0.03125,0.030303030303030304,True,True,0.0,0.00874123073618985,0.804757872856131,0.804757872856131,0.016209659100637527,0.17830625,0.016209659100637527,2,33,0.05714285714285714,0.9428571428571428,33,0,2,0.9428571428571428,0.0,0.05714285714285714,0,0,,,33,2,0.9428571428571428,0.05714285714285714,32,0,0,1,33,0,0,2
scenario1,200,scenario1__H200__eta-exact_empirical__states-endogenous,cfg_01667bf3b8163604afe1,run_426e178132511f80,1,42,exact_empirical,exact_empirical,False,0.2,0.35,,,0.05,0.5,,,A,opposed_binary_state_preferences_v1,binary_stay_switch_a0_0p1_a1_0p9_v1,36,A,A,1.0,1.0,0.0,0.0,0.0,0.0,0.0,agreement,,,a0,a0,0,AI,a0,AI,0.030303030303030304,0.029411764705882353,True,True,0.0,0.008304169199380356,0.8145199792133244,0.8145199792133244,0.016209659095286887,0.17830625,0.016209659095286887,2,34,0.05555555555555555,0.9444444444444444,34,0,2,0.9444444444444444,0.0,0.05555555555555555,0,0,,,34,2,0.9444444444444444,0.05555555555555555,33,0,0,1,34,0,0,2
scenario1,200,scenario1__H200__eta-exact_empirical__states-endogenous,cfg_01667bf3b8163604afe1,run_426e178132511f80,1,42,exact_empirical,exact_empirical,False,0.2,0.35,,,0.05,0.5,,,A,opposed_binary_state_preferences_v1,binary_stay_switch_a0_0p1_a1_0p9_v1,37,A,A,1.0,1.0,0.0,0.0,0.0,0.0,0.0,agreement,,,a0,a0,0,AI,a0,AI,0.029411764705882353,0.02857142857142857,True,True,0.0,0.007888960739411338,0.8237939802526582,0.8237939802526582,0.016209659092879098,0.17830625,0.016209659092879098,2,35,0.05405405405405406,0.9459459459459459,35,0,2,0.9459459459459459,0.0,0.05405405405405406,0,0,,,35,2,0.9459459459459459,0.05405405405405406,34,0,0,1,35,0,0,2
scenario1,200,scenario1__H200__eta-exact_empirical__states-endogenous,cfg_01667bf3b8163604afe1,run_426e178132511f80,1,42,exact_empirical,exact_empirical,False,0.2,0.35,,,0.05,0.5,,,A,opposed_binary_state_preferences_v1,binary_stay_switch_a0_0p1_a1_0p9_v1,38,A,A,1.0,1.0,0.0,0.0,0.0,0.0,0.0,agreement,,,a0,a0,0,AI,a0,AI,0.02857142857142857,0.027777777777777776,True,True,0.0,0.0074945127024407705,0.8326042812400253,0.8326042812400253,0.016209659091795593,0.17830625,0.016209659091795593,2,36,0.05263157894736842,0.9473684210526315,36,0,2,0.9473684210526315,0.0,0.05263157894736842,0,0,,,36,2,0.9473684210526315,0.05263157894736842,35,0,0,1,36,0,0,2
scenario1,200,scenario1__H200__eta-exact_empirical__states-endogenous,cfg_01667bf3b8163604afe1,run_426e178132511f80,1,42,exact_empirical,exact_empirical,False,0.2,0.35,,,0.05,0.5,,,A,opposed_binary_state_preferences_v1,binary_stay_switch_a0_0p1_a1_0p9_v1,39,A,A,1.0,1.0,0.0,0.0,0.0,0.0,0.0,agreement,,,a0,a0,0,AI,a0,AI,0.027777777777777776,0.02702702702702703,True,True,0.0,0.007119787067318732,0.840974067178024,0.840974067178024,0.016209659091308018,0.17830625,0.016209659091308018,2,37,0.05128205128205128,0.9487179487179487,37,0,2,0.9487179487179487,0.0,0.05128205128205128,0,0,,,37,2,0.9487179487179487,0.05128205128205128,36,0,0,1,37,0,0,2
scenario1,200,scenario1__H200__eta-exact_empirical__states-endogenous,cfg_01667bf3b8163604afe1,run_426e178132511f80,1,42,exact_empirical,exact_empirical,False,0.2,0.35,,,0.05,0.5,,,A,opposed_binary_state_preferences_v1,binary_stay_switch_a0_0p1_a1_0p9_v1,40,A,A,1.0,1.0,0.0,0.0,0.0,0.0,0.0,agreement,,,a0,a0,0,AI,a0,AI,0.02702702702702703,0.02631578947368421,True,True,0.0,0.006763797713952795,0.8489253638191229,0.8489253638191229,0.016209659091088607,0.17830625,0.016209659091088607,2,38,0.05,0.95,38,0,2,0.95,0.0,0.05,0,0,,,38,2,0.95,0.05,37,0,0,1,38,0,0,2
scenario1,200,scenario1__H200__eta-exact_empirical__states-endogenous,cfg_01667bf3b8163604afe1,run_426e178132511f80,1,42,exact_empirical,exact_empirical,False,0.2,0.35,,,0.05,0.5,,,A,opposed_binary_state_preferences_v1,binary_stay_switch_a0_0p1_a1_0p9_v1,41,A,A,1.0,1.0,0.0,0.0,0.0,0.0,0.0,agreement,,,a0,a0,0,AI,a0,AI,0.02631578947368421,0.02564102564102564,True,True,0.0,0.006425607828255154,0.8564790956281667,0.8564790956281667,0.016209659090989873,0.17830625,0.016209659090989873,2,39,0.04878048780487805,0.9512195121951219,39,0,2,0.9512195121951219,0.0,0.04878048780487805,0,0,,,39,2,0.9512195121951219,0.04878048780487805,38,0,0,1,39,0,0,2
scenario1,200,scenario1__H200__eta-exact_empirical__states-endogenous,cfg_01667bf3b8163604afe1,run_426e178132511f80,1,42,exact_empirical,exact_empirical,False,0.2,0.35,,,0.05,0.5,,,A,opposed_binary_state_preferences_v1,binary_stay_switch_a0_0p1_a1_0p9_v1,42,A,A,1.0,1.0,0.0,0.0,0.0,0.0,0.0,agreement,,,a0,a0,0,AI,a0,AI,0.02564102564102564,0.025,True,True,0.0,0.006104327436842396,0.8636551408467584,0.8636551408467584,0.016209659090945443,0.17830625,0.016209659090945443,2,40,0.047619047619047616,0.9523809523809523,40,0,2,0.9523809523809523,0.0,0.047619047619047616,0,0,,,40,2,0.9523809523809523,0.047619047619047616,39,0,0,1,40,0,0,2
scenario1,200,scenario1__H200__eta-exact_empirical__states-endogenous,cfg_01667bf3b8163604afe1,run_426e178132511f80,1,42,exact_empirical,exact_empirical,False,0.2,0.35,,,0.05,0.5,,,A,opposed_binary_state_preferences_v1,binary_stay_switch_a0_0p1_a1_0p9_v1,43,A,A,1.0,1.0,0.0,0.0,0.0,0.0,0.0,agreement,,,a0,a0,0,AI,a0,AI,0.025,0.024390243902439025,True,True,0.0,0.005799111065000276,0.8704723838044205,0.8704723838044205,0.01620965909092545,0.17830625,0.01620965909092545,2,41,0.046511627906976744,0.9534883720930233,41,0,2,0.9534883720930233,0.0,0.046511627906976744,0,0,,,41,2,0.9534883720930233,0.046511627906976744,40,0,0,1,41,0,0,2
scenario1,200,scenario1__H200__eta-exact_empirical__states-endogenous,cfg_01667bf3b8163604afe1,run_426e178132511f80,1,42,exact_empirical,exact_empirical,False,0.2,0.35,,,0.05,0.5,,,A,opposed_binary_state_preferences_v1,binary_stay_switch_a0_0p1_a1_0p9_v1,44,A,B,1.0,1.0,0.0,0.0,0.0,0.0,0.0,agreement,,,a0,a0,0,AI,a0,AI,0.024390243902439025,0.023809523809523808,True,True,0.0,0.005509155511750262,0.8769487646141995,0.8769487646141995,0.016209659090916453,0.17830625,0.016209659090916453,2,42,0.045454545454545456,0.9545454545454546,42,0,2,0.9545454545454546,0.0,0.045454545454545456,0,0,,,42,2,0.9545454545454546,0.045454545454545456,41,0,0,1,42,0,0,2
scenario1,200,scenario1__H200__eta-exact_empirical__states-endogenous,cfg_01667bf3b8163604afe1,run_426e178132511f80,1,42,exact_empirical,exact_empirical,False,0.2,0.35,,,0.05,0.5,,,A,opposed_binary_state_preferences_v1,binary_stay_switch_a0_0p1_a1_0p9_v1,45,B,A,1.0,1.0,0.0,0.0,0.0,0.0,0.0,agreement,,,a1,a1,0,AI,a1,AI,0.5,0.3333333333333333,True,True,0.0,0.005799111065000276,0.056425607828255155,0.056425607828255155,0.016209659090916453,0.016209659090912404,0.016209659090912404,2,43,0.044444444444444446,0.9555555555555556,43,0,2,0.9555555555555556,0.0,0.044444444444444446,0,0,,,42,3,0.9333333333333333,0.06666666666666667,41,0,0,2,42,0,0,3
scenario1,200,scenario1__H200__eta-exact_empirical__states-endogenous,cfg_01667bf3b8163604afe1,run_426e178132511f80,1,42,exact_empirical,exact_empirical,False,0.2,0.35,,,0.05,0.5,,,A,opposed_binary_state_preferences_v1,binary_stay_switch_a0_0p1_a1_0p9_v1,46,A,A,1.0,1.0,0.0,0.0,0.0,0.0,0.0,agreement,,,a0,a0,0,AI,a0,AI,0.023809523809523808,0.023255813953488372,True,True,0.0,0.0049720128493546106,0.841446260064315,0.841446260064315,0.008104829545458025,0.016209659090912404,0.008104829545458025,2,44,0.043478260869565216,0.9565217391304348,44,0,2,0.9565217391304348,0.0,0.043478260869565216,0,0,,,43,3,0.9347826086956522,0.06521739130434782,42,0,0,2,43,0,0,3
scenario1,200,scenario1__H200__eta-exact_empirical__states-endogenous,cfg_01667bf3b8163604afe1,run_426e178132511f80,1,42,exact_empirical,exact_empirical,False,0.2,0.35,,,0.05,0.5,,,A,opposed_binary_state_preferences_v1,binary_stay_switch_a0_0p1_a1_0p9_v1,47,A,A,1.0,1.0,0.0,0.0,0.0,0.0,0.0,agreement,,,a0,a0,0,AI,a0,AI,0.023255813953488372,0.022727272727272728,True,True,0.0,0.00472341220688688,0.8493739470610993,0.8493739470610993,0.004457656250001732,0.016209659090912404,0.004457656250001732,2,45,0.0425531914893617,0.9574468085106383,45,0,2,0.9574468085106383,0.0,0.0425531914893617,0,0,,,44,3,0.9361702127659575,0.06382978723404255,43,0,0,2,44,0,0,3
scenario1,200,scenario1__H200__eta-exact_empirical__states-endogenous,cfg_01667bf3b8163604afe1,run_426e178132511f80,1,42,exact_empirical,exact_empirical,False,0.2,0.35,,,0.05,0.5,,,A,opposed_binary_state_preferences_v1,binary_stay_switch_a0_0p1_a1_0p9_v1,48,A,A,1.0,1.0,0.0,0.0,0.0,0.0,0.0,agreement,,,a0,a0,0,AI,a0,AI,0.022727272727272728,0.022222222222222223,True,True,0.0,0.004487241596542535,0.8569052497080443,0.8569052497080443,0.0028164282670464,0.016209659090912404,0.0028164282670464,2,46,0.041666666666666664,0.9583333333333334,46,0,2,0.9583333333333334,0.0,0.041666666666666664,0,0,,,45,3,0.9375,0.0625,44,0,0,2,45,0,0,3
scenario1,200,scenario1__H200__eta-exact_empirical__states-endogenous,cfg_01667bf3b8163604afe1,run_426e178132511f80,1,42,exact_empirical,exact_empirical,False,0.2,0.35,,,0.05,0.5,,,A,opposed_binary_state_preferences_v1,binary_stay_switch_a0_0p1_a1_0p9_v1,49,A,A,1.0,1.0,0.0,0.0,0.0,0.0,0.0,agreement,,,a0,a0,0,AI,a0,AI,0.022222222222222223,0.021739130434782608,True,True,0.0,0.004262879516715408,0.8640599872226421,0.8640599872226421,0.0020778756747165004,0.016209659090912404,0.0020778756747165004,2,47,0.04081632653061224,0.9591836734693877,47,0,2,0.9591836734693877,0.0,0.04081632653061224,0,0,,,46,3,0.9387755102040817,0.061224489795918366,45,0,0,2,46,0,0,3
scenario1,200,scenario1__H200__eta-exact_empirical__states-endogenous,cfg_01667bf3b8163604afe1,run_426e178132511f80,1,42,exact_empirical,exact_empirical,False,0.2,0.35,,,0.05,0.5,,,A,opposed_binary_state_preferences_v1,binary_stay_switch_a0_0p1_a1_0p9_v1,50,A,A,1.0,1.0,0.0,0.0,0.0,0.0,0.0,agreement,,,a0,a0,0,AI,a0,AI,0.021739130434782608,0.02127659574468085,True,True,0.0,0.004049735540879638,0.87085698786151,0.87085698786151,0.0017455270081680454,0.016209659090912404,0.0017455270081680454,2,48,0.04,0.96,48,0,2,0.96,0.0,0.04,0,0,,,47,3,0.94,0.06,46,0,0,2,47,0,0,3
scenario1,200,scenario1__H200__eta-exact_empirical__states-endogenous,cfg_01667bf3b8163604afe1,run_426e178132511f80,1,42,exact_empirical,exact_empirical,False,0.2,0.35,,,0.05,0.5,,,A,opposed_binary_state_preferences_v1,binary_stay_switch_a0_0p1_a1_0p9_v1,51,A,A,1.0,1.0,0.0,0.0,0.0,0.0,0.0,agreement,,,a0,a0,0,AI,a0,AI,0.02127659574468085,0.020833333333333332,True,True,0.0,0.0038472487638356555,0.8773141384684345,0.8773141384684345,0.0015959701082212407,0.016209659090912404,0.0015959701082212407,2,49,0.0392156862745098,0.9607843137254902,49,0,2,0.9607843137254902,0.0,0.0392156862745098,0,0,,,48,3,0.9411764705882353,0.058823529411764705,47,0,0,2,48,0,0,3
scenario1,200,scenario1__H200__eta-exact_empirical__states-endogenous,cfg_01667bf3b8163604afe1,run_426e178132511f80,1,42,exact_empirical,exact_empirical,False,0.2,0.35,,,0.05,0.5,,,A,opposed_binary_state_preferences_v1,binary_stay_switch_a0_0p1_a1_0p9_v1,52,A,A,1.0,1.0,0.0,0.0,0.0,0.0,0.0,agreement,,,a0,a0,0,AI,a0,AI,0.020833333333333332,0.02040816326530612,True,True,0.0,0.0036548863256438725,0.8834484315450128,0.8834484315450128,0.0015286695032451785,0.016209659090912404,0.0015286695032451785,2,50,0.038461538461538464,0.9615384615384616,50,0,2,0.9615384615384616,0.0,0.038461538461538464,0,0,,,49,3,0.9423076923076923,0.057692307692307696,48,0,0,2,49,0,0,3
scenario1,200,scenario1__H200__eta-exact_empirical__states-endogenous,cfg_01667bf3b8163604afe1,run_426e178132511f80,1,42,exact_empirical,exact_empirical,False,0.2,0.35,,,0.05,0.5,,,A,opposed_binary_state_preferences_v1,binary_stay_switch_a0_0p1_a1_0p9_v1,53,A,A,1.0,1.0,0.0,0.0,0.0,0.0,0.0,agreement,,,a0,a0,0,AI,a0,AI,0.02040816326530612,0.02,True,True,0.0,0.0034721420093616786,0.8892760099677622,0.8892760099677622,0.0014983842310059507,0.016209659090912404,0.0014983842310059507,2,51,0.03773584905660377,0.9622641509433962,51,0,2,0.9622641509433962,0.0,0.03773584905660377,0,0,,,50,3,0.9433962264150944,0.05660377358490566,49,0,0,2,50,0,0,3
scenario1,200,scenario1__H200__eta-exact_empirical__states-endogenous,cfg_01667bf3b8163604afe1,run_426e178132511f80,1,42,exact_empirical,exact_empirical,False,0.2,0.35,,,0.05,0.5,,,A,opposed_binary_state_preferences_v1,binary_stay_switch_a0_0p1_a1_0p9_v1,54,A,B,1.0,1.0,0.0,0.0,0.0,0.0,0.0,agreement,,,a0,a0,0,AI,a0,AI,0.02,0.0196078431372549,True,True,0.0,0.0032985349088935946,0.8948122094693741,0.8948122094693741,0.001484755858498298,0.016209659090912404,0.001484755858498298,2,52,0.037037037037037035,0.9629629629629629,52,0,2,0.9629629629629629,0.0,0.037037037037037035,0,0,,,51,3,0.9444444444444444,0.05555555555555555,50,0,0,2,51,0,0,3
scenario1,200,scenario1__H200__eta-exact_empirical__states-endogenous,cfg_01667bf3b8163604afe1,run_426e178132511f80,1,42,exact_empirical,exact_empirical,False,0.2,0.35,,,0.05,0.5,,,A,opposed_binary_state_preferences_v1,binary_stay_switch_a0_0p1_a1_0p9_v1,55,B,A,1.0,1.0,0.0,0.0,0.0,0.0,0.0,agreement,,,a1,a1,0,AI,a1,AI,0.3333333333333333,0.25,True,True,0.0,0.0034721420093616786,0.0837840957257546,0.0837840957257546,0.001484755858498298,0.0014786230908698543,0.0014786230908698543,2,53,0.03636363636363636,0.9636363636363636,53,0,2,0.9636363636363636,0.0,0.03636363636363636,0,0,,,51,4,0.9272727272727272,0.07272727272727272,50,0,0,3,51,0,0,4
scenario1,200,scenario1__H200__eta-exact_empirical__states-endogenous,cfg_01667bf3b8163604afe1,run_426e178132511f80,1,42,exact_empirical,exact_empirical,False,0.2,0.35,,,0.05,0.5,,,A,opposed_binary_state_preferences_v1,binary_stay_switch_a0_0p1_a1_0p9_v1,56,A,A,1.0,1.0,0.0,0.0,0.0,0.0,0.0,agreement,,,a0,a0,0,AI,a0,AI,0.0196078431372549,0.019230769230769232,True,True,0.0,0.002976927755276469,0.8575680190461101,0.8575680190461101,0.0007420712908677269,0.0014786230908698543,0.0007420712908677269,2,54,0.03571428571428571,0.9642857142857143,54,0,2,0.9642857142857143,0.0,0.03571428571428571,0,0,,,52,4,0.9285714285714286,0.07142857142857142,51,0,0,3,52,0,0,4
scenario1,200,scenario1__H200__eta-exact_empirical__states-endogenous,cfg_01667bf3b8163604afe1,run_426e178132511f80,1,42,exact_empirical,exact_empirical,False,0.2,0.35,,,0.05,0.5,,,A,opposed_binary_state_preferences_v1,binary_stay_switch_a0_0p1_a1_0p9_v1,57,A,A,1.0,1.0,0.0,0.0,0.0,0.0,0.0,agreement,,,a0,a0,0,AI,a0,AI,0.019230769230769232,0.018867924528301886,True,True,0.0,0.0028280813675126454,0.8646896180938046,0.8646896180938046,0.0004078632354339698,0.0014786230908698543,0.0004078632354339698,2,55,0.03508771929824561,0.9649122807017544,55,0,2,0.9649122807017544,0.0,0.03508771929824561,0,0,,,53,4,0.9298245614035088,0.07017543859649122,52,0,0,3,53,0,0,4
scenario1,200,scenario1__H200__eta-exact_empirical__states-endogenous,cfg_01667bf3b8163604afe1,run_426e178132511f80,1,42,exact_empirical,exact_empirical,False,0.2,0.35,,,0.05,0.5,,,A,opposed_binary_state_preferences_v1,binary_stay_switch_a0_0p1_a1_0p9_v1,58,A,B,1.0,1.0,0.0,0.0,0.0,0.0,0.0,agreement,,,a0,a0,0,AI,a0,AI,0.018867924528301886,0.018518518518518517,True,True,0.0,0.002686677299137013,0.8714551371891144,0.8714551371891144,0.00025746961048877913,0.0014786230908698543,0.00025746961048877913,2,56,0.034482758620689655,0.9655172413793104,56,0,2,0.9655172413793104,0.0,0.034482758620689655,0,0,,,54,4,0.9310344827586207,0.06896551724137931,53,0,0,3,54,0,0,4
scenario1,200,scenario1__H200__eta-exact_empirical__states-endogenous,cfg_01667bf3b8163604afe1,run_426e178132511f80,1,42,exact_empirical,exact_empirical,False,0.2,0.35,,,0.05,0.5,,,A,opposed_binary_state_preferences_v1,binary_stay_switch_a0_0p1_a1_0p9_v1,59,B,A,1.0,1.0,0.0,0.0,0.0,0.0,0.0,agreement,,,a1,a1,0,AI,a1,AI,0.25,0.2,True,True,0.0,0.0028280813675126454,0.11824266961922539,0.11824266961922539,0.00025746961048877913,0.00018979247926344332,0.00018979247926344332,2,57,0.03389830508474576,0.9661016949152542,57,0,2,0.9661016949152542,0.0,0.03389830508474576,0,0,,,54,5,0.9152542372881356,0.0847457627118644,53,0,0,4,54,0,0,5
scenario1,200,scenario1__H200__eta-exact_empirical__states-endogenous,cfg_01667bf3b8163604afe1,run_426e178132511f80,1,42,exact_empirical,exact_empirical,False,0.2,0.35,,,0.05,0.5,,,A,opposed_binary_state_preferences_v1,binary_stay_switch_a0_0p1_a1_0p9_v1,60,A,A,1.0,1.0,0.0,0.0,0.0,0.0,0.0,agreement,,,a0,a0,0,AI,a0,AI,0.018518518518518517,0.01818181818181818,True,True,0.0,0.002424726262471154,0.8364882613131758,0.8364882613131758,0.0001253509486831228,0.00018979247926344332,0.0001253509486831228,2,58,0.03333333333333333,0.9666666666666667,58,0,2,0.9666666666666667,0.0,0.03333333333333333,0,0,,,55,5,0.9166666666666666,0.08333333333333333,54,0,0,4,55,0,0,5
scenario1,200,scenario1__H200__eta-exact_empirical__states-endogenous,cfg_01667bf3b8163604afe1,run_426e178132511f80,1,42,exact_empirical,exact_empirical,False,0.2,0.35,,,0.05,0.5,,,A,opposed_binary_state_preferences_v1,binary_stay_switch_a0_0p1_a1_0p9_v1,61,A,A,1.0,1.0,0.0,0.0,0.0,0.0,0.0,agreement,,,a0,a0,0,AI,a0,AI,0.01818181818181818,0.017857142857142856,True,True,0.0,0.0023034899493475963,0.844663848247517,0.844663848247517,6.589755087057742e-05,0.00018979247926344332,6.589755087057742e-05,2,59,0.03278688524590164,0.9672131147540983,59,0,2,0.9672131147540983,0.0,0.03278688524590164,0,0,,,56,5,0.9180327868852459,0.08196721311475409,55,0,0,4,56,0,0,5
scenario1,200,scenario1__H200__eta-exact_empirical__states-endogenous,cfg_01667bf3b8163604afe1,run_426e178132511f80,1,42,exact_empirical,exact_empirical,False,0.2,0.35,,,0.05,0.5,,,A,opposed_binary_state_preferences_v1,binary_stay_switch_a0_0p1_a1_0p9_v1,62,A,A,1.0,1.0,0.0,0.0,0.0,0.0,0.0,agreement,,,a0,a0,0,AI,a0,AI,0.017857142857142856,0.017543859649122806,True,True,0.0,0.0021883154518802165,0.8524306558351411,0.8524306558351411,3.9143521854932003e-05,0.00018979247926344332,3.9143521854932003e-05,2,60,0.03225806451612903,0.967741935483871,60,0,2,0.967741935483871,0.0,0.03225806451612903,0,0,,,57,5,0.9193548387096774,0.08064516129032258,56,0,0,4,57,0,0,5
scenario1,200,scenario1__H200__eta-exact_empirical__states-endogenous,cfg_01667bf3b8163604afe1,run_426e178132511f80,1,42,exact_empirical,exact_empirical,False,0.2,0.35,,,0.05,0.5,,,A,opposed_binary_state_preferences_v1,binary_stay_switch_a0_0p1_a1_0p9_v1,63,A,A,1.0,1.0,0.0,0.0,0.0,0.0,0.0,agreement,,,a0,a0,0,AI,a0,AI,0.017543859649122806,0.017241379310344827,True,True,0.0,0.0020788996792862058,0.8598091230433841,0.8598091230433841,2.7104208797891567e-05,0.00018979247926344332,2.7104208797891567e-05,2,61,0.031746031746031744,0.9682539682539683,61,0,2,0.9682539682539683,0.0,0.031746031746031744,0,0,,,58,5,0.9206349206349206,0.07936507936507936,57,0,0,4,58,0,0,5
scenario1,200,scenario1__H200__eta-exact_empirical__states-endogenous,cfg_01667bf3b8163604afe1,run_426e178132511f80,1,42,exact_empirical,exact_empirical,False,0.2,0.35,,,0.05,0.5,,,A,opposed_binary_state_preferences_v1,binary_stay_switch_a0_0p1_a1_0p9_v1,64,A,A,1.0,1.0,0.0,0.0,0.0,0.0,0.0,agreement,,,a0,a0,0,AI,a0,AI,0.017241379310344827,0.01694915254237288,True,True,0.0,0.0019749546953218952,0.8668186668912149,0.8668186668912149,2.1686517922223374e-05,0.00018979247926344332,2.1686517922223374e-05,2,62,0.03125,0.96875,62,0,2,0.96875,0.0,0.03125,0,0,,,59,5,0.921875,0.078125,58,0,0,4,59,0,0,5
scenario1,200,scenario1__H200__eta-exact_empirical__states-endogenous,cfg_01667bf3b8163604afe1,run_426e178132511f80,1,42,exact_empirical,exact_empirical,False,0.2,0.35,,,0.05,0.5,,,A,opposed_binary_state_preferences_v1,binary_stay_switch_a0_0p1_a1_0p9_v1,65,A,A,1.0,1.0,0.0,0.0,0.0,0.0,0.0,agreement,,,a0,a0,0,AI,a0,AI,0.01694915254237288,0.016666666666666666,True,True,0.0,0.0018762069605558003,0.8734777335466541,0.8734777335466541,1.9248557028172685e-05,0.00018979247926344332,1.9248557028172685e-05,2,63,0.03076923076923077,0.9692307692307692,63,0,2,0.9692307692307692,0.0,0.03076923076923077,0,0,,,60,5,0.9230769230769231,0.07692307692307693,59,0,0,4,60,0,0,5
scenario1,200,scenario1__H200__eta-exact_empirical__states-endogenous,cfg_01667bf3b8163604afe1,run_426e178132511f80,1,42,exact_empirical,exact_empirical,False,0.2,0.35,,,0.05,0.5,,,A,opposed_binary_state_preferences_v1,binary_stay_switch_a0_0p1_a1_0p9_v1,66,A,A,1.0,1.0,0.0,0.0,0.0,0.0,0.0,agreement,,,a0,a0,0,AI,a0,AI,0.016666666666666666,0.01639344262295082,True,True,0.0,0.0017823966125280102,0.8798038468693214,0.8798038468693214,1.8151474625849876e-05,0.00018979247926344332,1.8151474625849876e-05,2,64,0.030303030303030304,0.9696969696969697,64,0,2,0.9696969696969697,0.0,0.030303030303030304,0,0,,,61,5,0.9242424242424242,0.07575757575757576,60,0,0,4,61,0,0,5
scenario1,200,scenario1__H200__eta-exact_empirical__states-endogenous,cfg_01667bf3b8163604afe1,run_426e178132511f80,1,42,exact_empirical,exact_empirical,False,0.2,0.35,,,0.05,0.5,,,A,opposed_binary_state_preferences_v1,binary_stay_switch_a0_0p1_a1_0p9_v1,67,A,A,1.0,1.0,0.0,0.0,0.0,0.0,0.0,agreement,,,a0,a0,0,AI,a0,AI,0.01639344262295082,0.016129032258064516,True,True,0.0,0.0016932767819016095,0.8858136545258554,0.8858136545258554,1.765778754480461e-05,0.00018979247926344332,1.765778754480461e-05,2,65,0.029850746268656716,0.9701492537313433,65,0,2,0.9701492537313433,0.0,0.029850746268656716,0,0,,,62,5,0.9253731343283582,0.07462686567164178,61,0,0,4,62,0,0,5
scenario1,200,scenario1__H200__eta-exact_empirical__states-endogenous,cfg_01667bf3b8163604afe1,run_426e178132511f80,1,42,exact_empirical,exact_empirical,False,0.2,0.35,,,0.05,0.5,,,A,opposed_binary_state_preferences_v1,binary_stay_switch_a0_0p1_a1_0p9_v1,68,A,A,1.0,1.0,0.0,0.0,0.0,0.0,0.0,agreement,,,a0,a0,0,AI,a0,AI,0.016129032258064516,0.015873015873015872,True,True,0.0,0.001608612942806529,0.8915229717995626,0.8915229717995626,1.7435628358334242e-05,0.00018979247926344332,1.7435628358334242e-05,2,66,0.029411764705882353,0.9705882352941176,66,0,2,0.9705882352941176,0.0,0.029411764705882353,0,0,,,63,5,0.9264705882352942,0.07352941176470588,62,0,0,4,63,0,0,5
scenario1,200,scenario1__H200__eta-exact_empirical__states-endogenous,cfg_01667bf3b8163604afe1,run_426e178132511f80,1,42,exact_empirical,exact_empirical,False,0.2,0.35,,,0.05,0.5,,,A,opposed_binary_state_preferences_v1,binary_stay_switch_a0_0p1_a1_0p9_v1,69,A,A,1.0,1.0,0.0,0.0,0.0,0.0,0.0,agreement,,,a0,a0,0,AI,a0,AI,0.015873015873015872,0.015625,True,True,0.0,0.0015281822956662023,0.8969468232095845,0.8969468232095845,1.7335656724422574e-05,0.00018979247926344332,1.7335656724422574e-05,2,67,0.028985507246376812,0.9710144927536232,67,0,2,0.9710144927536232,0.0,0.028985507246376812,0,0,,,64,5,0.927536231884058,0.07246376811594203,63,0,0,4,64,0,0,5
scenario1,200,scenario1__H200__eta-exact_empirical__states-endogenous,cfg_01667bf3b8163604afe1,run_426e178132511f80,1,42,exact_empirical,exact_empirical,False,0.2,0.35,,,0.05,0.5,,,A,opposed_binary_state_preferences_v1,binary_stay_switch_a0_0p1_a1_0p9_v1,70,A,A,1.0,1.0,0.0,0.0,0.0,0.0,0.0,agreement,,,a0,a0,0,AI,a0,AI,0.015625,0.015384615384615385,True,True,0.0,0.0014517731808828922,0.9020994820491053,0.9020994820491053,1.7290669489162325e-05,0.00018979247926344332,1.7290669489162325e-05,2,68,0.02857142857142857,0.9714285714285714,68,0,2,0.9714285714285714,0.0,0.02857142857142857,0,0,,,65,5,0.9285714285714286,0.07142857142857142,64,0,0,4,65,0,0,5
scenario1,200,scenario1__H200__eta-exact_empirical__states-endogenous,cfg_01667bf3b8163604afe1,run_426e178132511f80,1,42,exact_empirical,exact_empirical,False,0.2,0.35,,,0.05,0.5,,,A,opposed_binary_state_preferences_v1,binary_stay_switch_a0_0p1_a1_0p9_v1,71,A,A,1.0,1.0,0.0,0.0,0.0,0.0,0.0,agreement,,,a0,a0,0,AI,a0,AI,0.015384615384615385,0.015151515151515152,True,True,0.0,0.0013791845218387474,0.90699450794665,0.90699450794665,1.7270425233295213e-05,0.00018979247926344332,1.7270425233295213e-05,2,69,0.028169014084507043,0.971830985915493,69,0,2,0.971830985915493,0.0,0.028169014084507043,0,0,,,66,5,0.9295774647887324,0.07042253521126761,65,0,0,4,66,0,0,5
scenario1,200,scenario1__H200__eta-exact_empirical__states-endogenous,cfg_01667bf3b8163604afe1,run_426e178132511f80,1,42,exact_empirical,exact_empirical,False,0.2,0.35,,,0.05,0.5,,,A,opposed_binary_state_preferences_v1,binary_stay_switch_a0_0p1_a1_0p9_v1,72,A,A,1.0,1.0,0.0,0.0,0.0,0.0,0.0,agreement,,,a0,a0,0,AI,a0,AI,0.015151515151515152,0.014925373134328358,True,True,0.0,0.00131022529574681,0.9116447825493176,0.9116447825493176,1.7261315318155012e-05,0.00018979247926344332,1.7261315318155012e-05,2,70,0.027777777777777776,0.9722222222222222,70,0,2,0.9722222222222222,0.0,0.027777777777777776,0,0,,,67,5,0.9305555555555556,0.06944444444444445,66,0,0,4,67,0,0,5
scenario1,200,scenario1__H200__eta-exact_empirical__states-endogenous,cfg_01667bf3b8163604afe1,run_426e178132511f80,1,42,exact_empirical,exact_empirical,False,0.2,0.35,,,0.05,0.5,,,A,opposed_binary_state_preferences_v1,binary_stay_switch_a0_0p1_a1_0p9_v1,73,A,B,1.0,1.0,0.0,0.0,0.0,0.0,0.0,agreement,,,a0,a0,0,AI,a0,AI,0.014925373134328358,0.014705882352941176,True,True,0.0,0.0012447140309594694,0.9160625434218517,0.9160625434218517,1.7257215856341923e-05,0.00018979247926344332,1.7257215856341923e-05,2,71,0.0273972602739726,0.9726027397260274,71,0,2,0.9726027397260274,0.0,0.0273972602739726,0,0,,,68,5,0.9315068493150684,0.0684931506849315,67,0,0,4,68,0,0,5
scenario1,200,scenario1__H200__eta-exact_empirical__states-endogenous,cfg_01667bf3b8163604afe1,run_426e178132511f80,1,42,exact_empirical,exact_empirical,False,0.2,0.35,,,0.05,0.5,,,A,opposed_binary_state_preferences_v1,binary_stay_switch_a0_0p1_a1_0p9_v1,74,B,A,1.0,1.0,0.0,0.0,0.0,0.0,0.0,agreement,,,a1,a1,0,AI,a1,AI,0.2,0.16666666666666666,True,True,0.0,0.00131022529574681,0.1047807918652642,0.1047807918652642,1.7257215856341923e-05,1.725537109852603e-05,1.725537109852603e-05,2,72,0.02702702702702703,0.972972972972973,72,0,2,0.972972972972973,0.0,0.02702702702702703,0,0,,,68,6,0.918918918918919,0.08108108108108109,67,0,0,5,68,0,0,6
scenario1,200,scenario1__H200__eta-exact_empirical__states-endogenous,cfg_01667bf3b8163604afe1,run_426e178132511f80,1,42,exact_empirical,exact_empirical,False,0.2,0.35,,,0.05,0.5,,,A,opposed_binary_state_preferences_v1,binary_stay_switch_a0_0p1_a1_0p9_v1,75,A,A,1.0,1.0,0.0,0.0,0.0,0.0,0.0,agreement,,,a0,a0,0,AI,a0,AI,0.014705882352941176,0.014492753623188406,True,True,0.0,0.001123354412940921,0.8767464454382211,0.8767464454382211,8.628515690280168e-06,1.725537109852603e-05,8.628515690280168e-06,2,73,0.02666666666666667,0.9733333333333334,73,0,2,0.9733333333333334,0.0,0.02666666666666667,0,0,,,69,6,0.92,0.08,68,0,0,5,69,0,0,6
scenario1,200,scenario1__H200__eta-exact_empirical__states-endogenous,cfg_01667bf3b8163604afe1,run_426e178132511f80,1,42,exact_empirical,exact_empirical,False,0.2,0.35,,,0.05,0.5,,,A,opposed_binary_state_preferences_v1,binary_stay_switch_a0_0p1_a1_0p9_v1,76,A,A,1.0,1.0,0.0,0.0,0.0,0.0,0.0,agreement,,,a0,a0,0,AI,a0,AI,0.014492753623188406,0.014285714285714285,True,True,0.0,0.001067186692293875,0.8829091231663101,0.8829091231663101,4.745600615552377e-06,1.725537109852603e-05,4.745600615552377e-06,2,74,0.02631578947368421,0.9736842105263158,74,0,2,0.9736842105263158,0.0,0.02631578947368421,0,0,,,70,6,0.9210526315789473,0.07894736842105263,69,0,0,5,70,0,0,6
scenario1,200,scenario1__H200__eta-exact_empirical__states-endogenous,cfg_01667bf3b8163604afe1,run_426e178132511f80,1,42,exact_empirical,exact_empirical,False,0.2,0.35,,,0.05,0.5,,,A,opposed_binary_state_preferences_v1,binary_stay_switch_a0_0p1_a1_0p9_v1,77,A,A,1.0,1.0,0.0,0.0,0.0,0.0,0.0,agreement,,,a0,a0,0,AI,a0,AI,0.014285714285714285,0.014084507042253521,True,True,0.0,0.0010138273576791811,0.8887636670079946,0.8887636670079946,2.9982888319248714e-06,1.725537109852603e-05,2.9982888319248714e-06,2,75,0.025974025974025976,0.974025974025974,75,0,2,0.974025974025974,0.0,0.025974025974025976,0,0,,,71,6,0.922077922077922,0.07792207792207792,70,0,0,5,71,0,0,6
scenario1,200,scenario1__H200__eta-exact_empirical__states-endogenous,cfg_01667bf3b8163604afe1,run_426e178132511f80,1,42,exact_empirical,exact_empirical,False,0.2,0.35,,,0.05,0.5,,,A,opposed_binary_state_preferences_v1,binary_stay_switch_a0_0p1_a1_0p9_v1,78,A,A,1.0,1.0,0.0,0.0,0.0,0.0,0.0,agreement,,,a0,a0,0,AI,a0,AI,0.014084507042253521,0.013888888888888888,True,True,0.0,0.000963135989795222,0.8943254836575949,0.8943254836575949,2.211998529292494e-06,1.725537109852603e-05,2.211998529292494e-06,2,76,0.02564102564102564,0.9743589743589743,76,0,2,0.9743589743589743,0.0,0.02564102564102564,0,0,,,72,6,0.9230769230769231,0.07692307692307693,71,0,0,5,72,0,0,6
scenario1,200,scenario1__H200__eta-exact_empirical__states-endogenous,cfg_01667bf3b8163604afe1,run_426e178132511f80,1,42,exact_empirical,exact_empirical,False,0.2,0.35,,,0.05,0.5,,,A,opposed_binary_state_preferences_v1,binary_stay_switch_a0_0p1_a1_0p9_v1,79,A,A,1.0,1.0,0.0,0.0,0.0,0.0,0.0,agreement,,,a0,a0,0,AI,a0,AI,0.013888888888888888,0.0136986301369863,True,True,0.0,0.0009149791903054609,0.8996092094747151,0.8996092094747151,1.8581678931079238e-06,1.725537109852603e-05,1.8581678931079238e-06,2,77,0.02531645569620253,0.9746835443037974,77,0,2,0.9746835443037974,0.0,0.02531645569620253,0,0,,,73,6,0.9240506329113924,0.0759493670886076,72,0,0,5,73,0,0,6
scenario1,200,scenario1__H200__eta-exact_empirical__states-endogenous,cfg_01667bf3b8163604afe1,run_426e178132511f80,1,42,exact_empirical,exact_empirical,False,0.2,0.35,,,0.05,0.5,,,A,opposed_binary_state_preferences_v1,binary_stay_switch_a0_0p1_a1_0p9_v1,80,A,A,1.0,1.0,0.0,0.0,0.0,0.0,0.0,agreement,,,a0,a0,0,AI,a0,AI,0.0136986301369863,0.013513513513513514,True,True,0.0,0.0008692302307901878,0.9046287490009793,0.9046287490009793,1.6989441068248674e-06,1.725537109852603e-05,1.6989441068248674e-06,2,78,0.025,0.975,78,0,2,0.975,0.0,0.025,0,0,,,74,6,0.925,0.075,73,0,0,5,74,0,0,6
scenario1,200,scenario1__H200__eta-exact_empirical__states-endogenous,cfg_01667bf3b8163604afe1,run_426e178132511f80,1,42,exact_empirical,exact_empirical,False,0.2,0.35,,,0.05,0.5,,,A,opposed_binary_state_preferences_v1,binary_stay_switch_a0_0p1_a1_0p9_v1,81,A,A,1.0,1.0,0.0,0.0,0.0,0.0,0.0,agreement,,,a0,a0,0,AI,a0,AI,0.013513513513513514,0.013333333333333334,True,True,0.0,0.0008257687192506784,0.9093973115509304,0.9093973115509304,1.627293402997492e-06,1.725537109852603e-05,1.627293402997492e-06,2,79,0.024691358024691357,0.9753086419753086,79,0,2,0.9753086419753086,0.0,0.024691358024691357,0,0,,,75,6,0.9259259259259259,0.07407407407407407,74,0,0,5,75,0,0,6
scenario1,200,scenario1__H200__eta-exact_empirical__states-endogenous,cfg_01667bf3b8163604afe1,run_426e178132511f80,1,42,exact_empirical,exact_empirical,False,0.2,0.35,,,0.05,0.5,,,A,opposed_binary_state_preferences_v1,binary_stay_switch_a0_0p1_a1_0p9_v1,82,A,A,1.0,1.0,0.0,0.0,0.0,0.0,0.0,agreement,,,a0,a0,0,AI,a0,AI,0.013333333333333334,0.013157894736842105,True,True,0.0,0.0007844802832881444,0.9139274459733839,0.9139274459733839,1.595050586275173e-06,1.725537109852603e-05,1.595050586275173e-06,2,80,0.024390243902439025,0.975609756097561,80,0,2,0.975609756097561,0.0,0.024390243902439025,0,0,,,76,6,0.926829268292683,0.07317073170731707,75,0,0,5,76,0,0,6
scenario1,200,scenario1__H200__eta-exact_empirical__states-endogenous,cfg_01667bf3b8163604afe1,run_426e178132511f80,1,42,exact_empirical,exact_empirical,False,0.2,0.35,,,0.05,0.5,,,A,opposed_binary_state_preferences_v1,binary_stay_switch_a0_0p1_a1_0p9_v1,83,A,A,1.0,1.0,0.0,0.0,0.0,0.0,0.0,agreement,,,a0,a0,0,AI,a0,AI,0.013157894736842105,0.012987012987012988,True,True,0.0,0.0007452562691237371,0.9182310736747148,0.9182310736747148,1.5805413187501295e-06,1.725537109852603e-05,1.5805413187501295e-06,2,81,0.024096385542168676,0.9759036144578314,81,0,2,0.9759036144578314,0.0,0.024096385542168676,0,0,,,77,6,0.927710843373494,0.07228915662650602,76,0,0,5,77,0,0,6
scenario1,200,scenario1__H200__eta-exact_empirical__states-endogenous,cfg_01667bf3b8163604afe1,run_426e178132511f80,1,42,exact_empirical,exact_empirical,False,0.2,0.35,,,0.05,0.5,,,A,opposed_binary_state_preferences_v1,binary_stay_switch_a0_0p1_a1_0p9_v1,84,A,A,1.0,1.0,0.0,0.0,0.0,0.0,0.0,agreement,,,a0,a0,0,AI,a0,AI,0.012987012987012988,0.01282051282051282,True,True,0.0,0.0007079934556675502,0.922319519990979,0.922319519990979,1.5740121483638598e-06,1.725537109852603e-05,1.5740121483638598e-06,2,82,0.023809523809523808,0.9761904761904762,82,0,2,0.9761904761904762,0.0,0.023809523809523808,0,0,,,78,6,0.9285714285714286,0.07142857142857142,77,0,0,5,78,0,0,6
scenario1,200,scenario1__H200__eta-exact_empirical__states-endogenous,cfg_01667bf3b8163604afe1,run_426e178132511f80,1,42,exact_empirical,exact_empirical,False,0.2,0.35,,,0.05,0.5,,,A,opposed_binary_state_preferences_v1,binary_stay_switch_a0_0p1_a1_0p9_v1,85,A,A,1.0,1.0,0.0,0.0,0.0,0.0,0.0,agreement,,,a0,a0,0,AI,a0,AI,0.01282051282051282,0.012658227848101266,True,True,0.0,0.0006725937828841727,0.9262035439914301,0.9262035439914301,1.5710740216900385e-06,1.725537109852603e-05,1.5710740216900385e-06,2,83,0.023529411764705882,0.9764705882352941,83,0,2,0.9764705882352941,0.0,0.023529411764705882,0,0,,,79,6,0.9294117647058824,0.07058823529411765,78,0,0,5,79,0,0,6
scenario1,200,scenario1__H200__eta-exact_empirical__states-endogenous,cfg_01667bf3b8163604afe1,run_426e178132511f80,1,42,exact_empirical,exact_empirical,False,0.2,0.35,,,0.05,0.5,,,A,opposed_binary_state_preferences_v1,binary_stay_switch_a0_0p1_a1_0p9_v1,86,A,A,1.0,1.0,0.0,0.0,0.0,0.0,0.0,agreement,,,a0,a0,0,AI,a0,AI,0.012658227848101266,0.0125,True,True,0.0,0.000638964093739964,0.9298933667918586,0.9298933667918586,1.5697518646868189e-06,1.725537109852603e-05,1.5697518646868189e-06,2,84,0.023255813953488372,0.9767441860465116,84,0,2,0.9767441860465116,0.0,0.023255813953488372,0,0,,,80,6,0.9302325581395349,0.06976744186046512,79,0,0,5,80,0,0,6
scenario1,200,scenario1__H200__eta-exact_empirical__states-endogenous,cfg_01667bf3b8163604afe1,run_426e178132511f80,1,42,exact_empirical,exact_empirical,False,0.2,0.35,,,0.05,0.5,,,A,opposed_binary_state_preferences_v1,binary_stay_switch_a0_0p1_a1_0p9_v1,87,A,A,1.0,1.0,0.0,0.0,0.0,0.0,0.0,agreement,,,a0,a0,0,AI,a0,AI,0.0125,0.012345679012345678,True,True,0.0,0.0006070158890529658,0.9333986984522658,0.9333986984522658,1.56915689403537e-06,1.725537109852603e-05,1.56915689403537e-06,2,85,0.022988505747126436,0.9770114942528736,85,0,2,0.9770114942528736,0.0,0.022988505747126436,0,0,,,81,6,0.9310344827586207,0.06896551724137931,80,0,0,5,81,0,0,6
scenario1,200,scenario1__H200__eta-exact_empirical__states-endogenous,cfg_01667bf3b8163604afe1,run_426e178132511f80,1,42,exact_empirical,exact_empirical,False,0.2,0.35,,,0.05,0.5,,,A,opposed_binary_state_preferences_v1,binary_stay_switch_a0_0p1_a1_0p9_v1,88,A,A,1.0,1.0,0.0,0.0,0.0,0.0,0.0,agreement,,,a0,a0,0,AI,a0,AI,0.012345679012345678,0.012195121951219513,True,True,0.0,0.0005766650946003175,0.9367287635296525,0.9367287635296525,1.568889157242218e-06,1.725537109852603e-05,1.568889157242218e-06,2,86,0.022727272727272728,0.9772727272727273,86,0,2,0.9772727272727273,0.0,0.022727272727272728,0,0,,,82,6,0.9318181818181818,0.06818181818181818,81,0,0,5,82,0,0,6
scenario1,200,scenario1__H200__eta-exact_empirical__states-endogenous,cfg_01667bf3b8163604afe1,run_426e178132511f80,1,42,exact_empirical,exact_empirical,False,0.2,0.35,,,0.05,0.5,,,A,opposed_binary_state_preferences_v1,binary_stay_switch_a0_0p1_a1_0p9_v1,89,A,A,1.0,1.0,0.0,0.0,0.0,0.0,0.0,agreement,,,a0,a0,0,AI,a0,AI,0.012195121951219513,0.012048192771084338,True,True,0.0,0.0005478318398703016,0.9398923253531699,0.9398923253531699,1.5687686756852997e-06,1.725537109852603e-05,1.5687686756852997e-06,2,87,0.02247191011235955,0.9775280898876404,87,0,2,0.9775280898876404,0.0,0.02247191011235955,0,0,,,83,6,0.9325842696629213,0.06741573033707865,82,0,0,5,83,0,0,6
scenario1,200,scenario1__H200__eta-exact_empirical__states-endogenous,cfg_01667bf3b8163604afe1,run_426e178132511f80,1,42,exact_empirical,exact_empirical,False,0.2,0.35,,,0.05,0.5,,,A,opposed_binary_state_preferences_v1,binary_stay_switch_a0_0p1_a1_0p9_v1,90,A,A,1.0,1.0,0.0,0.0,0.0,0.0,0.0,agreement,,,a0,a0,0,AI,a0,AI,0.012048192771084338,0.011904761904761904,True,True,0.0,0.0005204402478767865,0.9428977090855114,0.9428977090855114,1.5687144589846864e-06,1.725537109852603e-05,1.5687144589846864e-06,2,88,0.022222222222222223,0.9777777777777777,88,0,2,0.9777777777777777,0.0,0.022222222222222223,0,0,,,84,6,0.9333333333333333,0.06666666666666667,83,0,0,5,84,0,0,6
scenario1,200,scenario1__H200__eta-exact_empirical__states-endogenous,cfg_01667bf3b8163604afe1,run_426e178132511f80,1,42,exact_empirical,exact_empirical,False,0.2,0.35,,,0.05,0.5,,,A,opposed_binary_state_preferences_v1,binary_stay_switch_a0_0p1_a1_0p9_v1,91,A,A,1.0,1.0,0.0,0.0,0.0,0.0,0.0,agreement,,,a0,a0,0,AI,a0,AI,0.011904761904761904,0.011764705882352941,True,True,0.0,0.0004944182354829472,0.9457528236312358,0.9457528236312358,1.5686900614694106e-06,1.725537109852603e-05,1.5686900614694106e-06,2,89,0.02197802197802198,0.978021978021978,89,0,2,0.978021978021978,0.0,0.02197802197802198,0,0,,,85,6,0.9340659340659341,0.06593406593406594,84,0,0,5,85,0,0,6
scenario1,200,scenario1__H200__eta-exact_empirical__states-endogenous,cfg_01667bf3b8163604afe1,run_426e178132511f80,1,42,exact_empirical,exact_empirical,False,0.2,0.35,,,0.05,0.5,,,A,opposed_binary_state_preferences_v1,binary_stay_switch_a0_0p1_a1_0p9_v1,92,A,A,1.0,1.0,0.0,0.0,0.0,0.0,0.0,agreement,,,a0,a0,0,AI,a0,AI,0.011764705882352941,0.011627906976744186,True,True,0.0,0.0004696973237087998,0.948465182449674,0.948465182449674,1.5686790825875364e-06,1.725537109852603e-05,1.5686790825875364e-06,2,90,0.021739130434782608,0.9782608695652174,90,0,2,0.9782608695652174,0.0,0.021739130434782608,0,0,,,86,6,0.9347826086956522,0.06521739130434782,85,0,0,5,86,0,0,6
scenario1,200,scenario1__H200__eta-exact_empirical__states-endogenous,cfg_01667bf3b8163604afe1,run_426e178132511f80,1,42,exact_empirical,exact_empirical,False,0.2,0.35,,,0.05,0.5,,,A,opposed_binary_state_preferences_v1,binary_stay_switch_a0_0p1_a1_0p9_v1,93,A,A,1.0,1.0,0.0,0.0,0.0,0.0,0.0,agreement,,,a0,a0,0,AI,a0,AI,0.011627906976744186,0.011494252873563218,True,True,0.0,0.00044621245752335983,0.9510419233271903,0.9510419233271903,1.568674142090693e-06,1.725537109852603e-05,1.568674142090693e-06,2,91,0.021505376344086023,0.978494623655914,91,0,2,0.978494623655914,0.0,0.021505376344086023,0,0,,,87,6,0.9354838709677419,0.06451612903225806,86,0,0,5,87,0,0,6
scenario1,200,scenario1__H200__eta-exact_empirical__states-endogenous,cfg_01667bf3b8163604afe1,run_426e178132511f80,1,42,exact_empirical,exact_empirical,False,0.2,0.35,,,0.05,0.5,,,A,opposed_binary_state_preferences_v1,binary_stay_switch_a0_0p1_a1_0p9_v1,94,A,A,1.0,1.0,0.0,0.0,0.0,0.0,0.0,agreement,,,a0,a0,0,AI,a0,AI,0.011494252873563218,0.011363636363636364,True,True,0.0,0.0004239018346471918,0.9534898271608307,0.9534898271608307,1.5686719188671135e-06,1.725537109852603e-05,1.5686719188671135e-06,2,92,0.02127659574468085,0.9787234042553191,92,0,2,0.9787234042553191,0.0,0.02127659574468085,0,0,,,88,6,0.9361702127659575,0.06382978723404255,87,0,0,5,88,0,0,6
scenario1,200,scenario1__H200__eta-exact_empirical__states-endogenous,cfg_01667bf3b8163604afe1,run_426e178132511f80,1,42,exact_empirical,exact_empirical,False,0.2,0.35,,,0.05,0.5,,,A,opposed_binary_state_preferences_v1,binary_stay_switch_a0_0p1_a1_0p9_v1,95,A,A,1.0,1.0,0.0,0.0,0.0,0.0,0.0,agreement,,,a0,a0,0,AI,a0,AI,0.011363636363636364,0.011235955056179775,True,True,0.0,0.0004027067429148322,0.9558153358027892,0.9558153358027892,1.5686709184165027e-06,1.725537109852603e-05,1.5686709184165027e-06,2,93,0.021052631578947368,0.9789473684210527,93,0,2,0.9789473684210527,0.0,0.021052631578947368,0,0,,,89,6,0.9368421052631579,0.06315789473684211,88,0,0,5,89,0,0,6
scenario1,200,scenario1__H200__eta-exact_empirical__states-endogenous,cfg_01667bf3b8163604afe1,run_426e178132511f80,1,42,exact_empirical,exact_empirical,False,0.2,0.35,,,0.05,0.5,,,A,opposed_binary_state_preferences_v1,binary_stay_switch_a0_0p1_a1_0p9_v1,96,A,A,1.0,1.0,0.0,0.0,0.0,0.0,0.0,agreement,,,a0,a0,0,AI,a0,AI,0.011235955056179775,0.011111111111111112,True,True,0.0,0.0003825714057690906,0.9580245690126498,0.9580245690126498,1.568670468213728e-06,1.725537109852603e-05,1.568670468213728e-06,2,94,0.020833333333333332,0.9791666666666666,94,0,2,0.9791666666666666,0.0,0.020833333333333332,0,0,,,90,6,0.9375,0.0625,89,0,0,5,90,0,0,6
scenario1,200,scenario1__H200__eta-exact_empirical__states-endogenous,cfg_01667bf3b8163604afe1,run_426e178132511f80,1,42,exact_empirical,exact_empirical,False,0.2,0.35,,,0.05,0.5,,,A,opposed_binary_state_preferences_v1,binary_stay_switch_a0_0p1_a1_0p9_v1,97,A,A,1.0,1.0,0.0,0.0,0.0,0.0,0.0,agreement,,,a0,a0,0,AI,a0,AI,0.011111111111111112,0.01098901098901099,True,True,0.0,0.000363442835480636,0.9601233405620173,0.9601233405620173,1.5686702656224792e-06,1.725537109852603e-05,1.5686702656224792e-06,2,95,0.020618556701030927,0.979381443298969,95,0,2,0.979381443298969,0.0,0.020618556701030927,0,0,,,91,6,0.9381443298969072,0.061855670103092786,90,0,0,5,91,0,0,6
scenario1,200,scenario1__H200__eta-exact_empirical__states-endogenous,cfg_01667bf3b8163604afe1,run_426e178132511f80,1,42,exact_empirical,exact_empirical,False,0.2,0.35,,,0.05,0.5,,,A,opposed_binary_state_preferences_v1,binary_stay_switch_a0_0p1_a1_0p9_v1,98,A,A,1.0,1.0,0.0,0.0,0.0,0.0,0.0,agreement,,,a0,a0,0,AI,a0,AI,0.01098901098901099,0.010869565217391304,True,True,0.0,0.0003452706937066042,0.9621171735339165,0.9621171735339165,1.5686701744564173e-06,1.725537109852603e-05,1.5686701744564173e-06,2,96,0.02040816326530612,0.9795918367346939,96,0,2,0.9795918367346939,0.0,0.02040816326530612,0,0,,,92,6,0.9387755102040817,0.061224489795918366,91,0,0,5,92,0,0,6
scenario1,200,scenario1__H200__eta-exact_empirical__states-endogenous,cfg_01667bf3b8163604afe1,run_426e178132511f80,1,42,exact_empirical,exact_empirical,False,0.2,0.35,,,0.05,0.5,,,A,opposed_binary_state_preferences_v1,binary_stay_switch_a0_0p1_a1_0p9_v1,99,A,B,1.0,1.0,0.0,0.0,0.0,0.0,0.0,agreement,,,a0,a0,0,AI,a0,AI,0.010869565217391304,0.010752688172043012,True,True,0.0,0.00032800715902127396,0.9640113148572207,0.9640113148572207,1.5686701334316894e-06,1.725537109852603e-05,1.5686701334316894e-06,2,97,0.020202020202020204,0.9797979797979798,97,0,2,0.9797979797979798,0.0,0.020202020202020204,0,0,,,93,6,0.9393939393939394,0.06060606060606061,92,0,0,5,93,0,0,6
scenario1,200,scenario1__H200__eta-exact_empirical__states-endogenous,cfg_01667bf3b8163604afe1,run_426e178132511f80,1,42,exact_empirical,exact_empirical,False,0.2,0.35,,,0.05,0.5,,,A,opposed_binary_state_preferences_v1,binary_stay_switch_a0_0p1_a1_0p9_v1,100,B,A,1.0,1.0,0.0,0.0,0.0,0.0,0.0,agreement,,,a1,a1,0,AI,a1,AI,0.16666666666666666,0.14285714285714285,True,True,0.0,0.0003452706937066042,0.07761184417052969,0.07761184417052969,1.5686701334316894e-06,1.5686701149705616e-06,1.5686701149705616e-06,2,98,0.02,0.98,98,0,2,0.98,0.0,0.02,0,0,,,93,7,0.93,0.07,92,0,0,6,93,0,0,7
scenario1,200,scenario1__H200__eta-exact_empirical__states-endogenous,cfg_01667bf3b8163604afe1,run_426e178132511f80,1,42,exact_empirical,exact_empirical,False,0.2,0.35,,,0.05,0.5,,,A,opposed_binary_state_preferences_v1,binary_stay_switch_a0_0p1_a1_0p9_v1,101,A,A,1.0,1.0,0.0,0.0,0.0,0.0,0.0,agreement,,,a0,a0,0,AI,a0,AI,0.010752688172043012,0.010638297872340425,True,True,0.0,0.0002960264610166997,0.9200202116586417,0.9200202116586417,7.843350657927883e-07,1.5686701149705616e-06,7.843350657927883e-07,2,99,0.019801980198019802,0.9801980198019802,99,0,2,0.9801980198019802,0.0,0.019801980198019802,0,0,,,94,7,0.9306930693069307,0.06930693069306931,93,0,0,6,94,0,0,7
scenario1,200,scenario1__H200__eta-exact_empirical__states-endogenous,cfg_01667bf3b8163604afe1,run_426e178132511f80,1,42,exact_empirical,exact_empirical,False,0.2,0.35,,,0.05,0.5,,,A,opposed_binary_state_preferences_v1,binary_stay_switch_a0_0p1_a1_0p9_v1,102,A,A,1.0,1.0,0.0,0.0,0.0,0.0,0.0,agreement,,,a0,a0,0,AI,a0,AI,0.010638297872340425,0.010526315789473684,True,True,0.0,0.0002812251379658647,0.9240192010757096,0.9240192010757096,4.3138428535528286e-07,1.5686701149705616e-06,4.3138428535528286e-07,2,100,0.0196078431372549,0.9803921568627451,100,0,2,0.9803921568627451,0.0,0.0196078431372549,0,0,,,95,7,0.9313725490196079,0.06862745098039216,94,0,0,6,95,0,0,7
scenario1,200,scenario1__H200__eta-exact_empirical__states-endogenous,cfg_01667bf3b8163604afe1,run_426e178132511f80,1,42,exact_empirical,exact_empirical,False,0.2,0.35,,,0.05,0.5,,,A,opposed_binary_state_preferences_v1,binary_stay_switch_a0_0p1_a1_0p9_v1,103,A,A,1.0,1.0,0.0,0.0,0.0,0.0,0.0,agreement,,,a0,a0,0,AI,a0,AI,0.010526315789473684,0.010416666666666666,True,True,0.0,0.00026716388106757144,0.9278182410219241,0.9278182410219241,2.7255643415840536e-07,1.5686701149705616e-06,2.7255643415840536e-07,2,101,0.019417475728155338,0.9805825242718447,101,0,2,0.9805825242718447,0.0,0.019417475728155338,0,0,,,96,7,0.9320388349514563,0.06796116504854369,95,0,0,6,96,0,0,7
scenario1,200,scenario1__H200__eta-exact_empirical__states-endogenous,cfg_01667bf3b8163604afe1,run_426e178132511f80,1,42,exact_empirical,exact_empirical,False,0.2,0.35,,,0.05,0.5,,,A,opposed_binary_state_preferences_v1,binary_stay_switch_a0_0p1_a1_0p9_v1,104,A,A,1.0,1.0,0.0,0.0,0.0,0.0,0.0,agreement,,,a0,a0,0,AI,a0,AI,0.010416666666666666,0.010309278350515464,True,True,0.0,0.00025380568701419284,0.9314273289708279,0.9314273289708279,2.010839011198105e-07,1.5686701149705616e-06,2.010839011198105e-07,2,102,0.019230769230769232,0.9807692307692307,102,0,2,0.9807692307692307,0.0,0.019230769230769232,0,0,,,97,7,0.9326923076923077,0.0673076923076923,96,0,0,6,97,0,0,7
scenario1,200,scenario1__H200__eta-exact_empirical__states-endogenous,cfg_01667bf3b8163604afe1,run_426e178132511f80,1,42,exact_empirical,exact_empirical,False,0.2,0.35,,,0.05,0.5,,,A,opposed_binary_state_preferences_v1,binary_stay_switch_a0_0p1_a1_0p9_v1,105,A,A,1.0,1.0,0.0,0.0,0.0,0.0,0.0,agreement,,,a0,a0,0,AI,a0,AI,0.010309278350515464,0.01020408163265306,True,True,0.0,0.00024111540266348318,0.9348559625222865,0.9348559625222865,1.6892126125244282e-07,1.5686701149705616e-06,1.6892126125244282e-07,2,103,0.01904761904761905,0.9809523809523809,103,0,2,0.9809523809523809,0.0,0.01904761904761905,0,0,,,98,7,0.9333333333333333,0.06666666666666667,97,0,0,6,98,0,0,7
scenario1,200,scenario1__H200__eta-exact_empirical__states-endogenous,cfg_01667bf3b8163604afe1,run_426e178132511f80,1,42,exact_empirical,exact_empirical,False,0.2,0.35,,,0.05,0.5,,,A,opposed_binary_state_preferences_v1,binary_stay_switch_a0_0p1_a1_0p9_v1,106,A,A,1.0,1.0,0.0,0.0,0.0,0.0,0.0,agreement,,,a0,a0,0,AI,a0,AI,0.01020408163265306,0.010101010101010102,True,True,0.0,0.00022905963253030902,0.9381131643961722,0.9381131643961722,1.5444807331212736e-07,1.5686701149705616e-06,1.5444807331212736e-07,2,104,0.018867924528301886,0.9811320754716981,104,0,2,0.9811320754716981,0.0,0.018867924528301886,0,0,,,99,7,0.9339622641509434,0.0660377358490566,98,0,0,6,99,0,0,7
scenario1,200,scenario1__H200__eta-exact_empirical__states-endogenous,cfg_01667bf3b8163604afe1,run_426e178132511f80,1,42,exact_empirical,exact_empirical,False,0.2,0.35,,,0.05,0.5,,,A,opposed_binary_state_preferences_v1,binary_stay_switch_a0_0p1_a1_0p9_v1,107,A,B,1.0,1.0,0.0,0.0,0.0,0.0,0.0,agreement,,,a0,a0,0,AI,a0,AI,0.010101010101010102,0.01,True,True,0.0,0.00021760665090379355,0.9412075061763636,0.9412075061763636,1.479351387389854e-07,1.5686701149705616e-06,1.479351387389854e-07,2,105,0.018691588785046728,0.9813084112149533,105,0,2,0.9813084112149533,0.0,0.018691588785046728,0,0,,,100,7,0.9345794392523364,0.06542056074766354,99,0,0,6,100,0,0,7
scenario1,200,scenario1__H200__eta-exact_empirical__states-endogenous,cfg_01667bf3b8163604afe1,run_426e178132511f80,1,42,exact_empirical,exact_empirical,False,0.2,0.35,,,0.05,0.5,,,A,opposed_binary_state_preferences_v1,binary_stay_switch_a0_0p1_a1_0p9_v1,108,B,A,1.0,1.0,0.0,0.0,0.0,0.0,0.0,agreement,,,a1,a1,0,AI,a1,AI,0.14285714285714285,0.125,True,True,0.0,0.00022905963253030902,0.1014892831327523,0.1014892831327523,1.479351387389854e-07,1.4500431818107149e-07,1.4500431818107149e-07,2,106,0.018518518518518517,0.9814814814814815,106,0,2,0.9814814814814815,0.0,0.018518518518518517,0,0,,,100,8,0.9259259259259259,0.07407407407407407,99,0,0,7,100,0,0,8
scenario1,200,scenario1__H200__eta-exact_empirical__states-endogenous,cfg_01667bf3b8163604afe1,run_426e178132511f80,1,42,exact_empirical,exact_empirical,False,0.2,0.35,,,0.05,0.5,,,A,opposed_binary_state_preferences_v1,binary_stay_switch_a0_0p1_a1_0p9_v1,109,A,A,1.0,1.0,0.0,0.0,0.0,0.0,0.0,agreement,,,a0,a0,0,AI,a0,AI,0.01,0.009900990099009901,True,True,0.0,0.00019639000244067368,0.8994397743241681,0.8994397743241681,7.382102834159701e-08,1.4500431818107149e-07,7.382102834159701e-08,2,107,0.01834862385321101,0.981651376146789,107,0,2,0.981651376146789,0.0,0.01834862385321101,0,0,,,101,8,0.926605504587156,0.07339449541284404,100,0,0,7,101,0,0,8
scenario1,200,scenario1__H200__eta-exact_empirical__states-endogenous,cfg_01667bf3b8163604afe1,run_426e178132511f80,1,42,exact_empirical,exact_empirical,False,0.2,0.35,,,0.05,0.5,,,A,opposed_binary_state_preferences_v1,binary_stay_switch_a0_0p1_a1_0p9_v1,110,A,A,1.0,1.0,0.0,0.0,0.0,0.0,0.0,agreement,,,a0,a0,0,AI,a0,AI,0.009900990099009901,0.00980392156862745,True,True,0.0,0.00018657050231864,0.9044677856079597,0.9044677856079597,4.046967866277223e-08,1.4500431818107149e-07,4.046967866277223e-08,2,108,0.01818181818181818,0.9818181818181818,108,0,2,0.9818181818181818,0.0,0.01818181818181818,0,0,,,102,8,0.9272727272727272,0.07272727272727272,101,0,0,7,102,0,0,8
scenario1,200,scenario1__H200__eta-exact_empirical__states-endogenous,cfg_01667bf3b8163604afe1,run_426e178132511f80,1,42,exact_empirical,exact_empirical,False,0.2,0.35,,,0.05,0.5,,,A,opposed_binary_state_preferences_v1,binary_stay_switch_a0_0p1_a1_0p9_v1,111,A,A,1.0,1.0,0.0,0.0,0.0,0.0,0.0,agreement,,,a0,a0,0,AI,a0,AI,0.00980392156862745,0.009708737864077669,True,True,0.0,0.000177241977202708,0.9092443963275617,0.9092443963275617,2.546157130730108e-08,1.4500431818107149e-07,2.546157130730108e-08,2,109,0.018018018018018018,0.9819819819819819,109,0,2,0.9819819819819819,0.0,0.018018018018018018,0,0,,,103,8,0.9279279279279279,0.07207207207207207,102,0,0,7,103,0,0,8
scenario1,200,scenario1__H200__eta-exact_empirical__states-endogenous,cfg_01667bf3b8163604afe1,run_426e178132511f80,1,42,exact_empirical,exact_empirical,False,0.2,0.35,,,0.05,0.5,,,A,opposed_binary_state_preferences_v1,binary_stay_switch_a0_0p1_a1_0p9_v1,112,A,A,1.0,1.0,0.0,0.0,0.0,0.0,0.0,agreement,,,a0,a0,0,AI,a0,AI,0.009708737864077669,0.009615384615384616,True,True,0.0,0.00016837987834257258,0.9137821765111837,0.9137821765111837,1.8707922997339062e-08,1.4500431818107149e-07,1.8707922997339062e-08,2,110,0.017857142857142856,0.9821428571428571,110,0,2,0.9821428571428571,0.0,0.017857142857142856,0,0,,,104,8,0.9285714285714286,0.07142857142857142,103,0,0,7,104,0,0,8
scenario1,200,scenario1__H200__eta-exact_empirical__states-endogenous,cfg_01667bf3b8163604afe1,run_426e178132511f80,1,42,exact_empirical,exact_empirical,False,0.2,0.35,,,0.05,0.5,,,A,opposed_binary_state_preferences_v1,binary_stay_switch_a0_0p1_a1_0p9_v1,113,A,A,1.0,1.0,0.0,0.0,0.0,0.0,0.0,agreement,,,a0,a0,0,AI,a0,AI,0.009615384615384616,0.009523809523809525,True,True,0.0,0.00015996088442544394,0.9180930676856245,0.9180930676856245,1.566878125785615e-08,1.4500431818107149e-07,1.566878125785615e-08,2,111,0.017699115044247787,0.9823008849557522,111,0,2,0.9823008849557522,0.0,0.017699115044247787,0,0,,,105,8,0.9292035398230089,0.07079646017699115,104,0,0,7,105,0,0,8
scenario1,200,scenario1__H200__eta-exact_empirical__states-endogenous,cfg_01667bf3b8163604afe1,run_426e178132511f80,1,42,exact_empirical,exact_empirical,False,0.2,0.35,,,0.05,0.5,,,A,opposed_binary_state_preferences_v1,binary_stay_switch_a0_0p1_a1_0p9_v1,114,A,B,1.0,1.0,0.0,0.0,0.0,0.0,0.0,agreement,,,a0,a0,0,AI,a0,AI,0.009523809523809525,0.009433962264150943,True,True,0.0,0.00015196284020417173,0.9221884143013432,0.9221884143013432,1.4301167475088843e-08,1.4500431818107149e-07,1.4301167475088843e-08,2,112,0.017543859649122806,0.9824561403508771,112,0,2,0.9824561403508771,0.0,0.017543859649122806,0,0,,,106,8,0.9298245614035088,0.07017543859649122,105,0,0,7,106,0,0,8
scenario1,200,scenario1__H200__eta-exact_empirical__states-endogenous,cfg_01667bf3b8163604afe1,run_426e178132511f80,1,42,exact_empirical,exact_empirical,False,0.2,0.35,,,0.05,0.5,,,A,opposed_binary_state_preferences_v1,binary_stay_switch_a0_0p1_a1_0p9_v1,115,B,A,1.0,1.0,0.0,0.0,0.0,0.0,0.0,agreement,,,a1,a1,0,AI,a1,AI,0.125,0.1111111111111111,True,True,0.0,0.00015996088442544394,0.12087375156541925,0.12087375156541925,1.4301167475088843e-08,1.368574127284355e-08,1.368574127284355e-08,2,113,0.017391304347826087,0.9826086956521739,113,0,2,0.9826086956521739,0.0,0.017391304347826087,0,0,,,106,9,0.9217391304347826,0.0782608695652174,105,0,0,8,106,0,0,9
scenario1,200,scenario1__H200__eta-exact_empirical__states-endogenous,cfg_01667bf3b8163604afe1,run_426e178132511f80,1,42,exact_empirical,exact_empirical,False,0.2,0.35,,,0.05,0.5,,,A,opposed_binary_state_preferences_v1,binary_stay_switch_a0_0p1_a1_0p9_v1,116,A,A,1.0,1.0,0.0,0.0,0.0,0.0,0.0,agreement,,,a0,a0,0,AI,a0,AI,0.009433962264150943,0.009345794392523364,True,True,0.0,0.00013714646328426497,0.8822750439069622,0.8822750439069622,7.119812427432156e-09,1.368574127284355e-08,7.119812427432156e-09,2,114,0.017241379310344827,0.9827586206896551,114,0,2,0.9827586206896551,0.0,0.017241379310344827,0,0,,,107,9,0.9224137931034483,0.07758620689655173,106,0,0,8,107,0,0,9
scenario1,200,scenario1__H200__eta-exact_empirical__states-endogenous,cfg_01667bf3b8163604afe1,run_426e178132511f80,1,42,exact_empirical,exact_empirical,False,0.2,0.35,,,0.05,0.5,,,A,opposed_binary_state_preferences_v1,binary_stay_switch_a0_0p1_a1_0p9_v1,117,A,A,1.0,1.0,0.0,0.0,0.0,0.0,0.0,agreement,,,a0,a0,0,AI,a0,AI,0.009345794392523364,0.009259259259259259,True,True,0.0,0.00013028914012005172,0.8881612917116141,0.8881612917116141,3.888202655986648e-09,1.368574127284355e-08,3.888202655986648e-09,2,115,0.017094017094017096,0.9829059829059829,115,0,2,0.9829059829059829,0.0,0.017094017094017096,0,0,,,108,9,0.9230769230769231,0.07692307692307693,107,0,0,8,108,0,0,9
scenario1,200,scenario1__H200__eta-exact_empirical__states-endogenous,cfg_01667bf3b8163604afe1,run_426e178132511f80,1,42,exact_empirical,exact_empirical,False,0.2,0.35,,,0.05,0.5,,,A,opposed_binary_state_preferences_v1,binary_stay_switch_a0_0p1_a1_0p9_v1,118,A,A,1.0,1.0,0.0,0.0,0.0,0.0,0.0,agreement,,,a0,a0,0,AI,a0,AI,0.009259259259259259,0.009174311926605505,True,True,0.0,0.00012377468311404913,0.8937532271260333,0.8937532271260333,2.4339782588361693e-09,1.368574127284355e-08,2.4339782588361693e-09,2,116,0.01694915254237288,0.9830508474576272,116,0,2,0.9830508474576272,0.0,0.01694915254237288,0,0,,,109,9,0.923728813559322,0.07627118644067797,108,0,0,8,109,0,0,9
scenario1,200,scenario1__H200__eta-exact_empirical__states-endogenous,cfg_01667bf3b8163604afe1,run_426e178132511f80,1,42,exact_empirical,exact_empirical,False,0.2,0.35,,,0.05,0.5,,,A,opposed_binary_state_preferences_v1,binary_stay_switch_a0_0p1_a1_0p9_v1,119,A,A,1.0,1.0,0.0,0.0,0.0,0.0,0.0,agreement,,,a0,a0,0,AI,a0,AI,0.009174311926605505,0.00909090909090909,True,True,0.0,0.00011758594895834667,0.8990655657697316,0.8990655657697316,1.7795772801184538e-09,1.368574127284355e-08,1.7795772801184538e-09,2,117,0.01680672268907563,0.9831932773109243,117,0,2,0.9831932773109243,0.0,0.01680672268907563,0,0,,,110,9,0.9243697478991597,0.07563025210084033,109,0,0,8,110,0,0,9
scenario1,200,scenario1__H200__eta-exact_empirical__states-endogenous,cfg_01667bf3b8163604afe1,run_426e178132511f80,1,42,exact_empirical,exact_empirical,False,0.2,0.35,,,0.05,0.5,,,A,opposed_binary_state_preferences_v1,binary_stay_switch_a0_0p1_a1_0p9_v1,120,A,A,1.0,1.0,0.0,0.0,0.0,0.0,0.0,agreement,,,a0,a0,0,AI,a0,AI,0.00909090909090909,0.009009009009009009,True,True,0.0,0.00011170665151042934,0.9041122874812451,0.9041122874812451,1.4850968396954819e-09,1.368574127284355e-08,1.4850968396954819e-09,2,118,0.016666666666666666,0.9833333333333333,118,0,2,0.9833333333333333,0.0,0.016666666666666666,0,0,,,111,9,0.925,0.075,110,0,0,8,111,0,0,9
scenario1,200,scenario1__H200__eta-exact_empirical__states-endogenous,cfg_01667bf3b8163604afe1,run_426e178132511f80,1,42,exact_empirical,exact_empirical,False,0.2,0.35,,,0.05,0.5,,,A,opposed_binary_state_preferences_v1,binary_stay_switch_a0_0p1_a1_0p9_v1,121,A,A,1.0,1.0,0.0,0.0,0.0,0.0,0.0,agreement,,,a0,a0,0,AI,a0,AI,0.009009009009009009,0.008928571428571428,True,True,0.0,0.00010612131893490787,0.9089066731071828,0.9089066731071828,1.3525806415051445e-09,1.368574127284355e-08,1.3525806415051445e-09,2,119,0.01652892561983471,0.9834710743801653,119,0,2,0.9834710743801653,0.0,0.01652892561983471,0,0,,,112,9,0.9256198347107438,0.0743801652892562,111,0,0,8,112,0,0,9
scenario1,200,scenario1__H200__eta-exact_empirical__states-endogenous,cfg_01667bf3b8163604afe1,run_426e178132511f80,1,42,exact_empirical,exact_empirical,False,0.2,0.35,,,0.05,0.5,,,A,opposed_binary_state_preferences_v1,binary_stay_switch_a0_0p1_a1_0p9_v1,122,A,A,1.0,1.0,0.0,0.0,0.0,0.0,0.0,agreement,,,a0,a0,0,AI,a0,AI,0.008928571428571428,0.008849557522123894,True,True,0.0,0.00010081525298816247,0.9134613394518236,0.9134613394518236,1.2929483523194927e-09,1.368574127284355e-08,1.2929483523194927e-09,2,120,0.01639344262295082,0.9836065573770492,120,0,2,0.9836065573770492,0.0,0.01639344262295082,0,0,,,113,9,0.9262295081967213,0.07377049180327869,112,0,0,8,113,0,0,9
scenario1,200,scenario1__H200__eta-exact_empirical__states-endogenous,cfg_01667bf3b8163604afe1,run_426e178132511f80,1,42,exact_empirical,exact_empirical,False,0.2,0.35,,,0.05,0.5,,,A,opposed_binary_state_preferences_v1,binary_stay_switch_a0_0p1_a1_0p9_v1,123,A,A,1.0,1.0,0.0,0.0,0.0,0.0,0.0,agreement,,,a0,a0,0,AI,a0,AI,0.008849557522123894,0.008771929824561403,True,True,0.0,9.577449033875435e-05,0.9177882724792324,0.9177882724792324,1.2661138221859492e-09,1.368574127284355e-08,1.2661138221859492e-09,2,121,0.016260162601626018,0.983739837398374,121,0,2,0.983739837398374,0.0,0.016260162601626018,0,0,,,114,9,0.926829268292683,0.07317073170731707,113,0,0,8,114,0,0,9
scenario1,200,scenario1__H200__eta-exact_empirical__states-endogenous,cfg_01667bf3b8163604afe1,run_426e178132511f80,1,42,exact_empirical,exact_empirical,False,0.2,0.35,,,0.05,0.5,,,A,opposed_binary_state_preferences_v1,binary_stay_switch_a0_0p1_a1_0p9_v1,124,A,A,1.0,1.0,0.0,0.0,0.0,0.0,0.0,agreement,,,a0,a0,0,AI,a0,AI,0.008771929824561403,0.008695652173913044,True,True,0.0,9.098576582181663e-05,0.9218988588552708,0.9218988588552708,1.2540382836258547e-09,1.368574127284355e-08,1.2540382836258547e-09,2,122,0.016129032258064516,0.9838709677419355,122,0,2,0.9838709677419355,0.0,0.016129032258064516,0,0,,,115,9,0.9274193548387096,0.07258064516129033,114,0,0,8,115,0,0,9
scenario1,200,scenario1__H200__eta-exact_empirical__states-endogenous,cfg_01667bf3b8163604afe1,run_426e178132511f80,1,42,exact_empirical,exact_empirical,False,0.2,0.35,,,0.05,0.5,,,A,opposed_binary_state_preferences_v1,binary_stay_switch_a0_0p1_a1_0p9_v1,125,A,A,1.0,1.0,0.0,0.0,0.0,0.0,0.0,agreement,,,a0,a0,0,AI,a0,AI,0.008695652173913044,0.008620689655172414,True,True,0.0,8.64364775307258e-05,0.9258039159125072,0.9258039159125072,1.2486042912738121e-09,1.368574127284355e-08,1.2486042912738121e-09,2,123,0.016,0.984,123,0,2,0.984,0.0,0.016,0,0,,,116,9,0.928,0.072,115,0,0,8,116,0,0,9
scenario1,200,scenario1__H200__eta-exact_empirical__states-endogenous,cfg_01667bf3b8163604afe1,run_426e178132511f80,1,42,exact_empirical,exact_empirical,False,0.2,0.35,,,0.05,0.5,,,A,opposed_binary_state_preferences_v1,binary_stay_switch_a0_0p1_a1_0p9_v1,126,A,A,1.0,1.0,0.0,0.0,0.0,0.0,0.0,agreement,,,a0,a0,0,AI,a0,AI,0.008620689655172414,0.008547008547008548,True,True,0.0,8.211465365418951e-05,0.9295137201168818,0.9295137201168818,1.2461589947153931e-09,1.368574127284355e-08,1.2461589947153931e-09,2,124,0.015873015873015872,0.9841269841269841,124,0,2,0.9841269841269841,0.0,0.015873015873015872,0,0,,,117,9,0.9285714285714286,0.07142857142857142,116,0,0,8,117,0,0,9
scenario1,200,scenario1__H200__eta-exact_empirical__states-endogenous,cfg_01667bf3b8163604afe1,run_426e178132511f80,1,42,exact_empirical,exact_empirical,False,0.2,0.35,,,0.05,0.5,,,A,opposed_binary_state_preferences_v1,binary_stay_switch_a0_0p1_a1_0p9_v1,127,A,A,1.0,1.0,0.0,0.0,0.0,0.0,0.0,agreement,,,a0,a0,0,AI,a0,AI,0.008547008547008548,0.00847457627118644,True,True,0.0,7.800892097148003e-05,0.9330380341110377,0.9330380341110377,1.2450586112641045e-09,1.368574127284355e-08,1.2450586112641045e-09,2,125,0.015748031496062992,0.984251968503937,125,0,2,0.984251968503937,0.0,0.015748031496062992,0,0,,,118,9,0.9291338582677166,0.07086614173228346,117,0,0,8,118,0,0,9
scenario1,200,scenario1__H200__eta-exact_empirical__states-endogenous,cfg_01667bf3b8163604afe1,run_426e178132511f80,1,42,exact_empirical,exact_empirical,False,0.2,0.35,,,0.05,0.5,,,A,opposed_binary_state_preferences_v1,binary_stay_switch_a0_0p1_a1_0p9_v1,128,A,A,1.0,1.0,0.0,0.0,0.0,0.0,0.0,agreement,,,a0,a0,0,AI,a0,AI,0.00847457627118644,0.008403361344537815,True,True,0.0,7.410847492290603e-05,0.9363861324054858,0.9363861324054858,1.2445634387110246e-09,1.368574127284355e-08,1.2445634387110246e-09,2,126,0.015625,0.984375,126,0,2,0.984375,0.0,0.015625,0,0,,,119,9,0.9296875,0.0703125,118,0,0,8,119,0,0,9
scenario1,200,scenario1__H200__eta-exact_empirical__states-endogenous,cfg_01667bf3b8163604afe1,run_426e178132511f80,1,42,exact_empirical,exact_empirical,False,0.2,0.35,,,0.05,0.5,,,A,opposed_binary_state_preferences_v1,binary_stay_switch_a0_0p1_a1_0p9_v1,129,A,A,1.0,1.0,0.0,0.0,0.0,0.0,0.0,agreement,,,a0,a0,0,AI,a0,AI,0.008403361344537815,0.008333333333333333,True,True,0.0,7.040305117676073e-05,0.9395668257852116,0.9395668257852116,1.2443406110621387e-09,1.368574127284355e-08,1.2443406110621387e-09,2,127,0.015503875968992248,0.9844961240310077,127,0,2,0.9844961240310077,0.0,0.015503875968992248,0,0,,,120,9,0.9302325581395349,0.06976744186046512,119,0,0,8,120,0,0,9
scenario1,200,scenario1__H200__eta-exact_empirical__states-endogenous,cfg_01667bf3b8163604afe1,run_426e178132511f80,1,42,exact_empirical,exact_empirical,False,0.2,0.35,,,0.05,0.5,,,A,opposed_binary_state_preferences_v1,binary_stay_switch_a0_0p1_a1_0p9_v1,130,A,A,1.0,1.0,0.0,0.0,0.0,0.0,0.0,agreement,,,a0,a0,0,AI,a0,AI,0.008333333333333333,0.008264462809917356,True,True,0.0,6.68828986179227e-05,0.942588484495951,0.942588484495951,1.24424033862014e-09,1.368574127284355e-08,1.24424033862014e-09,2,128,0.015384615384615385,0.9846153846153847,128,0,2,0.9846153846153847,0.0,0.015384615384615385,0,0,,,121,9,0.9307692307692308,0.06923076923076923,120,0,0,8,121,0,0,9
scenario1,200,scenario1__H200__eta-exact_empirical__states-endogenous,cfg_01667bf3b8163604afe1,run_426e178132511f80,1,42,exact_empirical,exact_empirical,False,0.2,0.35,,,0.05,0.5,,,A,opposed_binary_state_preferences_v1,binary_stay_switch_a0_0p1_a1_0p9_v1,131,A,A,1.0,1.0,0.0,0.0,0.0,0.0,0.0,agreement,,,a0,a0,0,AI,a0,AI,0.008264462809917356,0.00819672131147541,True,True,0.0,6.353875368702655e-05,0.9454590602711535,0.9454590602711535,1.2441952160212407e-09,1.368574127284355e-08,1.2441952160212407e-09,2,129,0.015267175572519083,0.9847328244274809,129,0,2,0.9847328244274809,0.0,0.015267175572519083,0,0,,,122,9,0.9312977099236641,0.06870229007633588,121,0,0,8,122,0,0,9
scenario1,200,scenario1__H200__eta-exact_empirical__states-endogenous,cfg_01667bf3b8163604afe1,run_426e178132511f80,1,42,exact_empirical,exact_empirical,False,0.2,0.35,,,0.05,0.5,,,A,opposed_binary_state_preferences_v1,binary_stay_switch_a0_0p1_a1_0p9_v1,132,A,A,1.0,1.0,0.0,0.0,0.0,0.0,0.0,agreement,,,a0,a0,0,AI,a0,AI,0.00819672131147541,0.008130081300813009,True,True,0.0,6.036181600267522e-05,0.9481861072575958,0.9481861072575958,1.2441749108517359e-09,1.368574127284355e-08,1.2441749108517359e-09,2,130,0.015151515151515152,0.9848484848484849,130,0,2,0.9848484848484849,0.0,0.015151515151515152,0,0,,,123,9,0.9318181818181818,0.06818181818181818,122,0,0,8,123,0,0,9
scenario1,200,scenario1__H200__eta-exact_empirical__states-endogenous,cfg_01667bf3b8163604afe1,run_426e178132511f80,1,42,exact_empirical,exact_empirical,False,0.2,0.35,,,0.05,0.5,,,A,opposed_binary_state_preferences_v1,binary_stay_switch_a0_0p1_a1_0p9_v1,133,A,A,1.0,1.0,0.0,0.0,0.0,0.0,0.0,agreement,,,a0,a0,0,AI,a0,AI,0.008130081300813009,0.008064516129032258,True,True,0.0,5.7343725202541454e-05,0.950776801894716,0.950776801894716,1.244165773525459e-09,1.368574127284355e-08,1.244165773525459e-09,2,131,0.015037593984962405,0.9849624060150376,131,0,2,0.9849624060150376,0.0,0.015037593984962405,0,0,,,124,9,0.9323308270676691,0.06766917293233082,123,0,0,8,124,0,0,9
scenario1,200,scenario1__H200__eta-exact_empirical__states-endogenous,cfg_01667bf3b8163604afe1,run_426e178132511f80,1,42,exact_empirical,exact_empirical,False,0.2,0.35,,,0.05,0.5,,,A,opposed_binary_state_preferences_v1,binary_stay_switch_a0_0p1_a1_0p9_v1,134,A,B,1.0,1.0,0.0,0.0,0.0,0.0,0.0,agreement,,,a0,a0,0,AI,a0,AI,0.008064516129032258,0.008,True,True,0.0,5.4476538942414376e-05,0.9532379617999802,0.9532379617999802,1.2441616617286341e-09,1.368574127284355e-08,1.2441616617286341e-09,2,132,0.014925373134328358,0.9850746268656716,132,0,2,0.9850746268656716,0.0,0.014925373134328358,0,0,,,125,9,0.9328358208955224,0.06716417910447761,124,0,0,8,125,0,0,9
scenario1,200,scenario1__H200__eta-exact_empirical__states-endogenous,cfg_01667bf3b8163604afe1,run_426e178132511f80,1,42,exact_empirical,exact_empirical,False,0.2,0.35,,,0.05,0.5,,,A,opposed_binary_state_preferences_v1,binary_stay_switch_a0_0p1_a1_0p9_v1,135,B,B,1.0,1.0,0.0,0.0,0.0,0.0,0.0,agreement,,,a1,a1,0,AI,a1,AI,0.1111111111111111,0.1,True,True,0.0,5.7343725202541454e-05,0.09333153832491026,0.09333153832491026,1.2441616617286341e-09,1.2441598114200629e-09,1.2441598114200629e-09,2,133,0.014814814814814815,0.9851851851851852,133,0,2,0.9851851851851852,0.0,0.014814814814814815,0,0,,,125,10,0.9259259259259259,0.07407407407407407,124,0,0,9,125,0,0,10
scenario1,200,scenario1__H200__eta-exact_empirical__states-endogenous,cfg_01667bf3b8163604afe1,run_426e178132511f80,1,42,exact_empirical,exact_empirical,False,0.2,0.35,,,0.05,0.5,,,A,opposed_binary_state_preferences_v1,binary_stay_switch_a0_0p1_a1_0p9_v1,136,B,A,1.0,1.0,0.0,0.0,0.0,0.0,0.0,agreement,,,a1,a1,0,AI,a1,AI,0.1,0.09090909090909091,True,True,0.0,5.4476538942414376e-05,0.13866496140866474,0.13866496140866474,1.2441616617286341e-09,6.220807383488885e-10,6.220807383488885e-10,2,134,0.014705882352941176,0.9852941176470589,134,0,2,0.9852941176470589,0.0,0.014705882352941176,0,0,,,125,11,0.9191176470588235,0.08088235294117647,124,0,0,10,125,0,0,11
scenario1,200,scenario1__H200__eta-exact_empirical__states-endogenous,cfg_01667bf3b8163604afe1,run_426e178132511f80,1,42,exact_empirical,exact_empirical,False,0.2,0.35,,,0.05,0.5,,,A,opposed_binary_state_preferences_v1,binary_stay_switch_a0_0p1_a1_0p9_v1,137,A,A,1.0,1.0,0.0,0.0,0.0,0.0,0.0,agreement,,,a0,a0,0,AI,a0,AI,0.008,0.007936507936507936,True,True,0.0,4.670682257575252e-05,0.8672823974982579,0.8672823974982579,5.909767846953297e-10,6.220807383488885e-10,5.909767846953297e-10,2,135,0.014598540145985401,0.9854014598540146,135,0,2,0.9854014598540146,0.0,0.014598540145985401,0,0,,,126,11,0.9197080291970803,0.08029197080291971,125,0,0,10,126,0,0,11
scenario1,200,scenario1__H200__eta-exact_empirical__states-endogenous,cfg_01667bf3b8163604afe1,run_426e178132511f80,1,42,exact_empirical,exact_empirical,False,0.2,0.35,,,0.05,0.5,,,A,opposed_binary_state_preferences_v1,binary_stay_switch_a0_0p1_a1_0p9_v1,138,A,A,1.0,1.0,0.0,0.0,0.0,0.0,0.0,agreement,,,a0,a0,0,AI,a0,AI,0.007936507936507936,0.007874015748031496,True,True,0.0,4.437148144696489e-05,0.873918277623345,0.873918277623345,2.970435900303428e-10,6.220807383488885e-10,2.970435900303428e-10,2,136,0.014492753623188406,0.9855072463768116,136,0,2,0.9855072463768116,0.0,0.014492753623188406,0,0,,,127,11,0.9202898550724637,0.07971014492753623,126,0,0,10,127,0,0,11
scenario1,200,scenario1__H200__eta-exact_empirical__states-endogenous,cfg_01667bf3b8163604afe1,run_426e178132511f80,1,42,exact_empirical,exact_empirical,False,0.2,0.35,,,0.05,0.5,,,A,opposed_binary_state_preferences_v1,binary_stay_switch_a0_0p1_a1_0p9_v1,139,A,A,1.0,1.0,0.0,0.0,0.0,0.0,0.0,agreement,,,a0,a0,0,AI,a0,AI,0.007874015748031496,0.0078125,True,True,0.0,4.2152907374616645e-05,0.8802223637421777,0.8802223637421777,1.647736524310987e-10,6.220807383488885e-10,1.647736524310987e-10,2,137,0.014388489208633094,0.9856115107913669,137,0,2,0.9856115107913669,0.0,0.014388489208633094,0,0,,,128,11,0.920863309352518,0.07913669064748201,127,0,0,10,128,0,0,11
scenario1,200,scenario1__H200__eta-exact_empirical__states-endogenous,cfg_01667bf3b8163604afe1,run_426e178132511f80,1,42,exact_empirical,exact_empirical,False,0.2,0.35,,,0.05,0.5,,,A,opposed_binary_state_preferences_v1,binary_stay_switch_a0_0p1_a1_0p9_v1,140,A,B,1.0,1.0,0.0,0.0,0.0,0.0,0.0,agreement,,,a0,a0,0,AI,a0,AI,0.0078125,0.007751937984496124,True,True,0.0,4.004526200588581e-05,0.8862112455550688,0.8862112455550688,1.0525218051143885e-10,6.220807383488885e-10,1.0525218051143885e-10,2,138,0.014285714285714285,0.9857142857142858,138,0,2,0.9857142857142858,0.0,0.014285714285714285,0,0,,,129,11,0.9214285714285714,0.07857142857142857,128,0,0,10,129,0,0,11
scenario1,200,scenario1__H200__eta-exact_empirical__states-endogenous,cfg_01667bf3b8163604afe1,run_426e178132511f80,1,42,exact_empirical,exact_empirical,False,0.2,0.35,,,0.05,0.5,,,A,opposed_binary_state_preferences_v1,binary_stay_switch_a0_0p1_a1_0p9_v1,141,B,A,1.0,1.0,0.0,0.0,0.0,0.0,0.0,agreement,,,a1,a1,0,AI,a1,AI,0.09090909090909091,0.08333333333333333,True,True,0.0,4.2152907374616645e-05,0.1572963038371979,0.1572963038371979,1.0525218051143885e-10,7.84675181475919e-11,7.84675181475919e-11,2,139,0.014184397163120567,0.9858156028368794,139,0,2,0.9858156028368794,0.0,0.014184397163120567,0,0,,,129,12,0.9148936170212766,0.0851063829787234,128,0,0,11,129,0,0,12
scenario1,200,scenario1__H200__eta-exact_empirical__states-endogenous,cfg_01667bf3b8163604afe1,run_426e178132511f80,1,42,exact_empirical,exact_empirical,False,0.2,0.35,,,0.05,0.5,,,A,opposed_binary_state_preferences_v1,binary_stay_switch_a0_0p1_a1_0p9_v1,142,A,A,1.0,1.0,0.0,0.0,0.0,0.0,0.0,agreement,,,a0,a0,0,AI,a0,AI,0.007751937984496124,0.007692307692307693,True,True,0.0,3.6140848960311945e-05,0.8498056491134496,0.8498056491134496,5.1286857137527074e-11,7.84675181475919e-11,5.1286857137527074e-11,2,140,0.014084507042253521,0.9859154929577465,140,0,2,0.9859154929577465,0.0,0.014084507042253521,0,0,,,130,12,0.9154929577464789,0.08450704225352113,129,0,0,11,130,0,0,12
scenario1,200,scenario1__H200__eta-exact_empirical__states-endogenous,cfg_01667bf3b8163604afe1,run_426e178132511f80,1,42,exact_empirical,exact_empirical,False,0.2,0.35,,,0.05,0.5,,,A,opposed_binary_state_preferences_v1,binary_stay_switch_a0_0p1_a1_0p9_v1,143,A,A,1.0,1.0,0.0,0.0,0.0,0.0,0.0,agreement,,,a0,a0,0,AI,a0,AI,0.007692307692307693,0.007633587786259542,True,True,0.0,3.4333806512296344e-05,0.8573153666577771,0.8573153666577771,2.700246161926678e-11,7.84675181475919e-11,2.700246161926678e-11,2,141,0.013986013986013986,0.986013986013986,141,0,2,0.986013986013986,0.0,0.013986013986013986,0,0,,,131,12,0.916083916083916,0.08391608391608392,130,0,0,11,131,0,0,12
scenario1,200,scenario1__H200__eta-exact_empirical__states-endogenous,cfg_01667bf3b8163604afe1,run_426e178132511f80,1,42,exact_empirical,exact_empirical,False,0.2,0.35,,,0.05,0.5,,,A,opposed_binary_state_preferences_v1,binary_stay_switch_a0_0p1_a1_0p9_v1,144,A,A,1.0,1.0,0.0,0.0,0.0,0.0,0.0,agreement,,,a0,a0,0,AI,a0,AI,0.007633587786259542,0.007575757575757576,True,True,0.0,3.261711618668153e-05,0.8644495983248882,0.8644495983248882,1.6074483636049648e-11,7.84675181475919e-11,1.6074483636049648e-11,2,142,0.013888888888888888,0.9861111111111112,142,0,2,0.9861111111111112,0.0,0.013888888888888888,0,0,,,132,12,0.9166666666666666,0.08333333333333333,131,0,0,11,132,0,0,12
scenario1,200,scenario1__H200__eta-exact_empirical__states-endogenous,cfg_01667bf3b8163604afe1,run_426e178132511f80,1,42,exact_empirical,exact_empirical,False,0.2,0.35,,,0.05,0.5,,,A,opposed_binary_state_preferences_v1,binary_stay_switch_a0_0p1_a1_0p9_v1,145,A,A,1.0,1.0,0.0,0.0,0.0,0.0,0.0,agreement,,,a0,a0,0,AI,a0,AI,0.007575757575757576,0.007518796992481203,True,True,0.0,3.098626037734745e-05,0.8712271184086439,0.8712271184086439,1.1156893543601937e-11,7.84675181475919e-11,1.1156893543601937e-11,2,143,0.013793103448275862,0.9862068965517241,143,0,2,0.9862068965517241,0.0,0.013793103448275862,0,0,,,133,12,0.9172413793103448,0.08275862068965517,132,0,0,11,133,0,0,12
scenario1,200,scenario1__H200__eta-exact_empirical__states-endogenous,cfg_01667bf3b8163604afe1,run_426e178132511f80,1,42,exact_empirical,exact_empirical,False,0.2,0.35,,,0.05,0.5,,,A,opposed_binary_state_preferences_v1,binary_stay_switch_a0_0p1_a1_0p9_v1,146,A,A,1.0,1.0,0.0,0.0,0.0,0.0,0.0,agreement,,,a0,a0,0,AI,a0,AI,0.007518796992481203,0.007462686567164179,True,True,0.0,2.9436947358480072e-05,0.8776657624882117,0.8776657624882117,8.943978002000468e-12,7.84675181475919e-11,8.943978002000468e-12,2,144,0.0136986301369863,0.9863013698630136,144,0,2,0.9863013698630136,0.0,0.0136986301369863,0,0,,,134,12,0.9178082191780822,0.0821917808219178,133,0,0,11,134,0,0,12
scenario1,200,scenario1__H200__eta-exact_empirical__states-endogenous,cfg_01667bf3b8163604afe1,run_426e178132511f80,1,42,exact_empirical,exact_empirical,False,0.2,0.35,,,0.05,0.5,,,A,opposed_binary_state_preferences_v1,binary_stay_switch_a0_0p1_a1_0p9_v1,147,A,A,1.0,1.0,0.0,0.0,0.0,0.0,0.0,agreement,,,a0,a0,0,AI,a0,AI,0.007462686567164179,0.007407407407407408,True,True,0.0,2.7965099990556068e-05,0.8837824743638011,0.8837824743638011,7.948166008279807e-12,7.84675181475919e-11,7.948166008279807e-12,2,145,0.013605442176870748,0.9863945578231292,145,0,2,0.9863945578231292,0.0,0.013605442176870748,0,0,,,135,12,0.9183673469387755,0.08163265306122448,134,0,0,11,135,0,0,12
scenario1,200,scenario1__H200__eta-exact_empirical__states-endogenous,cfg_01667bf3b8163604afe1,run_426e178132511f80,1,42,exact_empirical,exact_empirical,False,0.2,0.35,,,0.05,0.5,,,A,opposed_binary_state_preferences_v1,binary_stay_switch_a0_0p1_a1_0p9_v1,148,A,A,1.0,1.0,0.0,0.0,0.0,0.0,0.0,agreement,,,a0,a0,0,AI,a0,AI,0.007407407407407408,0.007352941176470588,True,True,0.0,2.6566844991028262e-05,0.8895933506456111,0.8895933506456111,7.500050611105509e-12,7.84675181475919e-11,7.500050611105509e-12,2,146,0.013513513513513514,0.9864864864864865,146,0,2,0.9864864864864865,0.0,0.013513513513513514,0,0,,,136,12,0.918918918918919,0.08108108108108109,135,0,0,11,136,0,0,12
scenario1,200,scenario1__H200__eta-exact_empirical__states-endogenous,cfg_01667bf3b8163604afe1,run_426e178132511f80,1,42,exact_empirical,exact_empirical,False,0.2,0.35,,,0.05,0.5,,,A,opposed_binary_state_preferences_v1,binary_stay_switch_a0_0p1_a1_0p9_v1,149,A,B,1.0,1.0,0.0,0.0,0.0,0.0,0.0,agreement,,,a0,a0,0,AI,a0,AI,0.007352941176470588,0.0072992700729927005,True,True,0.0,2.5238502741476848e-05,0.8951136831133305,0.8951136831133305,7.298398682377075e-12,7.84675181475919e-11,7.298398682377075e-12,2,147,0.013422818791946308,0.9865771812080537,147,0,2,0.9865771812080537,0.0,0.013422818791946308,0,0,,,137,12,0.9194630872483222,0.08053691275167785,136,0,0,11,137,0,0,12
scenario1,200,scenario1__H200__eta-exact_empirical__states-endogenous,cfg_01667bf3b8163604afe1,run_426e178132511f80,1,42,exact_empirical,exact_empirical,False,0.2,0.35,,,0.05,0.5,,,A,opposed_binary_state_preferences_v1,binary_stay_switch_a0_0p1_a1_0p9_v1,150,B,A,1.0,1.0,0.0,0.0,0.0,0.0,0.0,agreement,,,a1,a1,0,AI,a1,AI,0.08333333333333333,0.07692307692307693,True,True,0.0,2.6566844991028262e-05,0.14913590264525675,0.14913590264525675,7.298398682377075e-12,7.207655314449278e-12,7.207655314449278e-12,2,148,0.013333333333333334,0.9866666666666667,148,0,2,0.9866666666666667,0.0,0.013333333333333334,0,0,,,137,13,0.9133333333333333,0.08666666666666667,136,0,0,12,137,0,0,13
scenario1,200,scenario1__H200__eta-exact_empirical__states-endogenous,cfg_01667bf3b8163604afe1,run_426e178132511f80,1,42,exact_empirical,exact_empirical,False,0.2,0.35,,,0.05,0.5,,,A,opposed_binary_state_preferences_v1,binary_stay_switch_a0_0p1_a1_0p9_v1,151,A,A,1.0,1.0,0.0,0.0,0.0,0.0,0.0,agreement,,,a0,a0,0,AI,a0,AI,0.0072992700729927005,0.007246376811594203,True,True,0.0,2.277774872418285e-05,0.8578400990097808,0.8578400990097808,3.644662172792148e-12,7.207655314449278e-12,3.644662172792148e-12,2,149,0.013245033112582781,0.9867549668874173,149,0,2,0.9867549668874173,0.0,0.013245033112582781,0,0,,,138,13,0.9139072847682119,0.08609271523178808,137,0,0,12,138,0,0,13
scenario1,200,scenario1__H200__eta-exact_empirical__states-endogenous,cfg_01667bf3b8163604afe1,run_426e178132511f80,1,42,exact_empirical,exact_empirical,False,0.2,0.35,,,0.05,0.5,,,A,opposed_binary_state_preferences_v1,binary_stay_switch_a0_0p1_a1_0p9_v1,152,A,A,1.0,1.0,0.0,0.0,0.0,0.0,0.0,agreement,,,a0,a0,0,AI,a0,AI,0.007246376811594203,0.007194244604316547,True,True,0.0,2.1638861287973706e-05,0.8649480940592917,0.8649480940592917,2.0004807434789305e-12,7.207655314449278e-12,2.0004807434789305e-12,2,150,0.013157894736842105,0.9868421052631579,150,0,2,0.9868421052631579,0.0,0.013157894736842105,0,0,,,139,13,0.9144736842105263,0.08552631578947369,138,0,0,12,139,0,0,13
scenario1,200,scenario1__H200__eta-exact_empirical__states-endogenous,cfg_01667bf3b8163604afe1,run_426e178132511f80,1,42,exact_empirical,exact_empirical,False,0.2,0.35,,,0.05,0.5,,,A,opposed_binary_state_preferences_v1,binary_stay_switch_a0_0p1_a1_0p9_v1,153,A,A,1.0,1.0,0.0,0.0,0.0,0.0,0.0,agreement,,,a0,a0,0,AI,a0,AI,0.007194244604316547,0.007142857142857143,True,True,0.0,2.055691822357502e-05,0.8717006893563272,0.8717006893563272,1.2605991002879828e-12,7.207655314449278e-12,1.2605991002879828e-12,2,151,0.013071895424836602,0.9869281045751634,151,0,2,0.9869281045751634,0.0,0.013071895424836602,0,0,,,140,13,0.9150326797385621,0.08496732026143791,139,0,0,12,140,0,0,13
scenario1,200,scenario1__H200__eta-exact_empirical__states-endogenous,cfg_01667bf3b8163604afe1,run_426e178132511f80,1,42,exact_empirical,exact_empirical,False,0.2,0.35,,,0.05,0.5,,,A,opposed_binary_state_preferences_v1,binary_stay_switch_a0_0p1_a1_0p9_v1,154,A,A,1.0,1.0,0.0,0.0,0.0,0.0,0.0,agreement,,,a0,a0,0,AI,a0,AI,0.007142857142857143,0.0070921985815602835,True,True,0.0,1.9529072312396267e-05,0.8781156548885108,0.8781156548885108,9.276523608520562e-13,7.207655314449278e-12,9.276523608520562e-13,2,152,0.012987012987012988,0.987012987012987,152,0,2,0.987012987012987,0.0,0.012987012987012988,0,0,,,141,13,0.9155844155844156,0.08441558441558442,140,0,0,12,141,0,0,13
scenario1,200,scenario1__H200__eta-exact_empirical__states-endogenous,cfg_01667bf3b8163604afe1,run_426e178132511f80,1,42,exact_empirical,exact_empirical,False,0.2,0.35,,,0.05,0.5,,,A,opposed_binary_state_preferences_v1,binary_stay_switch_a0_0p1_a1_0p9_v1,155,A,A,1.0,1.0,0.0,0.0,0.0,0.0,0.0,agreement,,,a0,a0,0,AI,a0,AI,0.0070921985815602835,0.007042253521126761,True,True,0.0,1.8552618696776453e-05,0.8842098721440853,0.8842098721440853,7.778263281058892e-13,7.207655314449278e-12,7.778263281058892e-13,2,153,0.012903225806451613,0.9870967741935484,153,0,2,0.9870967741935484,0.0,0.012903225806451613,0,0,,,142,13,0.9161290322580645,0.08387096774193549,141,0,0,12,142,0,0,13
scenario1,200,scenario1__H200__eta-exact_empirical__states-endogenous,cfg_01667bf3b8163604afe1,run_426e178132511f80,1,42,exact_empirical,exact_empirical,False,0.2,0.35,,,0.05,0.5,,,A,opposed_binary_state_preferences_v1,binary_stay_switch_a0_0p1_a1_0p9_v1,156,A,B,1.0,1.0,0.0,0.0,0.0,0.0,0.0,agreement,,,a0,a0,0,AI,a0,AI,0.007042253521126761,0.006993006993006993,True,True,0.0,1.762498776193763e-05,0.889999378536881,0.889999378536881,7.104046133701142e-13,7.207655314449278e-12,7.104046133701142e-13,2,154,0.01282051282051282,0.9871794871794872,154,0,2,0.9871794871794872,0.0,0.01282051282051282,0,0,,,143,13,0.9166666666666666,0.08333333333333333,142,0,0,12,143,0,0,13
scenario1,200,scenario1__H200__eta-exact_empirical__states-endogenous,cfg_01667bf3b8163604afe1,run_426e178132511f80,1,42,exact_empirical,exact_empirical,False,0.2,0.35,,,0.05,0.5,,,A,opposed_binary_state_preferences_v1,binary_stay_switch_a0_0p1_a1_0p9_v1,157,B,A,1.0,1.0,0.0,0.0,0.0,0.0,0.0,agreement,,,a1,a1,0,AI,a1,AI,0.07692307692307693,0.07142857142857142,True,True,0.0,1.8552618696776453e-05,0.15414716300378928,0.15414716300378928,7.104046133701142e-13,6.800648417390153e-13,6.800648417390153e-13,2,155,0.012738853503184714,0.9872611464968153,155,0,2,0.9872611464968153,0.0,0.012738853503184714,0,0,,,143,14,0.910828025477707,0.08917197452229299,142,0,0,13,143,0,0,14
scenario1,200,scenario1__H200__eta-exact_empirical__states-endogenous,cfg_01667bf3b8163604afe1,run_426e178132511f80,1,42,exact_empirical,exact_empirical,False,0.2,0.35,,,0.05,0.5,,,A,opposed_binary_state_preferences_v1,binary_stay_switch_a0_0p1_a1_0p9_v1,158,A,A,1.0,1.0,0.0,0.0,0.0,0.0,0.0,agreement,,,a0,a0,0,AI,a0,AI,0.006993006993006993,0.006944444444444444,True,True,0.0,1.5906551455148713e-05,0.8532244391295352,0.8532244391295352,3.5368531810350216e-13,6.800648417390153e-13,3.5368531810350216e-13,2,156,0.012658227848101266,0.9873417721518988,156,0,2,0.9873417721518988,0.0,0.012658227848101266,0,0,,,144,14,0.9113924050632911,0.08860759493670886,143,0,0,13,144,0,0,14
scenario1,200,scenario1__H200__eta-exact_empirical__states-endogenous,cfg_01667bf3b8163604afe1,run_426e178132511f80,1,42,exact_empirical,exact_empirical,False,0.2,0.35,,,0.05,0.5,,,A,opposed_binary_state_preferences_v1,binary_stay_switch_a0_0p1_a1_0p9_v1,159,A,A,1.0,1.0,0.0,0.0,0.0,0.0,0.0,agreement,,,a0,a0,0,AI,a0,AI,0.006944444444444444,0.006896551724137931,True,True,0.0,1.5111223882391277e-05,0.8605632171730584,0.8605632171730584,1.9316163523352673e-13,6.800648417390153e-13,1.9316163523352673e-13,2,157,0.012578616352201259,0.9874213836477987,157,0,2,0.9874213836477987,0.0,0.012578616352201259,0,0,,,145,14,0.9119496855345912,0.0880503144654088,144,0,0,13,145,0,0,14
scenario1,200,scenario1__H200__eta-exact_empirical__states-endogenous,cfg_01667bf3b8163604afe1,run_426e178132511f80,1,42,exact_empirical,exact_empirical,False,0.2,0.35,,,0.05,0.5,,,A,opposed_binary_state_preferences_v1,binary_stay_switch_a0_0p1_a1_0p9_v1,160,A,A,1.0,1.0,0.0,0.0,0.0,0.0,0.0,agreement,,,a0,a0,0,AI,a0,AI,0.006896551724137931,0.00684931506849315,True,True,0.0,1.4355662688271712e-05,0.8675350563144055,0.8675350563144055,1.209259779420378e-13,6.800648417390153e-13,1.209259779420378e-13,2,158,0.0125,0.9875,158,0,2,0.9875,0.0,0.0125,0,0,,,146,14,0.9125,0.0875,145,0,0,13,146,0,0,14
scenario1,200,scenario1__H200__eta-exact_empirical__states-endogenous,cfg_01667bf3b8163604afe1,run_426e178132511f80,1,42,exact_empirical,exact_empirical,False,0.2,0.35,,,0.05,0.5,,,A,opposed_binary_state_preferences_v1,binary_stay_switch_a0_0p1_a1_0p9_v1,161,A,A,1.0,1.0,0.0,0.0,0.0,0.0,0.0,agreement,,,a0,a0,0,AI,a0,AI,0.00684931506849315,0.006802721088435374,True,True,0.0,1.3637879553858125e-05,0.8741583034986853,0.8741583034986853,8.841993216086778e-14,6.800648417390153e-13,8.841993216086778e-14,2,159,0.012422360248447204,0.9875776397515528,159,0,2,0.9875776397515528,0.0,0.012422360248447204,0,0,,,147,14,0.9130434782608695,0.08695652173913043,146,0,0,13,147,0,0,14
scenario1,200,scenario1__H200__eta-exact_empirical__states-endogenous,cfg_01667bf3b8163604afe1,run_426e178132511f80,1,42,exact_empirical,exact_empirical,False,0.2,0.35,,,0.05,0.5,,,A,opposed_binary_state_preferences_v1,binary_stay_switch_a0_0p1_a1_0p9_v1,162,A,A,1.0,1.0,0.0,0.0,0.0,0.0,0.0,agreement,,,a0,a0,0,AI,a0,AI,0.006802721088435374,0.006756756756756757,True,True,0.0,1.2955985576165217e-05,0.880450388323751,0.880450388323751,7.379221155934126e-14,6.800648417390153e-13,7.379221155934126e-14,2,160,0.012345679012345678,0.9876543209876543,160,0,2,0.9876543209876543,0.0,0.012345679012345678,0,0,,,148,14,0.9135802469135802,0.08641975308641975,147,0,0,13,148,0,0,14
scenario1,200,scenario1__H200__eta-exact_empirical__states-endogenous,cfg_01667bf3b8163604afe1,run_426e178132511f80,1,42,exact_empirical,exact_empirical,False,0.2,0.35,,,0.05,0.5,,,A,opposed_binary_state_preferences_v1,binary_stay_switch_a0_0p1_a1_0p9_v1,163,A,A,1.0,1.0,0.0,0.0,0.0,0.0,0.0,agreement,,,a0,a0,0,AI,a0,AI,0.006756756756756757,0.006711409395973154,True,True,0.0,1.2308186297356956e-05,0.8864278689075634,0.8864278689075634,6.720973728865434e-14,6.800648417390153e-13,6.720973728865434e-14,2,161,0.012269938650306749,0.9877300613496932,161,0,2,0.9877300613496932,0.0,0.012269938650306749,0,0,,,149,14,0.9141104294478528,0.08588957055214724,148,0,0,13,149,0,0,14
scenario1,200,scenario1__H200__eta-exact_empirical__states-endogenous,cfg_01667bf3b8163604afe1,run_426e178132511f80,1,42,exact_empirical,exact_empirical,False,0.2,0.35,,,0.05,0.5,,,A,opposed_binary_state_preferences_v1,binary_stay_switch_a0_0p1_a1_0p9_v1,164,A,A,1.0,1.0,0.0,0.0,0.0,0.0,0.0,agreement,,,a0,a0,0,AI,a0,AI,0.006711409395973154,0.006666666666666667,True,True,0.0,1.1692776982489108e-05,0.8921064754621852,0.8921064754621852,6.424762386684522e-14,6.800648417390153e-13,6.424762386684522e-14,2,162,0.012195121951219513,0.9878048780487805,162,0,2,0.9878048780487805,0.0,0.012195121951219513,0,0,,,150,14,0.9146341463414634,0.08536585365853659,149,0,0,13,150,0,0,14
scenario1,200,scenario1__H200__eta-exact_empirical__states-endogenous,cfg_01667bf3b8163604afe1,run_426e178132511f80,1,42,exact_empirical,exact_empirical,False,0.2,0.35,,,0.05,0.5,,,A,opposed_binary_state_preferences_v1,binary_stay_switch_a0_0p1_a1_0p9_v1,165,A,A,1.0,1.0,0.0,0.0,0.0,0.0,0.0,agreement,,,a0,a0,0,AI,a0,AI,0.006666666666666667,0.006622516556291391,True,True,0.0,1.1108138133364652e-05,0.897501151689076,0.897501151689076,6.291467282703112e-14,6.800648417390153e-13,6.291467282703112e-14,2,163,0.012121212121212121,0.9878787878787879,163,0,2,0.9878787878787879,0.0,0.012121212121212121,0,0,,,151,14,0.9151515151515152,0.08484848484848485,150,0,0,13,151,0,0,14
scenario1,200,scenario1__H200__eta-exact_empirical__states-endogenous,cfg_01667bf3b8163604afe1,run_426e178132511f80,1,42,exact_empirical,exact_empirical,False,0.2,0.35,,,0.05,0.5,,,A,opposed_binary_state_preferences_v1,binary_stay_switch_a0_0p1_a1_0p9_v1,166,A,A,1.0,1.0,0.0,0.0,0.0,0.0,0.0,agreement,,,a0,a0,0,AI,a0,AI,0.006622516556291391,0.006578947368421052,True,True,0.0,1.0552731226696418e-05,0.9026260941046221,0.9026260941046221,6.231484485911476e-14,6.800648417390153e-13,6.231484485911476e-14,2,164,0.012048192771084338,0.9879518072289156,164,0,2,0.9879518072289156,0.0,0.012048192771084338,0,0,,,152,14,0.9156626506024096,0.08433734939759036,151,0,0,13,152,0,0,14
scenario1,200,scenario1__H200__eta-exact_empirical__states-endogenous,cfg_01667bf3b8163604afe1,run_426e178132511f80,1,42,exact_empirical,exact_empirical,False,0.2,0.35,,,0.05,0.5,,,A,opposed_binary_state_preferences_v1,binary_stay_switch_a0_0p1_a1_0p9_v1,167,A,A,1.0,1.0,0.0,0.0,0.0,0.0,0.0,agreement,,,a0,a0,0,AI,a0,AI,0.006578947368421052,0.006535947712418301,True,True,0.0,1.0025094665361597e-05,0.907494789399391,0.907494789399391,6.20449222735524e-14,6.800648417390153e-13,6.20449222735524e-14,2,165,0.011976047904191617,0.9880239520958084,165,0,2,0.9880239520958084,0.0,0.011976047904191617,0,0,,,153,14,0.9161676646706587,0.08383233532934131,152,0,0,13,153,0,0,14
scenario1,200,scenario1__H200__eta-exact_empirical__states-endogenous,cfg_01667bf3b8163604afe1,run_426e178132511f80,1,42,exact_empirical,exact_empirical,False,0.2,0.35,,,0.05,0.5,,,A,opposed_binary_state_preferences_v1,binary_stay_switch_a0_0p1_a1_0p9_v1,168,A,A,1.0,1.0,0.0,0.0,0.0,0.0,0.0,agreement,,,a0,a0,0,AI,a0,AI,0.006535947712418301,0.006493506493506494,True,True,0.0,9.523839932093517e-06,0.9121200499294214,0.9121200499294214,6.192345711004935e-14,6.800648417390153e-13,6.192345711004935e-14,2,166,0.011904761904761904,0.9880952380952381,166,0,2,0.9880952380952381,0.0,0.011904761904761904,0,0,,,154,14,0.9166666666666666,0.08333333333333333,153,0,0,13,154,0,0,14
scenario1,200,scenario1__H200__eta-exact_empirical__states-endogenous,cfg_01667bf3b8163604afe1,run_426e178132511f80,1,42,exact_empirical,exact_empirical,False,0.2,0.35,,,0.05,0.5,,,A,opposed_binary_state_preferences_v1,binary_stay_switch_a0_0p1_a1_0p9_v1,169,A,A,1.0,1.0,0.0,0.0,0.0,0.0,0.0,agreement,,,a0,a0,0,AI,a0,AI,0.006493506493506494,0.0064516129032258064,True,True,0.0,9.047647935488842e-06,0.9165140474329504,0.9165140474329504,6.186879778647297e-14,6.800648417390153e-13,6.186879778647297e-14,2,167,0.011834319526627219,0.9881656804733728,167,0,2,0.9881656804733728,0.0,0.011834319526627219,0,0,,,155,14,0.9171597633136095,0.08284023668639054,154,0,0,13,155,0,0,14
scenario1,200,scenario1__H200__eta-exact_empirical__states-endogenous,cfg_01667bf3b8163604afe1,run_426e178132511f80,1,42,exact_empirical,exact_empirical,False,0.2,0.35,,,0.05,0.5,,,A,opposed_binary_state_preferences_v1,binary_stay_switch_a0_0p1_a1_0p9_v1,170,A,A,1.0,1.0,0.0,0.0,0.0,0.0,0.0,agreement,,,a0,a0,0,AI,a0,AI,0.0064516129032258064,0.00641025641025641,True,True,0.0,8.5952655387144e-06,0.9206883450613029,0.9206883450613029,6.18442010908636e-14,6.800648417390153e-13,6.18442010908636e-14,2,168,0.011764705882352941,0.9882352941176471,168,0,2,0.9882352941176471,0.0,0.011764705882352941,0,0,,,156,14,0.9176470588235294,0.08235294117647059,155,0,0,13,156,0,0,14
scenario1,200,scenario1__H200__eta-exact_empirical__states-endogenous,cfg_01667bf3b8163604afe1,run_426e178132511f80,1,42,exact_empirical,exact_empirical,False,0.2,0.35,,,0.05,0.5,,,A,opposed_binary_state_preferences_v1,binary_stay_switch_a0_0p1_a1_0p9_v1,171,A,A,1.0,1.0,0.0,0.0,0.0,0.0,0.0,agreement,,,a0,a0,0,AI,a0,AI,0.00641025641025641,0.006369426751592357,True,True,0.0,8.165502261778679e-06,0.9246539278082377,0.9246539278082377,6.183313257783938e-14,6.800648417390153e-13,6.183313257783938e-14,2,169,0.011695906432748537,0.9883040935672515,169,0,2,0.9883040935672515,0.0,0.011695906432748537,0,0,,,157,14,0.9181286549707602,0.08187134502923976,156,0,0,13,157,0,0,14
scenario1,200,scenario1__H200__eta-exact_empirical__states-endogenous,cfg_01667bf3b8163604afe1,run_426e178132511f80,1,42,exact_empirical,exact_empirical,False,0.2,0.35,,,0.05,0.5,,,A,opposed_binary_state_preferences_v1,binary_stay_switch_a0_0p1_a1_0p9_v1,172,A,A,1.0,1.0,0.0,0.0,0.0,0.0,0.0,agreement,,,a0,a0,0,AI,a0,AI,0.006369426751592357,0.006329113924050633,True,True,0.0,7.757227148689744e-06,0.9284212314178258,0.9284212314178258,6.182815174697849e-14,6.800648417390153e-13,6.182815174697849e-14,2,170,0.011627906976744186,0.9883720930232558,170,0,2,0.9883720930232558,0.0,0.011627906976744186,0,0,,,158,14,0.9186046511627907,0.08139534883720931,157,0,0,13,158,0,0,14
scenario1,200,scenario1__H200__eta-exact_empirical__states-endogenous,cfg_01667bf3b8163604afe1,run_426e178132511f80,1,42,exact_empirical,exact_empirical,False,0.2,0.35,,,0.05,0.5,,,A,opposed_binary_state_preferences_v1,binary_stay_switch_a0_0p1_a1_0p9_v1,173,A,A,1.0,1.0,0.0,0.0,0.0,0.0,0.0,agreement,,,a0,a0,0,AI,a0,AI,0.006329113924050633,0.006289308176100629,True,True,0.0,7.369365791255256e-06,0.9320001698469346,0.9320001698469346,6.182591037309109e-14,6.800648417390153e-13,6.182591037309109e-14,2,171,0.011560693641618497,0.9884393063583815,171,0,2,0.9884393063583815,0.0,0.011560693641618497,0,0,,,159,14,0.9190751445086706,0.08092485549132948,158,0,0,13,159,0,0,14
scenario1,200,scenario1__H200__eta-exact_empirical__states-endogenous,cfg_01667bf3b8163604afe1,run_426e178132511f80,1,42,exact_empirical,exact_empirical,False,0.2,0.35,,,0.05,0.5,,,A,opposed_binary_state_preferences_v1,binary_stay_switch_a0_0p1_a1_0p9_v1,174,A,A,1.0,1.0,0.0,0.0,0.0,0.0,0.0,agreement,,,a0,a0,0,AI,a0,AI,0.006289308176100629,0.00625,True,True,0.0,7.000897501692493e-06,0.9354001613545878,0.9354001613545878,6.182490175484176e-14,6.800648417390153e-13,6.182490175484176e-14,2,172,0.011494252873563218,0.9885057471264368,172,0,2,0.9885057471264368,0.0,0.011494252873563218,0,0,,,160,14,0.9195402298850575,0.08045977011494253,159,0,0,13,160,0,0,14
scenario1,200,scenario1__H200__eta-exact_empirical__states-endogenous,cfg_01667bf3b8163604afe1,run_426e178132511f80,1,42,exact_empirical,exact_empirical,False,0.2,0.35,,,0.05,0.5,,,A,opposed_binary_state_preferences_v1,binary_stay_switch_a0_0p1_a1_0p9_v1,175,A,A,1.0,1.0,0.0,0.0,0.0,0.0,0.0,agreement,,,a0,a0,0,AI,a0,AI,0.00625,0.006211180124223602,True,True,0.0,6.650852626607868e-06,0.9386301532868584,0.9386301532868584,6.182444787662955e-14,6.800648417390153e-13,6.182444787662955e-14,2,173,0.011428571428571429,0.9885714285714285,173,0,2,0.9885714285714285,0.0,0.011428571428571429,0,0,,,161,14,0.92,0.08,160,0,0,13,161,0,0,14
scenario1,200,scenario1__H200__eta-exact_empirical__states-endogenous,cfg_01667bf3b8163604afe1,run_426e178132511f80,1,42,exact_empirical,exact_empirical,False,0.2,0.35,,,0.05,0.5,,,A,opposed_binary_state_preferences_v1,binary_stay_switch_a0_0p1_a1_0p9_v1,176,A,B,1.0,1.0,0.0,0.0,0.0,0.0,0.0,agreement,,,a0,a0,0,AI,a0,AI,0.006211180124223602,0.006172839506172839,True,True,0.0,6.3183099952774745e-06,0.9416986456225155,0.9416986456225155,6.182424363143406e-14,6.800648417390153e-13,6.182424363143406e-14,2,174,0.011363636363636364,0.9886363636363636,174,0,2,0.9886363636363636,0.0,0.011363636363636364,0,0,,,162,14,0.9204545454545454,0.07954545454545454,161,0,0,13,162,0,0,14
scenario1,200,scenario1__H200__eta-exact_empirical__states-endogenous,cfg_01667bf3b8163604afe1,run_426e178132511f80,1,42,exact_empirical,exact_empirical,False,0.2,0.35,,,0.05,0.5,,,A,opposed_binary_state_preferences_v1,binary_stay_switch_a0_0p1_a1_0p9_v1,177,B,A,1.0,1.0,0.0,0.0,0.0,0.0,0.0,agreement,,,a1,a1,0,AI,a1,AI,0.07142857142857142,0.06666666666666667,True,True,0.0,6.650852626607868e-06,0.10525958791607326,0.10525958791607326,6.182424363143406e-14,6.182415172109609e-14,6.182415172109609e-14,2,175,0.011299435028248588,0.9887005649717514,175,0,2,0.9887005649717514,0.0,0.011299435028248588,0,0,,,162,15,0.9152542372881356,0.0847457627118644,161,0,0,14,162,0,0,15
scenario1,200,scenario1__H200__eta-exact_empirical__states-endogenous,cfg_01667bf3b8163604afe1,run_426e178132511f80,1,42,exact_empirical,exact_empirical,False,0.2,0.35,,,0.05,0.5,,,A,opposed_binary_state_preferences_v1,binary_stay_switch_a0_0p1_a1_0p9_v1,178,A,A,1.0,1.0,0.0,0.0,0.0,0.0,0.0,agreement,,,a0,a0,0,AI,a0,AI,0.006172839506172839,0.006134969325153374,True,True,0.0,5.70227477073792e-06,0.8998830276743202,0.8998830276743202,3.0912117220200136e-14,6.182415172109609e-14,3.0912117220200136e-14,2,176,0.011235955056179775,0.9887640449438202,176,0,2,0.9887640449438202,0.0,0.011235955056179775,0,0,,,163,15,0.9157303370786517,0.08426966292134831,162,0,0,14,163,0,0,15
scenario1,200,scenario1__H200__eta-exact_empirical__states-endogenous,cfg_01667bf3b8163604afe1,run_426e178132511f80,1,42,exact_empirical,exact_empirical,False,0.2,0.35,,,0.05,0.5,,,A,opposed_binary_state_preferences_v1,binary_stay_switch_a0_0p1_a1_0p9_v1,179,A,A,1.0,1.0,0.0,0.0,0.0,0.0,0.0,agreement,,,a0,a0,0,AI,a0,AI,0.006134969325153374,0.006097560975609756,True,True,0.0,5.4171610322010235e-06,0.9048888762906041,0.9048888762906041,1.7001660335144865e-14,6.182415172109609e-14,1.7001660335144865e-14,2,177,0.0111731843575419,0.9888268156424581,177,0,2,0.9888268156424581,0.0,0.0111731843575419,0,0,,,164,15,0.9162011173184358,0.08379888268156424,163,0,0,14,164,0,0,15
scenario1,200,scenario1__H200__eta-exact_empirical__states-endogenous,cfg_01667bf3b8163604afe1,run_426e178132511f80,1,42,exact_empirical,exact_empirical,False,0.2,0.35,,,0.05,0.5,,,A,opposed_binary_state_preferences_v1,binary_stay_switch_a0_0p1_a1_0p9_v1,180,A,A,1.0,1.0,0.0,0.0,0.0,0.0,0.0,agreement,,,a0,a0,0,AI,a0,AI,0.006097560975609756,0.006060606060606061,True,True,0.0,5.146302980590972e-06,0.9096444324760738,0.9096444324760738,1.0741954736869994e-14,6.182415172109609e-14,1.0741954736869994e-14,2,178,0.011111111111111112,0.9888888888888889,178,0,2,0.9888888888888889,0.0,0.011111111111111112,0,0,,,165,15,0.9166666666666666,0.08333333333333333,164,0,0,14,165,0,0,15
scenario1,200,scenario1__H200__eta-exact_empirical__states-endogenous,cfg_01667bf3b8163604afe1,run_426e178132511f80,1,42,exact_empirical,exact_empirical,False,0.2,0.35,,,0.05,0.5,,,A,opposed_binary_state_preferences_v1,binary_stay_switch_a0_0p1_a1_0p9_v1,181,A,A,1.0,1.0,0.0,0.0,0.0,0.0,0.0,agreement,,,a0,a0,0,AI,a0,AI,0.006060606060606061,0.006024096385542169,True,True,0.0,4.888987831561423e-06,0.9141622108522701,0.9141622108522701,7.925087217646303e-15,6.182415172109609e-14,7.925087217646303e-15,2,179,0.011049723756906077,0.988950276243094,179,0,2,0.988950276243094,0.0,0.011049723756906077,0,0,,,166,15,0.9171270718232044,0.08287292817679558,165,0,0,14,166,0,0,15
scenario1,200,scenario1__H200__eta-exact_empirical__states-endogenous,cfg_01667bf3b8163604afe1,run_426e178132511f80,1,42,exact_empirical,exact_empirical,False,0.2,0.35,,,0.05,0.5,,,A,opposed_binary_state_preferences_v1,binary_stay_switch_a0_0p1_a1_0p9_v1,182,A,A,1.0,1.0,0.0,0.0,0.0,0.0,0.0,agreement,,,a0,a0,0,AI,a0,AI,0.006024096385542169,0.005988023952095809,True,True,0.0,4.644538439983352e-06,0.9184541003096566,0.9184541003096566,6.657496833995641e-15,6.182415172109609e-14,6.657496833995641e-15,2,180,0.01098901098901099,0.989010989010989,180,0,2,0.989010989010989,0.0,0.01098901098901099,0,0,,,167,15,0.9175824175824175,0.08241758241758242,166,0,0,14,167,0,0,15
scenario1,200,scenario1__H200__eta-exact_empirical__states-endogenous,cfg_01667bf3b8163604afe1,run_426e178132511f80,1,42,exact_empirical,exact_empirical,False,0.2,0.35,,,0.05,0.5,,,A,opposed_binary_state_preferences_v1,binary_stay_switch_a0_0p1_a1_0p9_v1,183,A,A,1.0,1.0,0.0,0.0,0.0,0.0,0.0,agreement,,,a0,a0,0,AI,a0,AI,0.005988023952095809,0.005952380952380952,True,True,0.0,4.412311517984185e-06,0.9225313952941737,0.9225313952941737,6.087081161352843e-15,6.182415172109609e-14,6.087081161352843e-15,2,181,0.01092896174863388,0.9890710382513661,181,0,2,0.9890710382513661,0.0,0.01092896174863388,0,0,,,168,15,0.9180327868852459,0.08196721311475409,167,0,0,14,168,0,0,15
scenario1,200,scenario1__H200__eta-exact_empirical__states-endogenous,cfg_01667bf3b8163604afe1,run_426e178132511f80,1,42,exact_empirical,exact_empirical,False,0.2,0.35,,,0.05,0.5,,,A,opposed_binary_state_preferences_v1,binary_stay_switch_a0_0p1_a1_0p9_v1,184,A,A,1.0,1.0,0.0,0.0,0.0,0.0,0.0,agreement,,,a0,a0,0,AI,a0,AI,0.005952380952380952,0.005917159763313609,True,True,0.0,4.191695942084975e-06,0.926404825529465,0.926404825529465,5.830394108663583e-15,6.182415172109609e-14,5.830394108663583e-15,2,182,0.010869565217391304,0.9891304347826086,182,0,2,0.9891304347826086,0.0,0.010869565217391304,0,0,,,169,15,0.9184782608695652,0.08152173913043478,168,0,0,14,169,0,0,15
scenario1,200,scenario1__H200__eta-exact_empirical__states-endogenous,cfg_01667bf3b8163604afe1,run_426e178132511f80,1,42,exact_empirical,exact_empirical,False,0.2,0.35,,,0.05,0.5,,,A,opposed_binary_state_preferences_v1,binary_stay_switch_a0_0p1_a1_0p9_v1,185,A,A,1.0,1.0,0.0,0.0,0.0,0.0,0.0,agreement,,,a0,a0,0,AI,a0,AI,0.005917159763313609,0.0058823529411764705,True,True,0.0,3.982111144980726e-06,0.9300845842529918,0.9300845842529918,5.714884934953417e-15,6.182415172109609e-14,5.714884934953417e-15,2,183,0.010810810810810811,0.9891891891891892,183,0,2,0.9891891891891892,0.0,0.010810810810810811,0,0,,,170,15,0.918918918918919,0.08108108108108109,169,0,0,14,170,0,0,15
scenario1,200,scenario1__H200__eta-exact_empirical__states-endogenous,cfg_01667bf3b8163604afe1,run_426e178132511f80,1,42,exact_empirical,exact_empirical,False,0.2,0.35,,,0.05,0.5,,,A,opposed_binary_state_preferences_v1,binary_stay_switch_a0_0p1_a1_0p9_v1,186,A,A,1.0,1.0,0.0,0.0,0.0,0.0,0.0,agreement,,,a0,a0,0,AI,a0,AI,0.0058823529411764705,0.005847953216374269,True,True,0.0,3.7830055877316896e-06,0.9335803550403422,0.9335803550403422,5.662905806783843e-15,6.182415172109609e-14,5.662905806783843e-15,2,184,0.010752688172043012,0.989247311827957,184,0,2,0.989247311827957,0.0,0.010752688172043012,0,0,,,171,15,0.9193548387096774,0.08064516129032258,170,0,0,14,171,0,0,15
scenario1,200,scenario1__H200__eta-exact_empirical__states-endogenous,cfg_01667bf3b8163604afe1,run_426e178132511f80,1,42,exact_empirical,exact_empirical,False,0.2,0.35,,,0.05,0.5,,,A,opposed_binary_state_preferences_v1,binary_stay_switch_a0_0p1_a1_0p9_v1,187,A,A,1.0,1.0,0.0,0.0,0.0,0.0,0.0,agreement,,,a0,a0,0,AI,a0,AI,0.005847953216374269,0.005813953488372093,True,True,0.0,3.593855308345105e-06,0.9369013372883251,0.9369013372883251,5.639515199107534e-15,6.182415172109609e-14,5.639515199107534e-15,2,185,0.0106951871657754,0.9893048128342246,185,0,2,0.9893048128342246,0.0,0.0106951871657754,0,0,,,172,15,0.9197860962566845,0.08021390374331551,171,0,0,14,172,0,0,15
scenario1,200,scenario1__H200__eta-exact_empirical__states-endogenous,cfg_01667bf3b8163604afe1,run_426e178132511f80,1,42,exact_empirical,exact_empirical,False,0.2,0.35,,,0.05,0.5,,,A,opposed_binary_state_preferences_v1,binary_stay_switch_a0_0p1_a1_0p9_v1,188,A,A,1.0,1.0,0.0,0.0,0.0,0.0,0.0,agreement,,,a0,a0,0,AI,a0,AI,0.005813953488372093,0.005780346820809248,True,True,0.0,3.4141625429278498e-06,0.9400562704239089,0.9400562704239089,5.628989425653194e-15,6.182415172109609e-14,5.628989425653194e-15,2,186,0.010638297872340425,0.9893617021276596,186,0,2,0.9893617021276596,0.0,0.010638297872340425,0,0,,,173,15,0.9202127659574468,0.0797872340425532,172,0,0,14,173,0,0,15
scenario1,200,scenario1__H200__eta-exact_empirical__states-endogenous,cfg_01667bf3b8163604afe1,run_426e178132511f80,1,42,exact_empirical,exact_empirical,False,0.2,0.35,,,0.05,0.5,,,A,opposed_binary_state_preferences_v1,binary_stay_switch_a0_0p1_a1_0p9_v1,189,A,A,1.0,1.0,0.0,0.0,0.0,0.0,0.0,agreement,,,a0,a0,0,AI,a0,AI,0.005780346820809248,0.005747126436781609,True,True,0.0,3.2434544157814572e-06,0.9430534569027135,0.9430534569027135,5.624252827598742e-15,6.182415172109609e-14,5.624252827598742e-15,2,187,0.010582010582010581,0.9894179894179894,187,0,2,0.9894179894179894,0.0,0.010582010582010581,0,0,,,174,15,0.9206349206349206,0.07936507936507936,173,0,0,14,174,0,0,15
scenario1,200,scenario1__H200__eta-exact_empirical__states-endogenous,cfg_01667bf3b8163604afe1,run_426e178132511f80,1,42,exact_empirical,exact_empirical,False,0.2,0.35,,,0.05,0.5,,,A,opposed_binary_state_preferences_v1,binary_stay_switch_a0_0p1_a1_0p9_v1,190,A,A,1.0,1.0,0.0,0.0,0.0,0.0,0.0,agreement,,,a0,a0,0,AI,a0,AI,0.005747126436781609,0.005714285714285714,True,True,0.0,3.081281694992384e-06,0.9459007840575778,0.9459007840575778,5.6221213584742386e-15,6.182415172109609e-14,5.6221213584742386e-15,2,188,0.010526315789473684,0.9894736842105263,188,0,2,0.9894736842105263,0.0,0.010526315789473684,0,0,,,175,15,0.9210526315789473,0.07894736842105263,174,0,0,14,175,0,0,15
scenario1,200,scenario1__H200__eta-exact_empirical__states-endogenous,cfg_01667bf3b8163604afe1,run_426e178132511f80,1,42,exact_empirical,exact_empirical,False,0.2,0.35,,,0.05,0.5,,,A,opposed_binary_state_preferences_v1,binary_stay_switch_a0_0p1_a1_0p9_v1,191,A,A,1.0,1.0,0.0,0.0,0.0,0.0,0.0,agreement,,,a0,a0,0,AI,a0,AI,0.005714285714285714,0.005681818181818182,True,True,0.0,2.927217610242765e-06,0.948605744854699,0.948605744854699,5.621162197368211e-15,6.182415172109609e-14,5.621162197368211e-15,2,189,0.010471204188481676,0.9895287958115183,189,0,2,0.9895287958115183,0.0,0.010471204188481676,0,0,,,176,15,0.9214659685863874,0.07853403141361257,175,0,0,14,176,0,0,15
scenario1,200,scenario1__H200__eta-exact_empirical__states-endogenous,cfg_01667bf3b8163604afe1,run_426e178132511f80,1,42,exact_empirical,exact_empirical,False,0.2,0.35,,,0.05,0.5,,,A,opposed_binary_state_preferences_v1,binary_stay_switch_a0_0p1_a1_0p9_v1,192,A,A,1.0,1.0,0.0,0.0,0.0,0.0,0.0,agreement,,,a0,a0,0,AI,a0,AI,0.005681818181818182,0.005649717514124294,True,True,0.0,2.7808567297306265e-06,0.951175457611964,0.951175457611964,5.6207305748705e-15,6.182415172109609e-14,5.6207305748705e-15,2,190,0.010416666666666666,0.9895833333333334,190,0,2,0.9895833333333334,0.0,0.010416666666666666,0,0,,,177,15,0.921875,0.078125,176,0,0,14,177,0,0,15
scenario1,200,scenario1__H200__eta-exact_empirical__states-endogenous,cfg_01667bf3b8163604afe1,run_426e178132511f80,1,42,exact_empirical,exact_empirical,False,0.2,0.35,,,0.05,0.5,,,A,opposed_binary_state_preferences_v1,binary_stay_switch_a0_0p1_a1_0p9_v1,193,A,A,1.0,1.0,0.0,0.0,0.0,0.0,0.0,agreement,,,a0,a0,0,AI,a0,AI,0.005649717514124294,0.0056179775280898875,True,True,0.0,2.641813893244095e-06,0.9536166847313657,0.9536166847313657,5.620536344746529e-15,6.182415172109609e-14,5.620536344746529e-15,2,191,0.010362694300518135,0.9896373056994818,191,0,2,0.9896373056994818,0.0,0.010362694300518135,0,0,,,178,15,0.9222797927461139,0.07772020725388601,177,0,0,14,178,0,0,15
scenario1,200,scenario1__H200__eta-exact_empirical__states-endogenous,cfg_01667bf3b8163604afe1,run_426e178132511f80,1,42,exact_empirical,exact_empirical,False,0.2,0.35,,,0.05,0.5,,,A,opposed_binary_state_preferences_v1,binary_stay_switch_a0_0p1_a1_0p9_v1,194,A,A,1.0,1.0,0.0,0.0,0.0,0.0,0.0,agreement,,,a0,a0,0,AI,a0,AI,0.0056179775280898875,0.00558659217877095,True,True,0.0,2.5097231985818904e-06,0.9559358504947975,0.9559358504947975,5.620448941190743e-15,6.182415172109609e-14,5.620448941190743e-15,2,192,0.010309278350515464,0.9896907216494846,192,0,2,0.9896907216494846,0.0,0.010309278350515464,0,0,,,179,15,0.9226804123711341,0.07731958762886598,178,0,0,14,179,0,0,15
scenario1,200,scenario1__H200__eta-exact_empirical__states-endogenous,cfg_01667bf3b8163604afe1,run_426e178132511f80,1,42,exact_empirical,exact_empirical,False,0.2,0.35,,,0.05,0.5,,,A,opposed_binary_state_preferences_v1,binary_stay_switch_a0_0p1_a1_0p9_v1,195,A,B,1.0,1.0,0.0,0.0,0.0,0.0,0.0,agreement,,,a0,a0,0,AI,a0,AI,0.00558659217877095,0.005555555555555556,True,True,0.0,2.384237038652796e-06,0.9581390579700576,0.9581390579700576,5.620409609590639e-15,6.182415172109609e-14,5.620409609590639e-15,2,193,0.010256410256410256,0.9897435897435898,193,0,2,0.9897435897435898,0.0,0.010256410256410256,0,0,,,180,15,0.9230769230769231,0.07692307692307693,179,0,0,14,180,0,0,15
scenario1,200,scenario1__H200__eta-exact_empirical__states-endogenous,cfg_01667bf3b8163604afe1,run_426e178132511f80,1,42,exact_empirical,exact_empirical,False,0.2,0.35,,,0.05,0.5,,,A,opposed_binary_state_preferences_v1,binary_stay_switch_a0_0p1_a1_0p9_v1,196,B,A,1.0,1.0,0.0,0.0,0.0,0.0,0.0,agreement,,,a1,a1,0,AI,a1,AI,0.06666666666666667,0.0625,True,True,0.0,2.5097231985818904e-06,0.08972008470151216,0.08972008470151216,5.620409609590639e-15,5.620391910370591e-15,5.620391910370591e-15,2,194,0.01020408163265306,0.9897959183673469,194,0,2,0.9897959183673469,0.0,0.01020408163265306,0,0,,,180,16,0.9183673469387755,0.08163265306122448,179,0,0,15,180,0,0,16
scenario1,200,scenario1__H200__eta-exact_empirical__states-endogenous,cfg_01667bf3b8163604afe1,run_426e178132511f80,1,42,exact_empirical,exact_empirical,False,0.2,0.35,,,0.05,0.5,,,A,opposed_binary_state_preferences_v1,binary_stay_switch_a0_0p1_a1_0p9_v1,197,A,B,1.0,1.0,0.0,0.0,0.0,0.0,0.0,agreement,,,a0,a0,0,AI,a0,AI,0.005555555555555556,0.0055248618784530384,True,True,0.0,2.151773927384148e-06,0.914720499817977,0.914720499817977,2.810203919834317e-15,5.620391910370591e-15,2.810203919834317e-15,2,195,0.01015228426395939,0.9898477157360406,195,0,2,0.9898477157360406,0.0,0.01015228426395939,0,0,,,181,16,0.9187817258883249,0.08121827411167512,180,0,0,15,181,0,0,16
scenario1,200,scenario1__H200__eta-exact_empirical__states-endogenous,cfg_01667bf3b8163604afe1,run_426e178132511f80,1,42,exact_empirical,exact_empirical,False,0.2,0.35,,,0.05,0.5,,,A,opposed_binary_state_preferences_v1,binary_stay_switch_a0_0p1_a1_0p9_v1,198,B,A,1.0,1.0,0.0,0.0,0.0,0.0,0.0,agreement,,,a1,a1,0,AI,a1,AI,0.0625,0.058823529411764705,True,True,0.0,2.265025186720156e-06,0.1309723764431147,0.1309723764431147,2.810203919834317e-15,1.5456113594439722e-15,1.5456113594439722e-15,2,196,0.010101010101010102,0.98989898989899,196,0,2,0.98989898989899,0.0,0.010101010101010102,0,0,,,181,17,0.9141414141414141,0.08585858585858586,180,0,0,16,181,0,0,17
scenario1,200,scenario1__H200__eta-exact_empirical__states-endogenous,cfg_01667bf3b8163604afe1,run_426e178132511f80,1,42,exact_empirical,exact_empirical,False,0.2,0.35,,,0.05,0.5,,,A,opposed_binary_state_preferences_v1,binary_stay_switch_a0_0p1_a1_0p9_v1,199,A,A,1.0,1.0,0.0,0.0,0.0,0.0,0.0,agreement,,,a0,a0,0,AI,a0,AI,0.0055248618784530384,0.005494505494505495,True,True,0.0,1.9419759694641933e-06,0.8755352510857242,0.8755352510857242,1.3418723318976412e-15,1.5456113594439722e-15,1.3418723318976412e-15,2,197,0.010050251256281407,0.9899497487437185,197,0,2,0.9899497487437185,0.0,0.010050251256281407,0,0,,,182,17,0.914572864321608,0.08542713567839195,181,0,0,16,182,0,0,17
scenario1,200,scenario1__H200__eta-exact_empirical__states-endogenous,cfg_01667bf3b8163604afe1,run_426e178132511f80,1,42,exact_empirical,exact_empirical,False,0.2,0.35,,,0.05,0.5,,,A,opposed_binary_state_preferences_v1,binary_stay_switch_a0_0p1_a1_0p9_v1,200,A,A,1.0,1.0,0.0,0.0,0.0,0.0,0.0,agreement,,,a0,a0,0,AI,a0,AI,0.005494505494505495,0.00546448087431694,True,True,0.0,1.8448771709909835e-06,0.881758488531438,0.881758488531438,6.811231173261372e-16,1.5456113594439722e-15,6.811231173261372e-16,2,198,0.01,0.99,198,0,2,0.99,0.0,0.01,0,0,,,183,17,0.915,0.085,182,0,0,16,183,0,0,17
scenario1,200,scenario1__H200__eta-constant__states-endogenous,cfg_09cebf682c97276407ab,run_2bbe80e0e1c6d455,1,42,constant,constant_eta0_0p15,False,0.35,0.85,0.15,,0.02,0.25,,,A,opposed_binary_state_preferences_v1,binary_stay_switch_a0_0p1_a1_0p9_v1,1,A,A,0.99,0.01,0.01,0.99,0.08079313589591118,0.08079313589591118,0.9192068641040889,disagreement,,,a0,a1,1,H,a0,H,0.0,0.15,False,True,1.0,0.02,0.0,0.02,1.0,0.0,1.0,1,0,1.0,0.0,0,0,1,0.0,0.0,1.0,0,0,,,1,0,1.0,0.0,0,0,0,0,1,0,0,0
scenario1,200,scenario1__H200__eta-constant__states-endogenous,cfg_09cebf682c97276407ab,run_2bbe80e0e1c6d455,1,42,constant,constant_eta0_0p15,False,0.35,0.85,0.15,,0.02,0.25,,,A,opposed_binary_state_preferences_v1,binary_stay_switch_a0_0p1_a1_0p9_v1,2,A,B,0.99,0.1585,0.01,0.99,0.08079313589591118,0.6307089716758388,0.6282826230367999,contextual,0.5565652460735999,0.4434347539264001,a0,a0,1,H,a0,H,0.0,0.15,False,True,1.0,0.039599999999999996,0.0,0.039599999999999996,1.225,0.0,1.225,2,0,1.0,0.0,0,1,1,0.0,0.5,0.5,1,0,1.0,0.0,2,0,1.0,0.0,0,0,0,0,2,0,0,0
scenario1,200,scenario1__H200__eta-constant__states-endogenous,cfg_09cebf682c97276407ab,run_2bbe80e0e1c6d455,1,42,constant,constant_eta0_0p15,False,0.35,0.85,0.15,,0.02,0.25,,,A,opposed_binary_state_preferences_v1,binary_stay_switch_a0_0p1_a1_0p9_v1,3,B,A,0.99,0.284725,0.01,0.99,0.08079313589591118,0.08079313589591118,0.9192068641040889,disagreement,,,a1,a0,1,H,a1,H,0.0,0.15,False,True,1.0,0.02,0.0,0.02,1.225,1.275625,1.275625,3,0,1.0,0.0,0,1,2,0.0,0.3333333333333333,0.6666666666666666,1,0,1.0,0.0,2,1,0.6666666666666666,0.3333333333333333,0,0,0,0,2,0,0,1
scenario1,200,scenario1__H200__eta-constant__states-endogenous,cfg_09cebf682c97276407ab,run_2bbe80e0e1c6d455,1,42,constant,constant_eta0_0p15,False,0.35,0.85,0.15,,0.02,0.25,,,A,opposed_binary_state_preferences_v1,binary_stay_switch_a0_0p1_a1_0p9_v1,4,A,B,0.99,0.284725,0.01,0.8415,0.08079313589591118,0.8618093423191218,0.47354951662527256,contextual,0.24709903325054516,0.7529009667494548,a0,a1,0,AI,a1,AI,0.0,0.15,False,True,1.0,0.0,0.02,0.02,1.3176406250000001,1.275625,1.3176406250000001,3,1,0.75,0.25,0,2,2,0.0,0.5,0.5,1,1,0.5,0.5,3,1,0.75,0.25,0,0,0,0,2,1,0,1
scenario1,200,scenario1__H200__eta-constant__states-endogenous,cfg_09cebf682c97276407ab,run_2bbe80e0e1c6d455,1,42,constant,constant_eta0_0p15,False,0.35,0.85,0.15,,0.02,0.25,,,A,opposed_binary_state_preferences_v1,binary_stay_switch_a0_0p1_a1_0p9_v1,5,B,A,0.99,0.24201625,0.01,0.8415,0.08079313589591118,0.6307089716758388,0.6282826230367999,contextual,0.5565652460735999,0.4434347539264001,a1,a0,1,H,a1,H,0.0,0.15,False,True,1.0,0.039208,0.0,0.039208,1.3176406250000001,1.3283597656250001,1.3283597656250001,4,1,0.8,0.2,0,3,2,0.0,0.6,0.4,2,1,0.6666666666666666,0.3333333333333333,3,2,0.6,0.4,0,0,0,0,2,1,0,2
scenario1,200,scenario1__H200__eta-constant__states-endogenous,cfg_09cebf682c97276407ab,run_2bbe80e0e1c6d455,1,42,constant,constant_eta0_0p15,False,0.35,0.85,0.15,,0.02,0.25,,,A,opposed_binary_state_preferences_v1,binary_stay_switch_a0_0p1_a1_0p9_v1,6,A,A,0.99,0.24201625,0.01,0.715275,0.08079313589591118,0.7983771861200732,0.5212274742874698,contextual,0.34245494857493974,0.6575450514250603,a0,a1,0,AI,a1,AI,0.0,0.15,False,True,1.0,0.0,0.039208,0.039208,1.3318219628906252,1.3283597656250001,1.3318219628906252,4,2,0.6666666666666666,0.3333333333333333,0,4,2,0.0,0.6666666666666666,0.3333333333333333,2,2,0.5,0.5,4,2,0.6666666666666666,0.3333333333333333,0,0,0,0,2,2,0,2
scenario1,200,scenario1__H200__eta-constant__states-endogenous,cfg_09cebf682c97276407ab,run_2bbe80e0e1c6d455,1,42,constant,constant_eta0_0p15,False,0.35,0.85,0.15,,0.02,0.25,,,A,opposed_binary_state_preferences_v1,binary_stay_switch_a0_0p1_a1_0p9_v1,7,A,B,0.99,0.20571381249999998,0.01,0.715275,0.08079313589591118,0.7332095657548592,0.5651890769352758,contextual,0.43037815387055156,0.5696218461294484,a0,a1,0,AI,a1,AI,0.0,0.15,False,True,1.0,0.0,0.058423840000000005,0.058423840000000005,1.3321764963378906,1.3283597656250001,1.3321764963378906,4,3,0.5714285714285714,0.42857142857142855,0,5,2,0.0,0.7142857142857143,0.2857142857142857,2,3,0.4,0.6,5,2,0.7142857142857143,0.2857142857142857,0,0,0,0,2,3,0,2
scenario1,200,scenario1__H200__eta-constant__states-endogenous,cfg_09cebf682c97276407ab,run_2bbe80e0e1c6d455,1,42,constant,constant_eta0_0p15,False,0.35,0.85,0.15,,0.02,0.25,,,A,opposed_binary_state_preferences_v1,binary_stay_switch_a0_0p1_a1_0p9_v1,8,B,A,0.99,0.17485674062499998,0.01,0.715275,0.08079313589591118,0.8618093423191218,0.47354951662527256,contextual,0.24709903325054516,0.7529009667494548,a1,a1,0,AI,a1,AI,0.0,0.15,False,True,0.0,0.036902255936,0.02,0.02,1.3321764963378906,0.33294870581665037,0.33294870581665037,4,4,0.5,0.5,0,6,2,0.0,0.75,0.25,2,4,0.3333333333333333,0.6666666666666666,5,3,0.625,0.375,0,0,0,0,2,3,0,3
scenario1,200,scenario1__H200__eta-constant__states-endogenous,cfg_09cebf682c97276407ab,run_2bbe80e0e1c6d455,1,42,constant,constant_eta0_0p15,False,0.35,0.85,0.15,,0.02,0.25,,,A,opposed_binary_state_preferences_v1,binary_stay_switch_a0_0p1_a1_0p9_v1,9,A,A,0.99,0.17485674062499998,0.01,0.60798375,0.08079313589591118,0.6686952556559864,0.6055614241761843,contextual,0.5111228483523687,0.48887715164763135,a0,a1,1,H,a0,H,0.0,0.15,False,True,1.0,0.054377771116570106,0.0,0.054377771116570106,1.3080634293214417,0.33294870581665037,1.3080634293214417,5,4,0.5555555555555556,0.4444444444444444,0,7,2,0.0,0.7777777777777778,0.2222222222222222,3,4,0.42857142857142855,0.5714285714285714,6,3,0.6666666666666666,0.3333333333333333,0,0,0,0,3,3,0,3
scenario1,200,scenario1__H200__eta-constant__states-endogenous,cfg_09cebf682c97276407ab,run_2bbe80e0e1c6d455,1,42,constant,constant_eta0_0p15,False,0.35,0.85,0.15,,0.02,0.25,,,A,opposed_binary_state_preferences_v1,binary_stay_switch_a0_0p1_a1_0p9_v1,10,A,A,0.99,0.29862822953125,0.01,0.60798375,0.08079313589591118,0.8796075879555567,0.45884341557206265,contextual,0.21768683114412535,0.7823131688558747,a0,a0,0,AI,a0,AI,0.0,0.15,False,True,0.0,0.0532902156942387,0.02,0.02,0.30263798924274066,0.33294870581665037,0.30263798924274066,5,5,0.5,0.5,0,8,2,0.0,0.8,0.2,3,5,0.375,0.625,7,3,0.7,0.3,0,0,0,0,4,3,0,3
scenario1,200,scenario1__H200__eta-constant__states-endogenous,cfg_09cebf682c97276407ab,run_2bbe80e0e1c6d455,1,42,constant,constant_eta0_0p15,False,0.35,0.85,0.15,,0.02,0.25,,,A,opposed_binary_state_preferences_v1,binary_stay_switch_a0_0p1_a1_0p9_v1,11,A,B,0.99,0.4038339951015625,0.01,0.60798375,0.08079313589591118,0.9731492032572795,0.35805578272768857,contextual,0.016111565455377175,0.9838884345446228,a0,a1,0,AI,a1,AI,0.0,0.15,False,True,1.0,0.0,0.0738882898009344,0.0738882898009344,1.0824794085398148,0.33294870581665037,1.0824794085398148,5,6,0.45454545454545453,0.5454545454545454,0,9,2,0.0,0.8181818181818182,0.18181818181818182,3,6,0.3333333333333333,0.6666666666666666,8,3,0.7272727272727273,0.2727272727272727,0,0,0,0,4,4,0,3
scenario1,200,scenario1__H200__eta-constant__states-endogenous,cfg_09cebf682c97276407ab,run_2bbe80e0e1c6d455,1,42,constant,constant_eta0_0p15,False,0.35,0.85,0.15,,0.02,0.25,,,A,opposed_binary_state_preferences_v1,binary_stay_switch_a0_0p1_a1_0p9_v1,12,B,B,0.99,0.3432588958363281,0.01,0.60798375,0.08079313589591118,0.9660883865831447,0.3685655606429551,contextual,0.03713112128591023,0.9628688787140898,a1,a0,0,AI,a0,AI,0.0,0.15,False,True,1.0,0.0,0.02,0.02,1.0824794085398148,1.1019754440222418,1.1019754440222418,5,7,0.4166666666666667,0.5833333333333334,0,10,2,0.0,0.8333333333333334,0.16666666666666666,3,7,0.3,0.7,8,4,0.6666666666666666,0.3333333333333333,0,0,0,0,4,4,1,3
scenario1,200,scenario1__H200__eta-constant__states-endogenous,cfg_09cebf682c97276407ab,run_2bbe80e0e1c6d455,1,42,constant,constant_eta0_0p15,False,0.35,0.85,0.15,,0.02,0.25,,,A,opposed_binary_state_preferences_v1,binary_stay_switch_a0_0p1_a1_0p9_v1,13,B,B,0.99,0.3432588958363281,0.01,0.6667861875000001,0.08079313589591118,0.918176266847617,0.4237879979146224,contextual,0.14757599582924485,0.8524240041707551,a1,a0,0,AI,a0,AI,0.0,0.15,False,True,1.0,0.0,0.039599999999999996,0.039599999999999996,1.0824794085398148,1.2750064601184998,1.2750064601184998,5,8,0.38461538461538464,0.6153846153846154,0,11,2,0.0,0.8461538461538461,0.15384615384615385,3,8,0.2727272727272727,0.7272727272727273,8,5,0.6153846153846154,0.38461538461538464,0,0,0,0,4,4,2,3
scenario1,200,scenario1__H200__eta-constant__states-endogenous,cfg_09cebf682c97276407ab,run_2bbe80e0e1c6d455,1,42,constant,constant_eta0_0p15,False,0.35,0.85,0.15,,0.02,0.25,,,A,opposed_binary_state_preferences_v1,binary_stay_switch_a0_0p1_a1_0p9_v1,14,B,B,0.99,0.3432588958363281,0.01,0.7167682593750001,0.08079313589591118,0.8598170005375345,0.4751513957184439,contextual,0.25030279143688783,0.7496972085631122,a1,a0,0,AI,a0,AI,0.0,0.15,False,True,1.0,0.0,0.058808,0.058808,1.0824794085398148,1.3139384387401578,1.3139384387401578,5,9,0.35714285714285715,0.6428571428571429,0,12,2,0.0,0.8571428571428571,0.14285714285714285,3,9,0.25,0.75,8,6,0.5714285714285714,0.42857142857142855,0,0,0,0,4,4,3,3
scenario1,200,scenario1__H200__eta-constant__states-endogenous,cfg_09cebf682c97276407ab,run_2bbe80e0e1c6d455,1,42,constant,constant_eta0_0p15,False,0.35,0.85,0.15,,0.02,0.25,,,A,opposed_binary_state_preferences_v1,binary_stay_switch_a0_0p1_a1_0p9_v1,15,B,B,0.99,0.3432588958363281,0.01,0.7592530204687501,0.08079313589591118,0.7962802751052397,0.5227074428147247,contextual,0.34541488562944944,0.6545851143705506,a1,a0,0,AI,a0,AI,0.0,0.15,False,True,1.0,0.0,0.07763184,0.07763184,1.0824794085398148,1.322698133930031,1.322698133930031,5,10,0.3333333333333333,0.6666666666666666,0,13,2,0.0,0.8666666666666667,0.13333333333333333,3,10,0.23076923076923078,0.7692307692307693,8,7,0.5333333333333333,0.4666666666666667,0,0,0,0,4,4,4,3
scenario1,200,scenario1__H200__eta-constant__states-endogenous,cfg_09cebf682c97276407ab,run_2bbe80e0e1c6d455,1,42,constant,constant_eta0_0p15,False,0.35,0.85,0.15,,0.02,0.25,,,A,opposed_binary_state_preferences_v1,binary_stay_switch_a0_0p1_a1_0p9_v1,16,B,B,0.99,0.3432588958363281,0.01,0.7953650673984376,0.08079313589591118,0.7311016616454631,0.5665507649312759,contextual,0.4331015298625518,0.5668984701374482,a1,a0,0,AI,a0,AI,0.0,0.15,False,True,1.0,0.0,0.09607920319999999,0.09607920319999999,1.0824794085398148,1.3246690653477522,1.3246690653477522,5,11,0.3125,0.6875,0,14,2,0.0,0.875,0.125,3,11,0.21428571428571427,0.7857142857142857,8,8,0.5,0.5,0,0,0,0,4,4,5,3
scenario1,200,scenario1__H200__eta-constant__states-endogenous,cfg_09cebf682c97276407ab,run_2bbe80e0e1c6d455,1,42,constant,constant_eta0_0p15,False,0.35,0.85,0.15,,0.02,0.25,,,A,opposed_binary_state_preferences_v1,binary_stay_switch_a0_0p1_a1_0p9_v1,17,B,A,0.99,0.3432588958363281,0.01,0.826060307288672,0.08079313589591118,0.6666382599734959,0.6068094161029265,contextual,0.513618832205853,0.486381167794147,a1,a0,1,H,a1,H,0.0,0.15,False,True,1.0,0.05076717330419403,0.01667495524260299,0.05076717330419403,1.0824794085398148,1.276674593555152,1.276674593555152,6,11,0.35294117647058826,0.6470588235294118,0,15,2,0.0,0.8823529411764706,0.11764705882352941,4,11,0.26666666666666666,0.7333333333333333,8,9,0.47058823529411764,0.5294117647058824,0,0,0,0,4,4,5,4
scenario1,200,scenario1__H200__eta-constant__states-endogenous,cfg_09cebf682c97276407ab,run_2bbe80e0e1c6d455,1,42,constant,constant_eta0_0p15,False,0.35,0.85,0.15,,0.02,0.25,,,A,opposed_binary_state_preferences_v1,binary_stay_switch_a0_0p1_a1_0p9_v1,18,A,B,0.99,0.3432588958363281,0.01,0.7021512611953712,0.08079313589591118,0.9279031568945258,0.4139849019112954,contextual,0.12796980382259082,0.8720301961774092,a0,a1,0,AI,a1,AI,0.0,0.15,False,True,1.0,0.0,0.08414431098412437,0.08414431098412437,1.3143137687634046,1.276674593555152,1.3143137687634046,6,12,0.3333333333333333,0.6666666666666666,0,16,2,0.0,0.8888888888888888,0.1111111111111111,4,12,0.25,0.75,9,9,0.5,0.5,0,0,0,0,4,5,5,4
scenario1,200,scenario1__H200__eta-constant__states-endogenous,cfg_09cebf682c97276407ab,run_2bbe80e0e1c6d455,1,42,constant,constant_eta0_0p15,False,0.35,0.85,0.15,,0.02,0.25,,,A,opposed_binary_state_preferences_v1,binary_stay_switch_a0_0p1_a1_0p9_v1,19,B,A,0.99,0.2917700614608789,0.01,0.7021512611953712,0.08079313589591118,0.8786452951658617,0.4596581582400079,contextual,0.21931631648001582,0.7806836835199842,a1,a1,0,AI,a1,AI,0.0,0.15,False,True,0.0,0.04875679324134794,0.036014627014995915,0.036014627014995915,1.3143137687634046,0.3276374628106448,0.3276374628106448,6,13,0.3157894736842105,0.6842105263157895,0,17,2,0.0,0.8947368421052632,0.10526315789473684,4,13,0.23529411764705882,0.7647058823529411,9,10,0.47368421052631576,0.5263157894736842,0,0,0,0,4,5,5,5
scenario1,200,scenario1__H200__eta-constant__states-endogenous,cfg_09cebf682c97276407ab,run_2bbe80e0e1c6d455,1,42,constant,constant_eta0_0p15,False,0.35,0.85,0.15,,0.02,0.25,,,A,opposed_binary_state_preferences_v1,binary_stay_switch_a0_0p1_a1_0p9_v1,20,A,A,0.99,0.2917700614608789,0.01,0.5968285720160655,0.08079313589591118,0.8709967884063206,0.4660511320118076,contextual,0.23210226402361522,0.7678977359763848,a0,a0,0,AI,a0,AI,0.0,0.15,False,True,0.0,0.04354198611693441,0.03634145613775093,0.03634145613775093,0.3039115345420321,0.3276374628106448,0.3039115345420321,6,14,0.3,0.7,0,18,2,0.0,0.9,0.1,4,14,0.2222222222222222,0.7777777777777778,10,10,0.5,0.5,0,0,0,0,5,5,5,5
scenario1,200,scenario1__H200__eta-constant__states-endogenous,cfg_09cebf682c97276407ab,run_2bbe80e0e1c6d455,1,42,constant,constant_eta0_0p15,False,0.35,0.85,0.15,,0.02,0.25,,,A,opposed_binary_state_preferences_v1,binary_stay_switch_a0_0p1_a1_0p9_v1,21,A,B,0.99,0.3980045522417471,0.01,0.5968285720160655,0.08079313589591118,0.969771357879802,0.3632171231850414,contextual,0.026434246370082848,0.9735657536299172,a0,a1,0,AI,a1,AI,0.0,0.15,False,True,1.0,0.0,0.09919595234376997,0.09919595234376997,1.0813162174959459,0.3276374628106448,1.0813162174959459,6,15,0.2857142857142857,0.7142857142857143,0,19,2,0.0,0.9047619047619048,0.09523809523809523,4,15,0.21052631578947367,0.7894736842105263,11,10,0.5238095238095238,0.47619047619047616,0,0,0,0,5,6,5,5
scenario1,200,scenario1__H200__eta-constant__states-endogenous,cfg_09cebf682c97276407ab,run_2bbe80e0e1c6d455,1,42,constant,constant_eta0_0p15,False,0.35,0.85,0.15,,0.02,0.25,,,A,opposed_binary_state_preferences_v1,binary_stay_switch_a0_0p1_a1_0p9_v1,22,B,A,0.99,0.338303869405485,0.01,0.5968285720160655,0.08079313589591118,0.9727755569464129,0.35864019345019826,contextual,0.01728038690039657,0.9827196130996034,a1,a1,0,AI,a1,AI,0.0,0.15,False,True,0.0,0.045889503744410746,0.05389667882949803,0.05389667882949803,1.0813162174959459,0.25148708550685395,0.25148708550685395,6,16,0.2727272727272727,0.7272727272727273,0,20,2,0.0,0.9090909090909091,0.09090909090909091,4,16,0.2,0.8,11,11,0.5,0.5,0,0,0,0,5,6,5,6
scenario1,200,scenario1__H200__eta-constant__states-endogenous,cfg_09cebf682c97276407ab,run_2bbe80e0e1c6d455,1,42,constant,constant_eta0_0p15,False,0.35,0.85,0.15,,0.02,0.25,,,A,opposed_binary_state_preferences_v1,binary_stay_switch_a0_0p1_a1_0p9_v1,23,A,A,0.99,0.338303869405485,0.01,0.5073042862136556,0.08079313589591118,0.9231863692314087,0.41880031141211654,contextual,0.13760062282423313,0.8623993771757669,a0,a0,0,AI,a0,AI,0.0,0.15,False,True,0.0,0.04098136899736973,0.054204287785202074,0.054204287785202074,0.24958332607425918,0.25148708550685395,0.24958332607425918,6,17,0.2608695652173913,0.7391304347826086,0,21,2,0.0,0.9130434782608695,0.08695652173913043,4,17,0.19047619047619047,0.8095238095238095,12,11,0.5217391304347826,0.4782608695652174,0,0,0,0,6,6,5,6
scenario1,200,scenario1__H200__eta-constant__states-endogenous,cfg_09cebf682c97276407ab,run_2bbe80e0e1c6d455,1,42,constant,constant_eta0_0p15,False,0.35,0.85,0.15,,0.02,0.25,,,A,opposed_binary_state_preferences_v1,binary_stay_switch_a0_0p1_a1_0p9_v1,24,A,A,0.99,0.4375582889946622,0.01,0.5073042862136556,0.08079313589591118,0.9887205321749867,0.3290324766628699,agreement,,,a0,a0,0,AI,a0,AI,0.15,0.15,True,True,0.0,0.040161741617422336,0.07312020202949804,0.07312020202949804,0.06244342550437967,0.25148708550685395,0.06244342550437967,6,18,0.25,0.75,1,21,2,0.041666666666666664,0.875,0.08333333333333333,4,17,0.19047619047619047,0.8095238095238095,13,11,0.5416666666666666,0.4583333333333333,1,0,0,0,7,6,5,6
scenario1,200,scenario1__H200__eta-constant__states-endogenous,cfg_09cebf682c97276407ab,run_2bbe80e0e1c6d455,1,42,constant,constant_eta0_0p15,False,0.35,0.85,0.15,,0.02,0.25,,,A,opposed_binary_state_preferences_v1,binary_stay_switch_a0_0p1_a1_0p9_v1,25,A,A,0.9915,0.5219245456454629,0.01,0.5073042862136556,0.07067637446155645,0.9986125894384296,0.2658205576657226,agreement,,,a0,a0,0,AI,a0,AI,0.15,0.15,True,True,0.0,0.03935850678507389,0.09165779798890808,0.09165779798890808,0.020336947876156773,0.25148708550685395,0.020336947876156773,6,19,0.24,0.76,2,21,2,0.08,0.84,0.08,4,17,0.19047619047619047,0.8095238095238095,14,11,0.56,0.44,2,0,0,0,8,6,5,6
scenario1,200,scenario1__H200__eta-constant__states-endogenous,cfg_09cebf682c97276407ab,run_2bbe80e0e1c6d455,1,42,constant,constant_eta0_0p15,False,0.35,0.85,0.15,,0.02,0.25,,,A,opposed_binary_state_preferences_v1,binary_stay_switch_a0_0p1_a1_0p9_v1,26,A,A,0.9927750000000001,0.5936358637986434,0.01,0.5073042862136556,0.06177560975087368,0.9745518526186534,0.21714709924493436,agreement,,,a0,a0,0,AI,a0,AI,0.15,0.15,True,True,0.0,0.03857133664937241,0.10982464202912992,0.10982464202912992,0.010862990409806622,0.25148708550685395,0.010862990409806622,6,20,0.23076923076923078,0.7692307692307693,3,21,2,0.11538461538461539,0.8076923076923077,0.07692307692307693,4,17,0.19047619047619047,0.8095238095238095,15,11,0.5769230769230769,0.4230769230769231,3,0,0,0,9,6,5,6
scenario1,200,scenario1__H200__eta-constant__states-endogenous,cfg_09cebf682c97276407ab,run_2bbe80e0e1c6d455,1,42,constant,constant_eta0_0p15,False,0.35,0.85,0.15,,0.02,0.25,,,A,opposed_binary_state_preferences_v1,binary_stay_switch_a0_0p1_a1_0p9_v1,27,A,B,0.99385875,0.6545904842288469,0.01,0.5073042862136556,0.053954000511469584,0.9299014114854547,0.17881969055679603,agreement,,,a0,a1,0,AI,a1,AI,0.15,0.15,True,True,1.0,0.0,0.10787197859627708,0.10787197859627708,1.0568561689992872,0.25148708550685395,1.0568561689992872,6,21,0.2222222222222222,0.7777777777777778,4,21,2,0.14814814814814814,0.7777777777777778,0.07407407407407407,4,17,0.19047619047619047,0.8095238095238095,16,11,0.5925925925925926,0.4074074074074074,3,1,0,0,9,7,5,6
scenario1,200,scenario1__H200__eta-constant__states-endogenous,cfg_09cebf682c97276407ab,run_2bbe80e0e1c6d455,1,42,constant,constant_eta0_0p15,False,0.35,0.85,0.15,,0.02,0.25,,,A,opposed_binary_state_preferences_v1,binary_stay_switch_a0_0p1_a1_0p9_v1,28,B,A,0.8447799375,0.5564019115945199,0.01,0.5073042862136556,0.08079313589591118,0.9998460514695412,0.28438602545152586,agreement,,,a1,a1,0,AI,a1,AI,0.15,0.15,True,True,0.0,0.040650867253616246,0.06774396229498489,0.06774396229498489,1.0568561689992872,0.24407981516251098,0.24407981516251098,6,22,0.21428571428571427,0.7857142857142857,5,21,2,0.17857142857142858,0.75,0.07142857142857142,4,17,0.19047619047619047,0.8095238095238095,16,12,0.5714285714285714,0.42857142857142855,3,1,0,1,9,7,5,7
scenario1,200,scenario1__H200__eta-constant__states-endogenous,cfg_09cebf682c97276407ab,run_2bbe80e0e1c6d455,1,42,constant,constant_eta0_0p15,False,0.35,0.85,0.15,,0.02,0.25,,,A,opposed_binary_state_preferences_v1,binary_stay_switch_a0_0p1_a1_0p9_v1,29,A,A,0.8447799375,0.5564019115945199,0.0085,0.4312086432816073,0.6227507945992208,0.9908015010901099,0.07379120977747888,agreement,,,a0,a0,0,AI,a0,AI,0.15,0.15,True,True,0.0,0.03630303348369611,0.12336607448068085,0.12336607448068085,0.2438946334039024,0.24407981516251098,0.2438946334039024,6,23,0.20689655172413793,0.7931034482758621,6,21,2,0.20689655172413793,0.7241379310344828,0.06896551724137931,4,17,0.19047619047619047,0.8095238095238095,17,12,0.5862068965517241,0.41379310344827586,4,1,0,1,10,7,5,7
scenario1,200,scenario1__H200__eta-constant__states-endogenous,cfg_09cebf682c97276407ab,run_2bbe80e0e1c6d455,1,42,constant,constant_eta0_0p15,False,0.35,0.85,0.15,,0.02,0.25,,,A,opposed_binary_state_preferences_v1,binary_stay_switch_a0_0p1_a1_0p9_v1,30,A,A,0.8680629468750001,0.6229416248553419,0.0085,0.4312086432816073,0.5627267296465438,0.9559379239385929,0.05899698741953657,agreement,,,a0,a0,0,AI,a0,AI,0.15,0.15,True,True,0.0,0.03557697281402219,0.14089875299106722,0.14089875299106722,0.060978287894940815,0.24407981516251098,0.060978287894940815,6,24,0.2,0.8,7,21,2,0.23333333333333334,0.7,0.06666666666666667,4,17,0.19047619047619047,0.8095238095238095,18,12,0.6,0.4,5,1,0,1,11,7,5,7
scenario1,200,scenario1__H200__eta-constant__states-endogenous,cfg_09cebf682c97276407ab,run_2bbe80e0e1c6d455,1,42,constant,constant_eta0_0p15,False,0.35,0.85,0.15,,0.02,0.25,,,A,opposed_binary_state_preferences_v1,binary_stay_switch_a0_0p1_a1_0p9_v1,31,A,B,0.88785350484375,0.6795003811270406,0.0085,0.4312086432816073,0.5063566784378412,0.904923947420283,0.047756137730557424,agreement,,,a0,a1,0,AI,a1,AI,0.15,0.15,True,True,1.0,0.0,0.11949767841340747,0.11949767841340747,1.0564424156089385,0.24407981516251098,1.0564424156089385,6,25,0.1935483870967742,0.8064516129032258,8,21,2,0.25806451612903225,0.6774193548387096,0.06451612903225806,4,17,0.19047619047619047,0.8095238095238095,19,12,0.6129032258064516,0.3870967741935484,5,2,0,1,11,8,5,7
scenario1,200,scenario1__H200__eta-constant__states-endogenous,cfg_09cebf682c97276407ab,run_2bbe80e0e1c6d455,1,42,constant,constant_eta0_0p15,False,0.35,0.85,0.15,,0.02,0.25,,,A,opposed_binary_state_preferences_v1,binary_stay_switch_a0_0p1_a1_0p9_v1,32,B,B,0.7546754791171875,0.5775753239579846,0.0085,0.4312086432816073,0.07067637446155645,0.9863022037539808,0.23141212022829194,agreement,,,a1,a0,0,AI,a0,AI,0.15,0.15,True,True,1.0,0.0,0.08954190827250322,0.08954190827250322,1.0564424156089385,1.0813290188017883,1.0813290188017883,6,26,0.1875,0.8125,9,21,2,0.28125,0.65625,0.0625,4,17,0.19047619047619047,0.8095238095238095,19,13,0.59375,0.40625,5,2,1,1,11,8,6,7
scenario1,200,scenario1__H200__eta-constant__states-endogenous,cfg_09cebf682c97276407ab,run_2bbe80e0e1c6d455,1,42,constant,constant_eta0_0p15,False,0.35,0.85,0.15,,0.02,0.25,,,A,opposed_binary_state_preferences_v1,binary_stay_switch_a0_0p1_a1_0p9_v1,33,B,B,0.7546754791171875,0.5775753239579846,0.157225,0.5165273467893662,0.6276293480358448,0.9992117029021026,0.10837747657823515,agreement,,,a1,a0,0,AI,a0,AI,0.15,0.15,True,True,1.0,0.0,0.10775107010705316,0.10775107010705316,1.0564424156089385,1.269710089620626,1.269710089620626,6,27,0.18181818181818182,0.8181818181818182,10,21,2,0.30303030303030304,0.6363636363636364,0.06060606060606061,4,17,0.19047619047619047,0.8095238095238095,19,14,0.5757575757575758,0.42424242424242425,5,2,2,1,11,8,7,7
scenario1,200,scenario1__H200__eta-constant__states-endogenous,cfg_09cebf682c97276407ab,run_2bbe80e0e1c6d455,1,42,constant,constant_eta0_0p15,False,0.35,0.85,0.15,,0.02,0.25,,,A,opposed_binary_state_preferences_v1,binary_stay_switch_a0_0p1_a1_0p9_v1,34,B,A,0.7546754791171875,0.5775753239579846,0.28364124999999996,0.5890482447709613,0.8603649523953993,0.9769975263257396,0.06959539613553933,agreement,,,a1,a1,0,AI,a1,AI,0.15,0.15,True,True,0.0,0.03601026103212982,0.08001047284855047,0.08001047284855047,1.0564424156089385,0.2694422957525268,0.2694422957525268,6,28,0.17647058823529413,0.8235294117647058,11,21,2,0.3235294117647059,0.6176470588235294,0.058823529411764705,4,17,0.19047619047619047,0.8095238095238095,19,15,0.5588235294117647,0.4411764705882353,5,2,2,2,11,8,7,8
scenario1,200,scenario1__H200__eta-constant__states-endogenous,cfg_09cebf682c97276407ab,run_2bbe80e0e1c6d455,1,42,constant,constant_eta0_0p15,False,0.35,0.85,0.15,,0.02,0.25,,,A,opposed_binary_state_preferences_v1,binary_stay_switch_a0_0p1_a1_0p9_v1,35,A,B,0.7546754791171875,0.5775753239579846,0.24109506249999996,0.5006910080553171,0.8037832121067394,0.9825655784704425,0.025661753159398837,agreement,,,a0,a1,0,AI,a1,AI,0.15,0.15,True,True,1.0,0.0,0.13022085376244635,0.13022085376244635,1.0870355769345421,0.2694422957525268,1.0870355769345421,6,29,0.17142857142857143,0.8285714285714286,12,21,2,0.34285714285714286,0.6,0.05714285714285714,4,17,0.19047619047619047,0.8095238095238095,20,15,0.5714285714285714,0.42857142857142855,5,3,2,2,11,9,7,8
scenario1,200,scenario1__H200__eta-constant__states-endogenous,cfg_09cebf682c97276407ab,run_2bbe80e0e1c6d455,1,42,constant,constant_eta0_0p15,False,0.35,0.85,0.15,,0.02,0.25,,,A,opposed_binary_state_preferences_v1,binary_stay_switch_a0_0p1_a1_0p9_v1,36,B,B,0.6414741572496094,0.4909390253642869,0.24109506249999996,0.5006910080553171,0.796856592538168,0.9999986222484982,0.05292771434679966,agreement,,,a1,a0,0,AI,a0,AI,0.15,0.15,True,True,1.0,0.0,0.12141444517619758,0.12141444517619758,1.0870355769345421,1.087800405967682,1.087800405967682,6,30,0.16666666666666666,0.8333333333333334,13,21,2,0.3611111111111111,0.5833333333333334,0.05555555555555555,4,17,0.19047619047619047,0.8095238095238095,20,16,0.5555555555555556,0.4444444444444444,5,3,3,2,11,9,8,8
scenario1,200,scenario1__H200__eta-constant__states-endogenous,cfg_09cebf682c97276407ab,run_2bbe80e0e1c6d455,1,42,constant,constant_eta0_0p15,False,0.35,0.85,0.15,,0.02,0.25,,,A,opposed_binary_state_preferences_v1,binary_stay_switch_a0_0p1_a1_0p9_v1,37,B,A,0.6414741572496094,0.4909390253642869,0.3549308031249999,0.5755873568470194,0.938394755784394,0.9834510983617416,0.03559179718765598,agreement,,,a0,a1,0,AI,a1,AI,0.15,0.15,True,True,0.0,0.033892569601352326,0.0953052169612729,0.0953052169612729,1.0870355769345421,1.2719309807660921,1.2719309807660921,6,31,0.16216216216216217,0.8378378378378378,14,21,2,0.3783783783783784,0.5675675675675675,0.05405405405405406,4,17,0.19047619047619047,0.8095238095238095,20,17,0.5405405405405406,0.4594594594594595,5,3,3,3,11,9,8,9
scenario1,200,scenario1__H200__eta-constant__states-endogenous,cfg_09cebf682c97276407ab,run_2bbe80e0e1c6d455,1,42,constant,constant_eta0_0p15,False,0.35,0.85,0.15,,0.02,0.25,,,A,opposed_binary_state_preferences_v1,binary_stay_switch_a0_0p1_a1_0p9_v1,38,A,A,0.6414741572496094,0.4909390253642869,0.30169118265624995,0.48924925331996655,0.9414527203301857,0.9997630928668919,0.01670730582503621,agreement,,,a0,a0,0,AI,a0,AI,0.15,0.15,True,True,0.0,0.030267572925567525,0.13987144897268472,0.13987144897268472,0.2763812793294243,1.2719309807660921,0.2763812793294243,6,32,0.15789473684210525,0.8421052631578947,15,21,2,0.39473684210526316,0.5526315789473685,0.05263157894736842,4,17,0.19047619047619047,0.8095238095238095,21,17,0.5526315789473685,0.4473684210526316,6,3,3,3,12,9,8,9
scenario1,200,scenario1__H200__eta-constant__states-endogenous,cfg_09cebf682c97276407ab,run_2bbe80e0e1c6d455,1,42,constant,constant_eta0_0p15,False,0.35,0.85,0.15,,0.02,0.25,,,A,opposed_binary_state_preferences_v1,binary_stay_switch_a0_0p1_a1_0p9_v1,39,A,B,0.6952530336621681,0.5672981715596439,0.30169118265624995,0.48924925331996655,0.8870163828193017,0.9868921957260186,0.01273332406727623,agreement,,,a0,a1,0,AI,a1,AI,0.15,0.15,True,True,1.0,0.0,0.14011156927849672,0.14011156927849672,1.2930940026556064,1.2719309807660921,1.2930940026556064,6,33,0.15384615384615385,0.8461538461538461,16,21,2,0.41025641025641024,0.5384615384615384,0.05128205128205128,4,17,0.19047619047619047,0.8095238095238095,22,17,0.5641025641025641,0.4358974358974359,6,4,3,3,12,10,8,9
scenario1,200,scenario1__H200__eta-constant__states-endogenous,cfg_09cebf682c97276407ab,run_2bbe80e0e1c6d455,1,42,constant,constant_eta0_0p15,False,0.35,0.85,0.15,,0.02,0.25,,,A,opposed_binary_state_preferences_v1,binary_stay_switch_a0_0p1_a1_0p9_v1,40,B,B,0.5909650786128429,0.4822034458256973,0.30169118265624995,0.48924925331996655,0.8833483741972075,0.9996664850852206,0.02673166158809015,agreement,,,a1,a0,0,AI,a0,AI,0.15,0.15,True,True,1.0,0.0,0.13198881839459023,0.13198881839459023,1.2930940026556064,1.318511820738761,1.318511820738761,6,34,0.15,0.85,17,21,2,0.425,0.525,0.05,4,17,0.19047619047619047,0.8095238095238095,22,18,0.55,0.45,6,4,4,3,12,10,9,9
scenario1,200,scenario1__H200__eta-constant__states-endogenous,cfg_09cebf682c97276407ab,run_2bbe80e0e1c6d455,1,42,constant,constant_eta0_0p15,False,0.35,0.85,0.15,,0.02,0.25,,,A,opposed_binary_state_preferences_v1,binary_stay_switch_a0_0p1_a1_0p9_v1,41,B,A,0.5909650786128429,0.4822034458256973,0.4064375052578124,0.5658618653219716,0.9745919551017976,0.9874473486702604,0.018426769412957622,agreement,,,a1,a1,0,AI,a1,AI,0.15,0.15,True,True,0.0,0.031261427060871275,0.10790649760697009,0.10790649760697009,1.2930940026556064,0.3239089461159805,0.3239089461159805,6,35,0.14634146341463414,0.8536585365853658,18,21,2,0.43902439024390244,0.5121951219512195,0.04878048780487805,4,17,0.19047619047619047,0.8095238095238095,22,19,0.5365853658536586,0.4634146341463415,6,4,4,4,12,10,9,10
scenario1,200,scenario1__H200__eta-constant__states-endogenous,cfg_09cebf682c97276407ab,run_2bbe80e0e1c6d455,1,42,constant,constant_eta0_0p15,False,0.35,0.85,0.15,,0.02,0.25,,,A,opposed_binary_state_preferences_v1,binary_stay_switch_a0_0p1_a1_0p9_v1,42,A,A,0.5909650786128429,0.4822034458256973,0.34547187946914054,0.48098258552367584,0.9759909365818616,0.9990859538737991,0.008596271701419633,agreement,,,a0,a0,0,AI,a0,AI,0.15,0.15,True,True,0.0,0.027917845547021532,0.14901297102546907,0.14901297102546907,0.29904387425041096,0.3239089461159805,0.29904387425041096,6,36,0.14285714285714285,0.8571428571428571,19,21,2,0.4523809523809524,0.5,0.047619047619047616,4,17,0.19047619047619047,0.8095238095238095,23,19,0.5476190476190477,0.4523809523809524,7,4,4,4,13,10,9,10
scenario1,200,scenario1__H200__eta-constant__states-endogenous,cfg_09cebf682c97276407ab,run_2bbe80e0e1c6d455,1,42,constant,constant_eta0_0p15,False,0.35,0.85,0.15,,0.02,0.25,,,A,opposed_binary_state_preferences_v1,binary_stay_switch_a0_0p1_a1_0p9_v1,43,A,A,0.6523203168209164,0.5598729289518427,0.34547187946914054,0.48098258552367584,0.9319787272442394,0.9896316849306266,0.006467184901521206,agreement,,,a0,a0,0,AI,a0,AI,0.15,0.15,True,True,0.0,0.027359488636081102,0.16603271160495967,0.16603271160495967,0.07538259535924198,0.3239089461159805,0.07538259535924198,6,37,0.13953488372093023,0.8604651162790697,20,21,2,0.46511627906976744,0.4883720930232558,0.046511627906976744,4,17,0.19047619047619047,0.8095238095238095,24,19,0.5581395348837209,0.4418604651162791,8,4,4,4,14,10,9,10
scenario1,200,scenario1__H200__eta-constant__states-endogenous,cfg_09cebf682c97276407ab,run_2bbe80e0e1c6d455,1,42,constant,constant_eta0_0p15,False,0.35,0.85,0.15,,0.02,0.25,,,A,opposed_binary_state_preferences_v1,binary_stay_switch_a0_0p1_a1_0p9_v1,44,A,B,0.704472269297779,0.6258919896090663,0.34547187946914054,0.48098258552367584,0.8757551302500607,0.9537741876969701,0.00500856374639963,agreement,,,a0,a0,0,AI,a0,AI,0.15,0.15,True,True,0.0,0.02681229886335948,0.18271205737286045,0.18271205737286045,0.02505880760872896,0.3239089461159805,0.02505880760872896,6,38,0.13636363636363635,0.8636363636363636,21,21,2,0.4772727272727273,0.4772727272727273,0.045454545454545456,4,17,0.19047619047619047,0.8095238095238095,25,19,0.5681818181818182,0.4318181818181818,9,4,4,4,15,10,9,10
scenario1,200,scenario1__H200__eta-constant__states-endogenous,cfg_09cebf682c97276407ab,run_2bbe80e0e1c6d455,1,42,constant,constant_eta0_0p15,False,0.35,0.85,0.15,,0.02,0.25,,,A,opposed_binary_state_preferences_v1,binary_stay_switch_a0_0p1_a1_0p9_v1,45,B,B,0.7488014289031121,0.6820081911677064,0.34547187946914054,0.48098258552367584,0.9299589161685571,0.9989562121476212,0.013706462399353803,agreement,,,a1,a0,0,AI,a0,AI,0.15,0.15,True,True,1.0,0.0,0.13930743789192848,0.13930743789192848,0.02505880760872896,1.0735059830663138,1.0735059830663138,6,39,0.13333333333333333,0.8666666666666667,22,21,2,0.4888888888888889,0.4666666666666667,0.044444444444444446,4,17,0.19047619047619047,0.8095238095238095,25,20,0.5555555555555556,0.4444444444444444,9,4,5,4,15,10,10,10
scenario1,200,scenario1__H200__eta-constant__states-endogenous,cfg_09cebf682c97276407ab,run_2bbe80e0e1c6d455,1,42,constant,constant_eta0_0p15,False,0.35,0.85,0.15,,0.02,0.25,,,A,opposed_binary_state_preferences_v1,binary_stay_switch_a0_0p1_a1_0p9_v1,46,B,A,0.7488014289031121,0.6820081911677064,0.44365109754876947,0.5588351976951245,0.9908188202006057,0.9899888118437683,0.00959172484519144,agreement,,,a0,a1,0,AI,a1,AI,0.15,0.15,True,True,0.0,0.028257854057967838,0.11753892729678968,0.11753892729678968,0.02505880760872896,1.242165316380139,1.242165316380139,6,40,0.13043478260869565,0.8695652173913043,23,21,2,0.5,0.45652173913043476,0.043478260869565216,4,17,0.19047619047619047,0.8095238095238095,25,21,0.5434782608695652,0.45652173913043476,9,4,5,5,15,10,10,11
scenario1,200,scenario1__H200__eta-constant__states-endogenous,cfg_09cebf682c97276407ab,run_2bbe80e0e1c6d455,1,42,constant,constant_eta0_0p15,False,0.35,0.85,0.15,,0.02,0.25,,,A,opposed_binary_state_preferences_v1,binary_stay_switch_a0_0p1_a1_0p9_v1,47,A,A,0.7488014289031121,0.6820081911677064,0.37710343291645404,0.4750099180408558,0.8131722938105259,0.9021842406773293,0.003958507084706575,agreement,,,a1,a0,0,AI,a0,AI,0.15,0.15,True,True,0.0,0.025235521191803036,0.19196712670287724,0.19196712670287724,1.2801136663757495,1.242165316380139,1.2801136663757495,6,41,0.1276595744680851,0.8723404255319149,24,21,2,0.5106382978723404,0.44680851063829785,0.0425531914893617,4,17,0.19047619047619047,0.8095238095238095,26,21,0.5531914893617021,0.44680851063829785,10,4,5,5,16,10,10,11
scenario1,200,scenario1__H200__eta-constant__states-endogenous,cfg_09cebf682c97276407ab,run_2bbe80e0e1c6d455,1,42,constant,constant_eta0_0p15,False,0.35,0.85,0.15,,0.02,0.25,,,A,opposed_binary_state_preferences_v1,binary_stay_switch_a0_0p1_a1_0p9_v1,48,A,B,0.7864812145676453,0.7297069624925504,0.37710343291645404,0.4750099180408558,0.748155150639009,0.841884812387194,0.0031754222181773484,agreement,,,a0,a1,0,AI,a1,AI,0.15,0.15,True,True,1.0,0.0,0.13681770733449009,0.13681770733449009,1.311490037844925,1.242165316380139,1.311490037844925,6,42,0.125,0.875,25,21,2,0.5208333333333334,0.4375,0.041666666666666664,4,17,0.19047619047619047,0.8095238095238095,27,21,0.5625,0.4375,10,5,5,5,16,11,10,11
scenario1,200,scenario1__H200__eta-constant__states-endogenous,cfg_09cebf682c97276407ab,run_2bbe80e0e1c6d455,1,42,constant,constant_eta0_0p15,False,0.35,0.85,0.15,,0.02,0.25,,,A,opposed_binary_state_preferences_v1,binary_stay_switch_a0_0p1_a1_0p9_v1,49,B,B,0.6685090323824985,0.6202509181186678,0.37710343291645404,0.4750099180408558,0.9559705534571117,0.9981973108232902,0.007081850556454938,agreement,,,a1,a0,0,AI,a0,AI,0.15,0.15,True,True,1.0,0.0,0.1484927451626923,0.1484927451626923,1.311490037844925,1.3122744471316543,1.3122744471316543,6,43,0.12244897959183673,0.8775510204081632,26,21,2,0.5306122448979592,0.42857142857142855,0.04081632653061224,4,17,0.19047619047619047,0.8095238095238095,27,22,0.5510204081632653,0.4489795918367347,10,5,6,5,16,11,11,11
scenario1,200,scenario1__H200__eta-constant__states-endogenous,cfg_09cebf682c97276407ab,run_2bbe80e0e1c6d455,1,42,constant,constant_eta0_0p15,False,0.35,0.85,0.15,,0.02,0.25,,,A,opposed_binary_state_preferences_v1,binary_stay_switch_a0_0p1_a1_0p9_v1,50,B,A,0.6685090323824985,0.6202509181186678,0.4705379179789859,0.5537584303347274,0.9974939888685507,0.9916451721471805,0.0050045570996973265,agreement,,,a1,a0,0,AI,a0,AI,0.15,0.15,True,True,1.0,0.0,0.16552289025943845,0.16552289025943845,1.311490037844925,1.3280490015507453,1.3280490015507453,6,44,0.12,0.88,27,21,2,0.54,0.42,0.04,4,17,0.19047619047619047,0.8095238095238095,27,23,0.54,0.46,10,5,7,5,16,11,12,11
scenario1,200,scenario1__H200__eta-constant__states-endogenous,cfg_09cebf682c97276407ab,run_2bbe80e0e1c6d455,1,42,constant,constant_eta0_0p15,False,0.35,0.85,0.15,,0.02,0.25,,,A,opposed_binary_state_preferences_v1,binary_stay_switch_a0_0p1_a1_0p9_v1,51,A,B,0.6685090323824985,0.6202509181186678,0.549957230282138,0.6206946657845183,0.9164424399951303,0.9578646138047895,0.001833783939825584,agreement,,,a1,a1,0,AI,a1,AI,0.15,0.15,True,True,1.0,0.0,0.14877173160156337,0.14877173160156337,1.331598276295041,1.3280490015507453,1.331598276295041,6,45,0.11764705882352941,0.8823529411764706,28,21,2,0.5490196078431373,0.4117647058823529,0.0392156862745098,4,17,0.19047619047619047,0.8095238095238095,28,23,0.5490196078431373,0.45098039215686275,10,6,7,5,16,12,12,11
scenario1,200,scenario1__H200__eta-constant__states-endogenous,cfg_09cebf682c97276407ab,run_2bbe80e0e1c6d455,1,42,constant,constant_eta0_0p15,False,0.35,0.85,0.15,,0.02,0.25,,,A,opposed_binary_state_preferences_v1,binary_stay_switch_a0_0p1_a1_0p9_v1,52,B,B,0.5682326775251237,0.5272132804008677,0.549957230282138,0.6206946657845183,0.9927868307727652,0.9575499236310809,0.003721321607027983,agreement,,,a1,a0,0,AI,a0,AI,0.15,0.15,True,True,1.0,0.0,0.1789681838051647,0.1789681838051647,1.331598276295041,1.3321009822562937,1.3321009822562937,6,46,0.11538461538461539,0.8846153846153846,29,21,2,0.5576923076923077,0.40384615384615385,0.038461538461538464,4,17,0.19047619047619047,0.8095238095238095,28,24,0.5384615384615384,0.46153846153846156,10,6,8,5,16,12,13,11
scenario1,200,scenario1__H200__eta-constant__states-endogenous,cfg_09cebf682c97276407ab,run_2bbe80e0e1c6d455,1,42,constant,constant_eta0_0p15,False,0.35,0.85,0.15,,0.02,0.25,,,A,opposed_binary_state_preferences_v1,binary_stay_switch_a0_0p1_a1_0p9_v1,53,B,B,0.5682326775251237,0.5272132804008677,0.6174636457398174,0.6775904659168406,0.9598136904494492,0.9069825154415367,0.002859131605056464,agreement,,,a0,a0,0,AI,a0,AI,0.15,0.15,True,True,1.0,0.0,0.1953888201290614,0.1953888201290614,1.331598276295041,1.3330126779150422,1.3330126779150422,6,47,0.11320754716981132,0.8867924528301887,30,21,2,0.5660377358490566,0.39622641509433965,0.03773584905660377,4,17,0.19047619047619047,0.8095238095238095,28,25,0.5283018867924528,0.4716981132075472,10,6,9,5,16,12,14,11
scenario1,200,scenario1__H200__eta-constant__states-endogenous,cfg_09cebf682c97276407ab,run_2bbe80e0e1c6d455,1,42,constant,constant_eta0_0p15,False,0.35,0.85,0.15,,0.02,0.25,,,A,opposed_binary_state_preferences_v1,binary_stay_switch_a0_0p1_a1_0p9_v1,54,B,B,0.5682326775251237,0.5272132804008677,0.6748440988788448,0.7259518960293145,0.9099004322094432,0.847213624011959,0.002246817801889567,agreement,,,a1,a0,0,AI,a0,AI,0.15,0.15,True,True,1.0,0.0,0.21148104372648016,0.21148104372648016,1.331598276295041,1.3332178094382605,1.3332178094382605,6,48,0.1111111111111111,0.8888888888888888,31,21,2,0.5740740740740741,0.3888888888888889,0.037037037037037035,4,17,0.19047619047619047,0.8095238095238095,28,26,0.5185185185185185,0.48148148148148145,10,6,10,5,16,12,15,11
scenario1,200,scenario1__H200__eta-constant__states-endogenous,cfg_09cebf682c97276407ab,run_2bbe80e0e1c6d455,1,42,constant,constant_eta0_0p15,False,0.35,0.85,0.15,,0.02,0.25,,,A,opposed_binary_state_preferences_v1,binary_stay_switch_a0_0p1_a1_0p9_v1,55,B,B,0.5682326775251237,0.5272132804008677,0.7236174840470181,0.7670591116249174,0.8504747869396678,0.7831028094057233,0.0017946871016347732,agreement,,,a0,a0,0,AI,a0,AI,0.15,0.15,True,True,1.0,0.0,0.22725142285195055,0.22725142285195055,1.331598276295041,1.3332639640309847,1.3332639640309847,6,49,0.10909090909090909,0.8909090909090909,32,21,2,0.5818181818181818,0.38181818181818183,0.03636363636363636,4,17,0.19047619047619047,0.8095238095238095,28,27,0.509090909090909,0.4909090909090909,10,6,11,5,16,12,16,11
scenario1,200,scenario1__H200__eta-constant__states-endogenous,cfg_09cebf682c97276407ab,run_2bbe80e0e1c6d455,1,42,constant,constant_eta0_0p15,False,0.35,0.85,0.15,,0.02,0.25,,,A,opposed_binary_state_preferences_v1,binary_stay_switch_a0_0p1_a1_0p9_v1,56,B,A,0.5682326775251237,0.5272132804008677,0.7650748614399654,0.8020002448811797,0.7864986134975036,0.7179095216740548,0.0014511572990337784,agreement,,,a0,a1,0,AI,a1,AI,0.15,0.15,True,True,0.0,0.023088724131762432,0.11603786124493923,0.11603786124493923,1.331598276295041,1.3332743488143475,1.3332743488143475,6,50,0.10714285714285714,0.8928571428571429,33,21,2,0.5892857142857143,0.375,0.03571428571428571,4,17,0.19047619047619047,0.8095238095238095,28,28,0.5,0.5,10,6,11,6,16,12,16,12
scenario1,200,scenario1__H200__eta-constant__states-endogenous,cfg_09cebf682c97276407ab,run_2bbe80e0e1c6d455,1,42,constant,constant_eta0_0p15,False,0.35,0.85,0.15,,0.02,0.25,,,A,opposed_binary_state_preferences_v1,binary_stay_switch_a0_0p1_a1_0p9_v1,57,A,B,0.5682326775251237,0.5272132804008677,0.6503136322239705,0.6817002081490028,0.986524485728044,0.9978621317178317,0.001225251146315276,agreement,,,a0,a1,0,AI,a1,AI,0.15,0.15,True,True,1.0,0.0,0.15178830492718887,0.15178830492718887,1.3332766853906042,1.3332743488143475,1.3332766853906042,6,51,0.10526315789473684,0.8947368421052632,34,21,2,0.5964912280701754,0.3684210526315789,0.03508771929824561,4,17,0.19047619047619047,0.8095238095238095,29,28,0.5087719298245614,0.49122807017543857,10,7,11,6,16,13,16,12
scenario1,200,scenario1__H200__eta-constant__states-endogenous,cfg_09cebf682c97276407ab,run_2bbe80e0e1c6d455,1,42,constant,constant_eta0_0p15,False,0.35,0.85,0.15,,0.02,0.25,,,A,opposed_binary_state_preferences_v1,binary_stay_switch_a0_0p1_a1_0p9_v1,58,B,B,0.4829977758963552,0.4481312883407375,0.6503136322239705,0.6817002081490028,0.9337876432694838,0.9025229527782355,0.0007988700768608581,agreement,,,a0,a0,0,AI,a0,AI,0.15,0.15,True,True,1.0,0.0,0.23388722117687302,0.23388722117687302,1.3332766853906042,1.3333186456179933,1.3333186456179933,6,52,0.10344827586206896,0.896551724137931,35,21,2,0.603448275862069,0.3620689655172414,0.034482758620689655,4,17,0.19047619047619047,0.8095238095238095,29,29,0.5,0.5,10,7,12,6,16,13,17,12
scenario1,200,scenario1__H200__eta-constant__states-endogenous,cfg_09cebf682c97276407ab,run_2bbe80e0e1c6d455,1,42,constant,constant_eta0_0p15,False,0.35,0.85,0.15,,0.02,0.25,,,A,opposed_binary_state_preferences_v1,binary_stay_switch_a0_0p1_a1_0p9_v1,59,B,B,0.4829977758963552,0.4481312883407375,0.702766587390375,0.7294451769266523,0.8778827058868799,0.842259646288964,0.0006315362712664419,agreement,,,a0,a0,0,AI,a0,AI,0.15,0.15,True,True,1.0,0.0,0.24920947675333555,0.24920947675333555,1.3332766853906042,1.3333286123988137,1.3333286123988137,6,53,0.1016949152542373,0.8983050847457628,36,21,2,0.6101694915254238,0.3559322033898305,0.03389830508474576,4,17,0.19047619047619047,0.8095238095238095,29,30,0.4915254237288136,0.5084745762711864,10,7,13,6,16,13,18,12
scenario1,200,scenario1__H200__eta-constant__states-endogenous,cfg_09cebf682c97276407ab,run_2bbe80e0e1c6d455,1,42,constant,constant_eta0_0p15,False,0.35,0.85,0.15,,0.02,0.25,,,A,opposed_binary_state_preferences_v1,binary_stay_switch_a0_0p1_a1_0p9_v1,60,B,A,0.4829977758963552,0.4481312883407375,0.7473515992818187,0.7700284003876545,0.8154488191492492,0.7779617920071742,0.0005066799114611942,agreement,,,a1,a1,0,AI,a1,AI,0.15,0.15,True,True,0.0,0.021296303994161308,0.1270296285668299,0.1270296285668299,1.3332766853906042,0.3333204695228563,0.3333204695228563,6,54,0.1,0.9,37,21,2,0.6166666666666667,0.35,0.03333333333333333,4,17,0.19047619047619047,0.8095238095238095,29,31,0.48333333333333334,0.5166666666666667,10,7,13,7,16,13,18,13
scenario1,200,scenario1__H200__eta-constant__states-endogenous,cfg_09cebf682c97276407ab,run_2bbe80e0e1c6d455,1,42,constant,constant_eta0_0p15,False,0.35,0.85,0.15,,0.02,0.25,,,A,opposed_binary_state_preferences_v1,binary_stay_switch_a0_0p1_a1_0p9_v1,61,A,B,0.4829977758963552,0.4481312883407375,0.635248859389546,0.6545241403295063,0.9991657432413386,0.9922232692099442,0.0008812840789540477,agreement,,,a1,a1,0,AI,a1,AI,0.15,0.15,True,True,1.0,0.0,0.16000469952521013,0.16000469952521013,1.1083290227774079,0.3333204695228563,1.1083290227774079,6,55,0.09836065573770492,0.9016393442622951,38,21,2,0.6229508196721312,0.3442622950819672,0.03278688524590164,4,17,0.19047619047619047,0.8095238095238095,30,31,0.4918032786885246,0.5081967213114754,10,8,13,7,16,14,18,13
scenario1,200,scenario1__H200__eta-constant__states-endogenous,cfg_09cebf682c97276407ab,run_2bbe80e0e1c6d455,1,42,constant,constant_eta0_0p15,False,0.35,0.85,0.15,,0.02,0.25,,,A,opposed_binary_state_preferences_v1,binary_stay_switch_a0_0p1_a1_0p9_v1,62,B,A,0.4105481095119019,0.38091159508962685,0.635248859389546,0.6545241403295063,0.946556453074511,0.9299625854134763,0.00029260089347726836,agreement,,,a0,a1,0,AI,a1,AI,0.15,0.15,True,True,0.0,0.02045297035599252,0.14199925527558344,0.14199925527558344,1.1083290227774079,1.1027053312120778,1.1027053312120778,6,56,0.0967741935483871,0.9032258064516129,39,21,2,0.6290322580645161,0.3387096774193548,0.03225806451612903,4,17,0.19047619047619047,0.8095238095238095,30,32,0.4838709677419355,0.5161290322580645,10,8,13,8,16,14,18,14
scenario1,200,scenario1__H200__eta-constant__states-endogenous,cfg_09cebf682c97276407ab,run_2bbe80e0e1c6d455,1,42,constant,constant_eta0_0p15,False,0.35,0.85,0.15,,0.02,0.25,,,A,opposed_binary_state_preferences_v1,binary_stay_switch_a0_0p1_a1_0p9_v1,63,A,A,0.4105481095119019,0.38091159508962685,0.5399615304811141,0.5563455192800804,0.9767873804090315,0.9586833098505927,0.0006625023655884021,agreement,,,a0,a0,0,AI,a0,AI,0.15,0.15,True,True,0.0,0.018265412716590653,0.15894536873623333,0.15894536873623333,0.2769416634052187,1.1027053312120778,0.2769416634052187,6,57,0.09523809523809523,0.9047619047619048,40,21,2,0.6349206349206349,0.3333333333333333,0.031746031746031744,4,17,0.19047619047619047,0.8095238095238095,31,32,0.49206349206349204,0.5079365079365079,11,8,13,8,17,14,18,14
scenario1,200,scenario1__H200__eta-constant__states-endogenous,cfg_09cebf682c97276407ab,run_2bbe80e0e1c6d455,1,42,constant,constant_eta0_0p15,False,0.35,0.85,0.15,,0.02,0.25,,,A,opposed_binary_state_preferences_v1,binary_stay_switch_a0_0p1_a1_0p9_v1,64,A,B,0.49896589308511663,0.47377485582618284,0.5399615304811141,0.5563455192800804,0.9999969144276892,0.9980146384645707,0.00045814778033548276,agreement,,,a0,a1,0,AI,a1,AI,0.15,0.15,True,True,1.0,0.0,0.17059514315553156,0.17059514315553156,1.255032241107848,1.1027053312120778,1.255032241107848,6,58,0.09375,0.90625,41,21,2,0.640625,0.328125,0.03125,4,17,0.19047619047619047,0.8095238095238095,32,32,0.5,0.5,11,9,13,8,17,15,18,14
scenario1,200,scenario1__H200__eta-constant__states-endogenous,cfg_09cebf682c97276407ab,run_2bbe80e0e1c6d455,1,42,constant,constant_eta0_0p15,False,0.35,0.85,0.15,,0.02,0.25,,,A,opposed_binary_state_preferences_v1,binary_stay_switch_a0_0p1_a1_0p9_v1,65,B,A,0.4241210091223491,0.4027086274522554,0.5399615304811141,0.5563455192800804,0.9953873335051036,0.9908199249903608,0.00019545693088490745,agreement,,,a0,a1,0,AI,a1,AI,0.15,0.15,True,True,0.0,0.01925017207529731,0.1536485630713369,0.1536485630713369,1.255032241107848,1.2794845055504136,1.2794845055504136,6,59,0.09230769230769231,0.9076923076923077,42,21,2,0.6461538461538462,0.3230769230769231,0.03076923076923077,4,17,0.19047619047619047,0.8095238095238095,32,33,0.49230769230769234,0.5076923076923077,11,9,13,9,17,15,18,15
scenario1,200,scenario1__H200__eta-constant__states-endogenous,cfg_09cebf682c97276407ab,run_2bbe80e0e1c6d455,1,42,constant,constant_eta0_0p15,False,0.35,0.85,0.15,,0.02,0.25,,,A,opposed_binary_state_preferences_v1,binary_stay_switch_a0_0p1_a1_0p9_v1,66,A,B,0.4241210091223491,0.4027086274522554,0.45896730090894694,0.4728936913880683,0.9833226544292675,0.9725130052221935,0.0003409854340743479,agreement,,,a0,a1,0,AI,a1,AI,0.15,0.15,True,True,1.0,0.0,0.1838395754865725,0.1838395754865725,1.3192598197765393,1.2794845055504136,1.3192598197765393,6,60,0.09090909090909091,0.9090909090909091,43,21,2,0.6515151515151515,0.3181818181818182,0.030303030303030304,4,17,0.19047619047619047,0.8095238095238095,33,33,0.5,0.5,11,10,13,9,17,16,18,15
scenario1,200,scenario1__H200__eta-constant__states-endogenous,cfg_09cebf682c97276407ab,run_2bbe80e0e1c6d455,1,42,constant,constant_eta0_0p15,False,0.35,0.85,0.15,,0.02,0.25,,,A,opposed_binary_state_preferences_v1,binary_stay_switch_a0_0p1_a1_0p9_v1,67,B,B,0.36050285775399676,0.34230233333441706,0.45896730090894694,0.4728936913880683,0.9951364517981398,0.9978789142683525,0.0001405585081968863,agreement,,,a0,a0,0,AI,a0,AI,0.15,0.15,True,True,1.0,0.0,0.2320182076986929,0.2320182076986929,1.3192598197765393,1.3208655092432566,1.3208655092432566,6,61,0.08955223880597014,0.9104477611940298,44,21,2,0.6567164179104478,0.31343283582089554,0.029850746268656716,4,17,0.19047619047619047,0.8095238095238095,33,34,0.4925373134328358,0.5074626865671642,11,10,14,9,17,16,19,15
scenario1,200,scenario1__H200__eta-constant__states-endogenous,cfg_09cebf682c97276407ab,run_2bbe80e0e1c6d455,1,42,constant,constant_eta0_0p15,False,0.35,0.85,0.15,,0.02,0.25,,,A,opposed_binary_state_preferences_v1,binary_stay_switch_a0_0p1_a1_0p9_v1,68,B,B,0.36050285775399676,0.34230233333441706,0.540122205772605,0.5519596376798581,0.9953501261338722,0.9921959305878997,0.00010194553813286378,agreement,,,a1,a0,0,AI,a0,AI,0.15,0.15,True,True,1.0,0.0,0.24737784354471903,0.24737784354471903,1.3192598197765393,1.3301762350741462,1.3301762350741462,6,62,0.08823529411764706,0.9117647058823529,45,21,2,0.6617647058823529,0.3088235294117647,0.029411764705882353,4,17,0.19047619047619047,0.8095238095238095,33,35,0.4852941176470588,0.5147058823529411,11,10,15,9,17,16,20,15
scenario1,200,scenario1__H200__eta-constant__states-endogenous,cfg_09cebf682c97276407ab,run_2bbe80e0e1c6d455,1,42,constant,constant_eta0_0p15,False,0.35,0.85,0.15,,0.02,0.25,,,A,opposed_binary_state_preferences_v1,binary_stay_switch_a0_0p1_a1_0p9_v1,69,B,B,0.36050285775399676,0.34230233333441706,0.6091038749067141,0.6191656920278794,0.9653754152344614,0.9586291373271194,7.704553855114593e-05,agreement,,,a0,a0,0,AI,a0,AI,0.15,0.15,True,True,1.0,0.0,0.2624302866738247,0.2624302866738247,1.3192598197765393,1.3322711483860963,1.3322711483860963,6,63,0.08695652173913043,0.9130434782608695,46,21,2,0.6666666666666666,0.30434782608695654,0.028985507246376812,4,17,0.19047619047619047,0.8095238095238095,33,36,0.4782608695652174,0.5217391304347826,11,10,16,9,17,16,21,15
scenario1,200,scenario1__H200__eta-constant__states-endogenous,cfg_09cebf682c97276407ab,run_2bbe80e0e1c6d455,1,42,constant,constant_eta0_0p15,False,0.35,0.85,0.15,,0.02,0.25,,,A,opposed_binary_state_preferences_v1,binary_stay_switch_a0_0p1_a1_0p9_v1,70,B,B,0.36050285775399676,0.34230233333441706,0.667738293670707,0.6762908382236975,0.917220477319064,0.9083695182578138,5.9848218786018315e-05,agreement,,,a1,a0,0,AI,a0,AI,0.15,0.15,True,True,1.0,0.0,0.2771816809403482,0.2771816809403482,1.3192598197765393,1.3327425038812852,1.3327425038812852,6,64,0.08571428571428572,0.9142857142857143,47,21,2,0.6714285714285714,0.3,0.02857142857142857,4,17,0.19047619047619047,0.8095238095238095,33,37,0.4714285714285714,0.5285714285714286,11,10,17,9,17,16,22,15
scenario1,200,scenario1__H200__eta-constant__states-endogenous,cfg_09cebf682c97276407ab,run_2bbe80e0e1c6d455,1,42,constant,constant_eta0_0p15,False,0.35,0.85,0.15,,0.02,0.25,,,A,opposed_binary_state_preferences_v1,binary_stay_switch_a0_0p1_a1_0p9_v1,71,B,B,0.36050285775399676,0.34230233333441706,0.717577549620101,0.724847212490143,0.8587306084562208,0.8487617747212646,4.7400816710896354e-05,agreement,,,a0,a0,0,AI,a0,AI,0.15,0.15,True,True,1.0,0.0,0.29163804732154125,0.29163804732154125,1.3192598197765393,1.3328485588677026,1.3328485588677026,6,65,0.08450704225352113,0.9154929577464789,48,21,2,0.676056338028169,0.29577464788732394,0.028169014084507043,4,17,0.19047619047619047,0.8095238095238095,33,38,0.4647887323943662,0.5352112676056338,11,10,18,9,17,16,23,15
scenario1,200,scenario1__H200__eta-constant__states-endogenous,cfg_09cebf682c97276407ab,run_2bbe80e0e1c6d455,1,42,constant,constant_eta0_0p15,False,0.35,0.85,0.15,,0.02,0.25,,,A,opposed_binary_state_preferences_v1,binary_stay_switch_a0_0p1_a1_0p9_v1,72,B,B,0.36050285775399676,0.34230233333441706,0.7599409171770859,0.7661201306166213,0.7951385182474728,0.7847137126736458,3.8082574079834064e-05,agreement,,,a1,a0,0,AI,a0,AI,0.15,0.15,True,True,1.0,0.0,0.30580528637511045,0.30580528637511045,1.3192598197765393,1.3328724212396466,1.3328724212396466,6,66,0.08333333333333333,0.9166666666666666,49,21,2,0.6805555555555556,0.2916666666666667,0.027777777777777776,4,17,0.19047619047619047,0.8095238095238095,33,39,0.4583333333333333,0.5416666666666666,11,10,19,9,17,16,24,15
scenario1,200,scenario1__H200__eta-constant__states-endogenous,cfg_09cebf682c97276407ab,run_2bbe80e0e1c6d455,1,42,constant,constant_eta0_0p15,False,0.35,0.85,0.15,,0.02,0.25,,,A,opposed_binary_state_preferences_v1,binary_stay_switch_a0_0p1_a1_0p9_v1,73,B,B,0.36050285775399676,0.34230233333441706,0.795949779600523,0.8012021110241283,0.7299549486165593,0.7195173480279387,3.092938057691619e-05,agreement,,,a0,a0,0,AI,a0,AI,0.15,0.15,True,True,1.0,0.0,0.31968918064760826,0.31968918064760826,1.3192598197765393,1.332877790273334,1.332877790273334,6,67,0.0821917808219178,0.9178082191780822,50,21,2,0.684931506849315,0.2876712328767123,0.0273972602739726,4,17,0.19047619047619047,0.8095238095238095,33,40,0.4520547945205479,0.547945205479452,11,10,20,9,17,16,25,15
scenario1,200,scenario1__H200__eta-constant__states-endogenous,cfg_09cebf682c97276407ab,run_2bbe80e0e1c6d455,1,42,constant,constant_eta0_0p15,False,0.35,0.85,0.15,,0.02,0.25,,,A,opposed_binary_state_preferences_v1,binary_stay_switch_a0_0p1_a1_0p9_v1,74,B,B,0.36050285775399676,0.34230233333441706,0.8265573126604446,0.831021794370509,0.6655199198866711,0.655361999749969,2.5331587541588263e-05,agreement,,,a0,a0,0,AI,a0,AI,0.15,0.15,True,True,1.0,0.0,0.3332953970346561,0.3332953970346561,1.3192598197765393,1.3328789983059135,1.3328789983059135,6,68,0.08108108108108109,0.918918918918919,51,21,2,0.6891891891891891,0.28378378378378377,0.02702702702702703,4,17,0.19047619047619047,0.8095238095238095,33,41,0.44594594594594594,0.5540540540540541,11,10,21,9,17,16,26,15
scenario1,200,scenario1__H200__eta-constant__states-endogenous,cfg_09cebf682c97276407ab,run_2bbe80e0e1c6d455,1,42,constant,constant_eta0_0p15,False,0.35,0.85,0.15,,0.02,0.25,,,A,opposed_binary_state_preferences_v1,binary_stay_switch_a0_0p1_a1_0p9_v1,75,B,A,0.36050285775399676,0.34230233333441706,0.852573715761378,0.8563685252149327,0.6033619258459924,0.5936708706953461,2.08847120239386e-05,agreement,,,a0,a1,0,AI,a1,AI,0.15,0.15,True,True,0.0,0.01572879213063144,0.14554206270293546,0.14554206270293546,1.3192598197765393,1.332879270113244,1.332879270113244,6,69,0.08,0.92,52,21,2,0.6933333333333334,0.28,0.02666666666666667,4,17,0.19047619047619047,0.8095238095238095,33,42,0.44,0.56,11,10,21,10,17,16,26,16
scenario1,200,scenario1__H200__eta-constant__states-endogenous,cfg_09cebf682c97276407ab,run_2bbe80e0e1c6d455,1,42,constant,constant_eta0_0p15,False,0.35,0.85,0.15,,0.02,0.25,,,A,opposed_binary_state_preferences_v1,binary_stay_switch_a0_0p1_a1_0p9_v1,76,A,A,0.36050285775399676,0.34230233333441706,0.7246876583971713,0.7279132464326927,0.943099807381074,0.9270048587550677,0.0002621251449635431,agreement,,,a1,a0,0,AI,a0,AI,0.15,0.15,True,True,0.0,0.014046511328134427,0.14223254722736633,0.14223254722736633,1.3328793312698934,1.332879270113244,1.3328793312698934,6,70,0.07894736842105263,0.9210526315789473,53,21,2,0.6973684210526315,0.27631578947368424,0.02631578947368421,4,17,0.19047619047619047,0.8095238095238095,34,42,0.4473684210526316,0.5526315789473685,12,10,21,10,18,16,26,16
scenario1,200,scenario1__H200__eta-constant__states-endogenous,cfg_09cebf682c97276407ab,run_2bbe80e0e1c6d455,1,42,constant,constant_eta0_0p15,False,0.35,0.85,0.15,,0.02,0.25,,,A,opposed_binary_state_preferences_v1,binary_stay_switch_a0_0p1_a1_0p9_v1,77,A,A,0.4564274290908973,0.4409569833342545,0.7246876583971713,0.7279132464326927,0.9945149331593658,0.9899177973424057,0.00017448809594156067,agreement,,,a1,a0,0,AI,a0,AI,0.15,0.15,True,True,0.0,0.013765581101571738,0.159387896282819,0.159387896282819,1.3332198190572273,1.332879270113244,1.3332198190572273,6,71,0.07792207792207792,0.922077922077922,54,21,2,0.7012987012987013,0.2727272727272727,0.025974025974025976,4,17,0.19047619047619047,0.8095238095238095,35,42,0.45454545454545453,0.5454545454545454,13,10,21,10,19,16,26,16
scenario1,200,scenario1__H200__eta-constant__states-endogenous,cfg_09cebf682c97276407ab,run_2bbe80e0e1c6d455,1,42,constant,constant_eta0_0p15,False,0.35,0.85,0.15,,0.02,0.25,,,A,opposed_binary_state_preferences_v1,binary_stay_switch_a0_0p1_a1_0p9_v1,78,A,B,0.5379633147272627,0.5248134358341163,0.7246876583971713,0.7279132464326927,0.9958375328097852,0.9982227163459279,0.00012523211529164024,agreement,,,a0,a1,0,AI,a1,AI,0.15,0.15,True,True,1.0,0.0,0.1642619893686196,0.1642619893686196,1.3332283312519106,1.332879270113244,1.3332283312519106,6,72,0.07692307692307693,0.9230769230769231,55,21,2,0.7051282051282052,0.2692307692307692,0.02564102564102564,4,17,0.19047619047619047,0.8095238095238095,36,42,0.46153846153846156,0.5384615384615384,13,11,21,10,19,17,26,16
scenario1,200,scenario1__H200__eta-constant__states-endogenous,cfg_09cebf682c97276407ab,run_2bbe80e0e1c6d455,1,42,constant,constant_eta0_0p15,False,0.35,0.85,0.15,,0.02,0.25,,,A,opposed_binary_state_preferences_v1,binary_stay_switch_a0_0p1_a1_0p9_v1,79,B,A,0.4572688175181733,0.44609142045899886,0.7246876583971713,0.7279132464326927,0.8489846505648706,0.8444430852125504,9.438736886746568e-06,agreement,,,a1,a1,0,AI,a1,AI,0.15,0.15,True,True,0.0,0.014507737056553,0.15424336457791119,0.15424336457791119,1.3332283312519106,0.333298356284511,0.333298356284511,6,73,0.0759493670886076,0.9240506329113924,56,21,2,0.7088607594936709,0.26582278481012656,0.02531645569620253,4,17,0.19047619047619047,0.8095238095238095,36,43,0.45569620253164556,0.5443037974683544,13,11,21,11,19,17,26,17
scenario1,200,scenario1__H200__eta-constant__states-endogenous,cfg_09cebf682c97276407ab,run_2bbe80e0e1c6d455,1,42,constant,constant_eta0_0p15,False,0.35,0.85,0.15,,0.02,0.25,,,A,opposed_binary_state_preferences_v1,binary_stay_switch_a0_0p1_a1_0p9_v1,80,A,A,0.4572688175181733,0.44609142045899886,0.6159845096375955,0.6187262594677888,0.9947249782861434,0.9915983450904442,9.09725596635047e-05,agreement,,,a1,a0,0,AI,a0,AI,0.15,0.15,True,True,0.0,0.012956054808150506,0.17001461287821898,0.17001461287821898,1.1083228384453128,0.333298356284511,1.1083228384453128,6,74,0.075,0.925,57,21,2,0.7125,0.2625,0.025,4,17,0.19047619047619047,0.8095238095238095,37,43,0.4625,0.5375,14,11,21,11,20,17,26,17
scenario1,200,scenario1__H200__eta-constant__states-endogenous,cfg_09cebf682c97276407ab,run_2bbe80e0e1c6d455,1,42,constant,constant_eta0_0p15,False,0.35,0.85,0.15,,0.02,0.25,,,A,opposed_binary_state_preferences_v1,binary_stay_switch_a0_0p1_a1_0p9_v1,81,A,B,0.5386784948904473,0.529177707390149,0.6159845096375955,0.6187262594677888,0.9956790659923106,0.9975421599430654,6.541460889691875e-05,agreement,,,a1,a1,0,AI,a1,AI,0.15,0.15,True,True,1.0,0.0,0.17460207029782981,0.17460207029782981,1.1027002011251479,0.333298356284511,1.1027002011251479,6,75,0.07407407407407407,0.9259259259259259,58,21,2,0.7160493827160493,0.25925925925925924,0.024691358024691357,4,17,0.19047619047619047,0.8095238095238095,38,43,0.4691358024691358,0.5308641975308642,14,12,21,11,20,18,26,17
scenario1,200,scenario1__H200__eta-constant__states-endogenous,cfg_09cebf682c97276407ab,run_2bbe80e0e1c6d455,1,42,constant,constant_eta0_0p15,False,0.35,0.85,0.15,,0.02,0.25,,,A,opposed_binary_state_preferences_v1,binary_stay_switch_a0_0p1_a1_0p9_v1,82,B,B,0.4578767206568802,0.4498010512816267,0.6159845096375955,0.6187262594677888,0.9608287362868446,0.9589366601373905,5.738654332398951e-06,agreement,,,a0,a0,0,AI,a0,AI,0.15,0.15,True,True,1.0,0.0,0.30355539939380033,0.30355539939380033,1.1027002011251479,1.1025596351921436,1.1025596351921436,6,76,0.07317073170731707,0.926829268292683,59,21,2,0.7195121951219512,0.25609756097560976,0.024390243902439025,4,17,0.19047619047619047,0.8095238095238095,38,44,0.4634146341463415,0.5365853658536586,14,12,22,11,20,18,27,17
scenario1,200,scenario1__H200__eta-constant__states-endogenous,cfg_09cebf682c97276407ab,run_2bbe80e0e1c6d455,1,42,constant,constant_eta0_0p15,False,0.35,0.85,0.15,,0.02,0.25,,,A,opposed_binary_state_preferences_v1,binary_stay_switch_a0_0p1_a1_0p9_v1,83,B,B,0.4578767206568802,0.4498010512816267,0.6735868331919562,0.6759173205476205,0.9112196714039833,0.9087660876204615,4.462929114712466e-06,agreement,,,a0,a0,0,AI,a0,AI,0.15,0.15,True,True,1.0,0.0,0.3174842914059243,0.3174842914059243,1.1027002011251479,1.2756434229463611,1.2756434229463611,6,77,0.07228915662650602,0.927710843373494,60,21,2,0.7228915662650602,0.25301204819277107,0.024096385542168676,4,17,0.19047619047619047,0.8095238095238095,38,45,0.4578313253012048,0.5421686746987951,14,12,23,11,20,18,28,17
scenario1,200,scenario1__H200__eta-constant__states-endogenous,cfg_09cebf682c97276407ab,run_2bbe80e0e1c6d455,1,42,constant,constant_eta0_0p15,False,0.35,0.85,0.15,,0.02,0.25,,,A,opposed_binary_state_preferences_v1,binary_stay_switch_a0_0p1_a1_0p9_v1,84,B,B,0.4578767206568802,0.4498010512816267,0.7225488082131628,0.7245297224654774,0.8519545924671793,0.8492050847600328,3.5377004160008774e-06,agreement,,,a0,a0,0,AI,a0,AI,0.15,0.15,True,True,1.0,0.0,0.33113460557780583,0.33113460557780583,1.1027002011251479,1.3145872751910601,1.3145872751910601,6,78,0.07142857142857142,0.9285714285714286,61,21,2,0.7261904761904762,0.25,0.023809523809523808,4,17,0.19047619047619047,0.8095238095238095,38,46,0.4523809523809524,0.5476190476190477,14,12,24,11,20,18,29,17
scenario1,200,scenario1__H200__eta-constant__states-endogenous,cfg_09cebf682c97276407ab,run_2bbe80e0e1c6d455,1,42,constant,constant_eta0_0p15,False,0.35,0.85,0.15,,0.02,0.25,,,A,opposed_binary_state_preferences_v1,binary_stay_switch_a0_0p1_a1_0p9_v1,85,B,B,0.4578767206568802,0.4498010512816267,0.7641664869811884,0.7658502640956558,0.7880426297154215,0.785175377863269,2.8440414038821693e-06,agreement,,,a0,a0,0,AI,a0,AI,0.15,0.15,True,True,1.0,0.0,0.3445119134662497,0.3445119134662497,1.1027002011251479,1.3233496419461173,1.3233496419461173,6,79,0.07058823529411765,0.9294117647058824,62,21,2,0.7294117647058823,0.24705882352941178,0.023529411764705882,4,17,0.19047619047619047,0.8095238095238095,38,47,0.4470588235294118,0.5529411764705883,14,12,25,11,20,18,30,17
scenario1,200,scenario1__H200__eta-constant__states-endogenous,cfg_09cebf682c97276407ab,run_2bbe80e0e1c6d455,1,42,constant,constant_eta0_0p15,False,0.35,0.85,0.15,,0.02,0.25,,,A,opposed_binary_state_preferences_v1,binary_stay_switch_a0_0p1_a1_0p9_v1,86,B,A,0.4578767206568802,0.4498010512816267,0.7995415139340102,0.8009727244813074,0.7228441198487982,0.7199783748872248,2.3109551003375195e-06,agreement,,,a0,a1,0,AI,a1,AI,0.15,0.15,True,True,0.0,0.012594536968423274,0.15390260312396736,0.15390260312396736,1.1027002011251479,1.3253211744660052,1.3253211744660052,6,80,0.06976744186046512,0.9302325581395349,63,21,2,0.7325581395348837,0.2441860465116279,0.023255813953488372,4,17,0.19047619047619047,0.8095238095238095,38,48,0.4418604651162791,0.5581395348837209,14,12,25,12,20,18,30,18
scenario1,200,scenario1__H200__eta-constant__states-endogenous,cfg_09cebf682c97276407ab,run_2bbe80e0e1c6d455,1,42,constant,constant_eta0_0p15,False,0.35,0.85,0.15,,0.02,0.25,,,A,opposed_binary_state_preferences_v1,binary_stay_switch_a0_0p1_a1_0p9_v1,87,A,B,0.4578767206568802,0.4498010512816267,0.6796102868439087,0.6808268158091113,0.9948741750048516,0.9927167416552231,4.7448671493088845e-05,agreement,,,a0,a1,0,AI,a1,AI,0.15,0.15,True,True,1.0,0.0,0.17466991365641302,0.17466991365641302,1.32576476928298,1.3253211744660052,1.32576476928298,6,81,0.06896551724137931,0.9310344827586207,64,21,2,0.735632183908046,0.2413793103448276,0.022988505747126436,4,17,0.19047619047619047,0.8095238095238095,39,48,0.4482758620689655,0.5517241379310345,14,13,25,12,20,19,30,18
scenario1,200,scenario1__H200__eta-constant__states-endogenous,cfg_09cebf682c97276407ab,run_2bbe80e0e1c6d455,1,42,constant,constant_eta0_0p15,False,0.35,0.85,0.15,,0.02,0.25,,,A,opposed_binary_state_preferences_v1,binary_stay_switch_a0_0p1_a1_0p9_v1,88,B,B,0.38919521255834816,0.3823308935893827,0.6796102868439087,0.6808268158091113,0.9048047529360627,0.9034800589944253,1.2269529764408205e-06,agreement,,,a1,a0,0,AI,a0,AI,0.15,0.15,True,True,1.0,0.0,0.3442518568591265,0.3442518568591265,1.32576476928298,1.3313413834869257,1.3313413834869257,6,82,0.06818181818181818,0.9318181818181818,65,21,2,0.7386363636363636,0.23863636363636365,0.022727272727272728,4,17,0.19047619047619047,0.8095238095238095,39,49,0.4431818181818182,0.5568181818181818,14,13,26,12,20,19,31,18
scenario1,200,scenario1__H200__eta-constant__states-endogenous,cfg_09cebf682c97276407ab,run_2bbe80e0e1c6d455,1,42,constant,constant_eta0_0p15,False,0.35,0.85,0.15,,0.02,0.25,,,A,opposed_binary_state_preferences_v1,binary_stay_switch_a0_0p1_a1_0p9_v1,89,B,B,0.38919521255834816,0.3823308935893827,0.7276687438173224,0.7287027934377447,0.8447899878337027,0.8433198936536793,9.742112341282194e-07,agreement,,,a1,a0,0,AI,a0,AI,0.15,0.15,True,True,1.0,0.0,0.357366819721944,0.357366819721944,1.32576476928298,1.3326959305166328,1.3326959305166328,6,83,0.06741573033707865,0.9325842696629213,66,21,2,0.7415730337078652,0.23595505617977527,0.02247191011235955,4,17,0.19047619047619047,0.8095238095238095,39,50,0.43820224719101125,0.5617977528089888,14,13,27,12,20,19,32,18
scenario1,200,scenario1__H200__eta-constant__states-endogenous,cfg_09cebf682c97276407ab,run_2bbe80e0e1c6d455,1,42,constant,constant_eta0_0p15,False,0.35,0.85,0.15,,0.02,0.25,,,A,opposed_binary_state_preferences_v1,binary_stay_switch_a0_0p1_a1_0p9_v1,90,B,A,0.38919521255834816,0.3823308935893827,0.768518432244724,0.769397374422083,0.7805850816473071,0.7790603369936813,7.841726429869134e-07,agreement,,,a0,a0,0,AI,a0,AI,0.15,0.15,True,True,1.0,0.0,0.37021948332750515,0.37021948332750515,1.32576476928298,1.333000703598317,1.333000703598317,6,84,0.06666666666666667,0.9333333333333333,67,21,2,0.7444444444444445,0.23333333333333334,0.022222222222222223,4,17,0.19047619047619047,0.8095238095238095,39,51,0.43333333333333335,0.5666666666666667,14,13,28,12,20,19,33,18
scenario1,200,scenario1__H200__eta-constant__states-endogenous,cfg_09cebf682c97276407ab,run_2bbe80e0e1c6d455,1,42,constant,constant_eta0_0p15,False,0.35,0.85,0.15,,0.02,0.25,,,A,opposed_binary_state_preferences_v1,binary_stay_switch_a0_0p1_a1_0p9_v1,91,A,A,0.38919521255834816,0.3823308935893827,0.8032406674080155,0.8039877682587706,0.9642782265487786,0.9596716380554797,3.586140402600524e-05,agreement,,,a0,a0,0,AI,a0,AI,0.15,0.15,True,True,0.0,0.01037431926691874,0.15613603061717993,0.15613603061717993,0.3316220906786284,1.333000703598317,0.3316220906786284,6,85,0.06593406593406594,0.9340659340659341,68,21,2,0.7472527472527473,0.23076923076923078,0.02197802197802198,4,17,0.19047619047619047,0.8095238095238095,40,51,0.43956043956043955,0.5604395604395604,15,13,28,12,21,19,33,18
scenario1,200,scenario1__H200__eta-constant__states-endogenous,cfg_09cebf682c97276407ab,run_2bbe80e0e1c6d455,1,42,constant,constant_eta0_0p15,False,0.35,0.85,0.15,,0.02,0.25,,,A,opposed_binary_state_preferences_v1,binary_stay_switch_a0_0p1_a1_0p9_v1,92,A,B,0.480815930674596,0.47498125955097525,0.8032406674080155,0.8039877682587706,0.998937833475839,0.9981931720951716,2.4605329657756414e-05,agreement,,,a1,a1,0,AI,a1,AI,0.15,0.15,True,True,1.0,0.0,0.177887767529292,0.177887767529292,1.308215710576587,1.333000703598317,1.308215710576587,6,86,0.06521739130434782,0.9347826086956522,69,21,2,0.75,0.22826086956521738,0.021739130434782608,4,17,0.19047619047619047,0.8095238095238095,41,51,0.44565217391304346,0.5543478260869565,15,14,28,12,21,20,33,18
scenario1,200,scenario1__H200__eta-constant__states-endogenous,cfg_09cebf682c97276407ab,run_2bbe80e0e1c6d455,1,42,constant,constant_eta0_0p15,False,0.35,0.85,0.15,,0.02,0.25,,,A,opposed_binary_state_preferences_v1,binary_stay_switch_a0_0p1_a1_0p9_v1,93,B,B,0.4086935410734066,0.40373407061832894,0.8032406674080155,0.8039877682587706,0.7153992194655894,0.7138805028293149,6.378015536823156e-07,agreement,,,a0,a0,0,AI,a0,AI,0.15,0.15,True,True,1.0,0.0,0.3684476159519812,0.3684476159519812,1.308215710576587,1.332630551074036,1.332630551074036,6,87,0.06451612903225806,0.9354838709677419,70,21,2,0.7526881720430108,0.22580645161290322,0.021505376344086023,4,17,0.19047619047619047,0.8095238095238095,41,52,0.44086021505376344,0.5591397849462365,15,14,29,12,21,20,34,18
scenario1,200,scenario1__H200__eta-constant__states-endogenous,cfg_09cebf682c97276407ab,run_2bbe80e0e1c6d455,1,42,constant,constant_eta0_0p15,False,0.35,0.85,0.15,,0.02,0.25,,,A,opposed_binary_state_preferences_v1,binary_stay_switch_a0_0p1_a1_0p9_v1,94,B,B,0.4086935410734066,0.40373407061832894,0.8327545672968132,0.833389603019955,0.6513645366419677,0.6498917510359132,5.229612796697758e-07,agreement,,,a1,a0,0,AI,a0,AI,0.15,0.15,True,True,1.0,0.0,0.3810786636329416,0.3810786636329416,1.308215710576587,1.3325472667560727,1.3325472667560727,6,88,0.06382978723404255,0.9361702127659575,71,21,2,0.7553191489361702,0.22340425531914893,0.02127659574468085,4,17,0.19047619047619047,0.8095238095238095,41,53,0.43617021276595747,0.5638297872340425,15,14,30,12,21,20,35,18
scenario1,200,scenario1__H200__eta-constant__states-endogenous,cfg_09cebf682c97276407ab,run_2bbe80e0e1c6d455,1,42,constant,constant_eta0_0p15,False,0.35,0.85,0.15,,0.02,0.25,,,A,opposed_binary_state_preferences_v1,binary_stay_switch_a0_0p1_a1_0p9_v1,95,B,B,0.4086935410734066,0.40373407061832894,0.8578413822022912,0.8583811625669617,0.5898642391430862,0.5884627503796218,4.315463435489164e-07,agreement,,,a0,a0,0,AI,a0,AI,0.15,0.15,True,True,1.0,0.0,0.3934570903602828,0.3934570903602828,1.308215710576587,1.3325285277845311,1.3325285277845311,6,89,0.06315789473684211,0.9368421052631579,72,21,2,0.7578947368421053,0.22105263157894736,0.021052631578947368,4,17,0.19047619047619047,0.8095238095238095,41,54,0.43157894736842106,0.5684210526315789,15,14,31,12,21,20,36,18
scenario1,200,scenario1__H200__eta-constant__states-endogenous,cfg_09cebf682c97276407ab,run_2bbe80e0e1c6d455,1,42,constant,constant_eta0_0p15,False,0.35,0.85,0.15,,0.02,0.25,,,A,opposed_binary_state_preferences_v1,binary_stay_switch_a0_0p1_a1_0p9_v1,96,B,B,0.4086935410734066,0.40373407061832894,0.8791651748719476,0.8796239881819174,0.5317557931283602,0.5304407347241882,3.5793667024774933e-07,agreement,,,a0,a0,0,AI,a0,AI,0.15,0.15,True,True,1.0,0.0,0.40558794855307717,0.40558794855307717,1.308215710576587,1.3325243115159342,1.3325243115159342,6,90,0.0625,0.9375,73,21,2,0.7604166666666666,0.21875,0.020833333333333332,4,17,0.19047619047619047,0.8095238095238095,41,55,0.4270833333333333,0.5729166666666666,15,14,32,12,21,20,37,18
scenario1,200,scenario1__H200__eta-constant__states-endogenous,cfg_09cebf682c97276407ab,run_2bbe80e0e1c6d455,1,42,constant,constant_eta0_0p15,False,0.35,0.85,0.15,,0.02,0.25,,,A,opposed_binary_state_preferences_v1,binary_stay_switch_a0_0p1_a1_0p9_v1,97,B,B,0.4086935410734066,0.40373407061832894,0.8972903986411555,0.8976803899546298,0.4775264472892139,0.47630575113789103,2.981134150925602e-07,agreement,,,a0,a0,0,AI,a0,AI,0.15,0.15,True,True,1.0,0.0,0.41747618958201566,0.41747618958201566,1.308215710576587,1.3325233628555,1.3325233628555,6,91,0.061855670103092786,0.9381443298969072,74,21,2,0.7628865979381443,0.21649484536082475,0.020618556701030927,4,17,0.19047619047619047,0.8095238095238095,41,56,0.422680412371134,0.5773195876288659,15,14,33,12,21,20,38,18
scenario1,200,scenario1__H200__eta-constant__states-endogenous,cfg_09cebf682c97276407ab,run_2bbe80e0e1c6d455,1,42,constant,constant_eta0_0p15,False,0.35,0.85,0.15,,0.02,0.25,,,A,opposed_binary_state_preferences_v1,binary_stay_switch_a0_0p1_a1_0p9_v1,98,B,A,0.4086935410734066,0.40373407061832894,0.9126968388449821,0.9130283314614354,0.427403477529129,0.42628003766541855,2.4912793700204716e-07,agreement,,,a0,a1,0,AI,a1,AI,0.15,0.15,True,True,0.0,0.009883143786817929,0.14076994649769684,0.14076994649769684,1.308215710576587,1.332523149406902,1.332523149406902,6,92,0.061224489795918366,0.9387755102040817,75,21,2,0.7653061224489796,0.21428571428571427,0.02040816326530612,4,17,0.19047619047619047,0.8095238095238095,41,57,0.41836734693877553,0.5816326530612245,15,14,33,13,21,20,38,19
scenario1,200,scenario1__H200__eta-constant__states-endogenous,cfg_09cebf682c97276407ab,run_2bbe80e0e1c6d455,1,42,constant,constant_eta0_0p15,False,0.35,0.85,0.15,,0.02,0.25,,,A,opposed_binary_state_preferences_v1,binary_stay_switch_a0_0p1_a1_0p9_v1,99,A,B,0.4086935410734066,0.40373407061832894,0.7757923130182348,0.77607408174222,0.9758093674251138,0.9730930206014526,1.8389609444724453e-05,agreement,,,a1,a1,0,AI,a1,AI,0.15,0.15,True,True,1.0,0.0,0.17442891304443517,0.17442891304443517,1.3325231013809677,1.332523149406902,1.3325231013809677,6,93,0.06060606060606061,0.9393939393939394,76,21,2,0.7676767676767676,0.21212121212121213,0.020202020202020204,4,17,0.19047619047619047,0.8095238095238095,42,57,0.42424242424242425,0.5757575757575758,15,15,33,13,21,21,38,19
scenario1,200,scenario1__H200__eta-constant__states-endogenous,cfg_09cebf682c97276407ab,run_2bbe80e0e1c6d455,1,42,constant,constant_eta0_0p15,False,0.35,0.85,0.15,,0.02,0.25,,,A,opposed_binary_state_preferences_v1,binary_stay_switch_a0_0p1_a1_0p9_v1,100,B,A,0.3473895099123956,0.3431739600255796,0.7757923130182348,0.77607408174222,0.7677765285672427,0.7672715979934962,8.235088949648528e-08,agreement,,,a1,a1,0,AI,a1,AI,0.15,0.15,True,True,0.0,0.009491771292859939,0.15519545661638803,0.15519545661638803,1.3325231013809677,0.3331307765458903,0.3331307765458903,6,94,0.06,0.94,77,21,2,0.77,0.21,0.02,4,17,0.19047619047619047,0.8095238095238095,42,58,0.42,0.58,15,15,33,14,21,21,38,20
scenario1,200,scenario1__H200__eta-constant__states-endogenous,cfg_09cebf682c97276407ab,run_2bbe80e0e1c6d455,1,42,constant,constant_eta0_0p15,False,0.35,0.85,0.15,,0.02,0.25,,,A,opposed_binary_state_preferences_v1,binary_stay_switch_a0_0p1_a1_0p9_v1,101,A,A,0.3473895099123956,0.3431739600255796,0.6594234660654996,0.6596629694808871,0.9317150337875562,0.9278236315428282,1.4176433373924713e-05,agreement,,,a1,a0,0,AI,a0,AI,0.15,0.15,True,True,0.0,0.008476574162968849,0.14757450479265913,0.14757450479265913,1.1082675022573496,0.3331307765458903,1.1082675022573496,6,95,0.0594059405940594,0.9405940594059405,78,21,2,0.7722772277227723,0.2079207920792079,0.019801980198019802,4,17,0.19047619047619047,0.8095238095238095,43,58,0.42574257425742573,0.5742574257425742,16,15,33,14,22,21,38,20
scenario1,200,scenario1__H200__eta-constant__states-endogenous,cfg_09cebf682c97276407ab,run_2bbe80e0e1c6d455,1,42,constant,constant_eta0_0p15,False,0.35,0.85,0.15,,0.02,0.25,,,A,opposed_binary_state_preferences_v1,binary_stay_switch_a0_0p1_a1_0p9_v1,102,A,B,0.44528108342553624,0.4416978660217427,0.6594234660654996,0.6596629694808871,0.9913433527697877,0.9901698113032691,9.381562148691458e-06,agreement,,,a1,a1,0,AI,a1,AI,0.15,0.15,True,True,1.0,0.0,0.184171097526118,0.184171097526118,1.1026611122792591,0.3331307765458903,1.1026611122792591,6,96,0.058823529411764705,0.9411764705882353,79,21,2,0.7745098039215687,0.20588235294117646,0.0196078431372549,4,17,0.19047619047619047,0.8095238095238095,44,58,0.43137254901960786,0.5686274509803921,16,16,33,14,22,22,38,20
scenario1,200,scenario1__H200__eta-constant__states-endogenous,cfg_09cebf682c97276407ab,run_2bbe80e0e1c6d455,1,42,constant,constant_eta0_0p15,False,0.35,0.85,0.15,,0.02,0.25,,,A,opposed_binary_state_preferences_v1,binary_stay_switch_a0_0p1_a1_0p9_v1,103,B,B,0.3784889209117058,0.3754431861184813,0.6594234660654996,0.6596629694808871,0.9253693401278745,0.925140854936278,4.6068357906214885e-08,agreement,,,a0,a0,0,AI,a0,AI,0.15,0.15,True,True,1.0,0.0,0.38981810173336334,0.38981810173336334,1.1026611122792591,1.1025209525298068,1.1025209525298068,6,97,0.05825242718446602,0.941747572815534,80,21,2,0.7766990291262136,0.20388349514563106,0.019417475728155338,4,17,0.19047619047619047,0.8095238095238095,44,59,0.42718446601941745,0.5728155339805825,16,16,34,14,22,22,39,20
scenario1,200,scenario1__H200__eta-constant__states-endogenous,cfg_09cebf682c97276407ab,run_2bbe80e0e1c6d455,1,42,constant,constant_eta0_0p15,False,0.35,0.85,0.15,,0.02,0.25,,,A,opposed_binary_state_preferences_v1,binary_stay_switch_a0_0p1_a1_0p9_v1,104,B,B,0.3784889209117058,0.3754431861184813,0.7105099461556746,0.710713524058754,0.8680616038152718,0.8677977556319181,3.63439847106406e-08,agreement,,,a0,a0,0,AI,a0,AI,0.15,0.15,True,True,1.0,0.0,0.4020217396986961,0.4020217396986961,1.1026611122792591,1.275633742126188,1.275633742126188,6,98,0.057692307692307696,0.9423076923076923,81,21,2,0.7788461538461539,0.20192307692307693,0.019230769230769232,4,17,0.19047619047619047,0.8095238095238095,44,60,0.4230769230769231,0.5769230769230769,16,16,35,14,22,22,40,20
scenario1,200,scenario1__H200__eta-constant__states-endogenous,cfg_09cebf682c97276407ab,run_2bbe80e0e1c6d455,1,42,constant,constant_eta0_0p15,False,0.35,0.85,0.15,,0.02,0.25,,,A,opposed_binary_state_preferences_v1,binary_stay_switch_a0_0p1_a1_0p9_v1,105,B,B,0.3784889209117058,0.3754431861184813,0.7539334542323235,0.7541064954499409,0.8049840130423902,0.80470436777484,2.9113940480662848e-08,agreement,,,a0,a0,0,AI,a0,AI,0.15,0.15,True,True,1.0,0.0,0.4139813049047222,0.4139813049047222,1.1026611122792591,1.3145841197853738,1.3145841197853738,6,99,0.05714285714285714,0.9428571428571428,82,21,2,0.780952380952381,0.2,0.01904761904761905,4,17,0.19047619047619047,0.8095238095238095,44,61,0.41904761904761906,0.580952380952381,16,16,36,14,22,22,41,20
scenario1,200,scenario1__H200__eta-constant__states-endogenous,cfg_09cebf682c97276407ab,run_2bbe80e0e1c6d455,1,42,constant,constant_eta0_0p15,False,0.35,0.85,0.15,,0.02,0.25,,,A,opposed_binary_state_preferences_v1,binary_stay_switch_a0_0p1_a1_0p9_v1,106,B,B,0.3784889209117058,0.3754431861184813,0.790843436097475,0.7909905211324497,0.7398674465556365,0.739585124129316,2.3592386211301886e-08,agreement,,,a0,a0,0,AI,a0,AI,0.15,0.15,True,True,1.0,0.0,0.42570167880662774,0.42570167880662774,1.1026611122792591,1.3233479547586906,1.3233479547586906,6,100,0.05660377358490566,0.9433962264150944,83,21,2,0.7830188679245284,0.19811320754716982,0.018867924528301886,4,17,0.19047619047619047,0.8095238095238095,44,62,0.41509433962264153,0.5849056603773585,16,16,37,14,22,22,42,20
scenario1,200,scenario1__H200__eta-constant__states-endogenous,cfg_09cebf682c97276407ab,run_2bbe80e0e1c6d455,1,42,constant,constant_eta0_0p15,False,0.35,0.85,0.15,,0.02,0.25,,,A,opposed_binary_state_preferences_v1,binary_stay_switch_a0_0p1_a1_0p9_v1,107,B,B,0.3784889209117058,0.3754431861184813,0.8222169206828538,0.8223419429625823,0.6752031535111717,0.6749268520085827,1.9288669383943358e-08,agreement,,,a0,a1,0,AI,a1,AI,0.15,0.15,True,True,0.0,0.008240049015069941,0.15472913853257,0.15472913853257,1.1026611122792591,1.3253198176276868,1.3253198176276868,6,101,0.056074766355140186,0.9439252336448598,84,21,2,0.7850467289719626,0.19626168224299065,0.018691588785046728,4,17,0.19047619047619047,0.8095238095238095,44,63,0.411214953271028,0.5887850467289719,16,16,37,15,22,22,42,21
scenario1,200,scenario1__H200__eta-constant__states-endogenous,cfg_09cebf682c97276407ab,run_2bbe80e0e1c6d455,1,42,constant,constant_eta0_0p15,False,0.35,0.85,0.15,,0.02,0.25,,,A,opposed_binary_state_preferences_v1,binary_stay_switch_a0_0p1_a1_0p9_v1,108,B,B,0.3784889209117058,0.3754431861184813,0.6988843825804257,0.698990651518195,0.8826503493363536,0.8825212218908067,9.678370327392827e-09,agreement,,,a0,a0,0,AI,a0,AI,0.15,0.15,True,True,1.0,0.0,0.42884389232588527,0.42884389232588527,1.1026611122792591,1.325763486773211,1.325763486773211,6,102,0.05555555555555555,0.9444444444444444,85,21,2,0.7870370370370371,0.19444444444444445,0.018518518518518517,4,17,0.19047619047619047,0.8095238095238095,44,64,0.4074074074074074,0.5925925925925926,16,16,38,15,22,22,43,21
scenario1,200,scenario1__H200__eta-constant__states-endogenous,cfg_09cebf682c97276407ab,run_2bbe80e0e1c6d455,1,42,constant,constant_eta0_0p15,False,0.35,0.85,0.15,,0.02,0.25,,,A,opposed_binary_state_preferences_v1,binary_stay_switch_a0_0p1_a1_0p9_v1,109,B,B,0.3784889209117058,0.3754431861184813,0.7440517251933618,0.7441420537904657,0.8205705057771953,0.8204314094198648,7.727340101126856e-09,agreement,,,a1,a0,0,AI,a0,AI,0.15,0.15,True,True,1.0,0.0,0.44026701447936756,0.44026701447936756,1.1026611122792591,1.325863312330954,1.325863312330954,6,103,0.05504587155963303,0.944954128440367,86,21,2,0.7889908256880734,0.1926605504587156,0.01834862385321101,4,17,0.19047619047619047,0.8095238095238095,44,65,0.4036697247706422,0.5963302752293578,16,16,39,15,22,22,44,21
scenario1,200,scenario1__H200__eta-constant__states-endogenous,cfg_09cebf682c97276407ab,run_2bbe80e0e1c6d455,1,42,constant,constant_eta0_0p15,False,0.35,0.85,0.15,,0.02,0.25,,,A,opposed_binary_state_preferences_v1,binary_stay_switch_a0_0p1_a1_0p9_v1,110,B,B,0.3784889209117058,0.3754431861184813,0.7824439664143575,0.7825207457218959,0.755679716651011,0.7555379109671168,6.246027584033698e-09,agreement,,,a0,a0,0,AI,a0,AI,0.15,0.15,True,True,1.0,0.0,0.4514616741897802,0.4514616741897802,1.1026611122792591,1.3258857730814462,1.3258857730814462,6,104,0.05454545454545454,0.9454545454545454,87,21,2,0.7909090909090909,0.19090909090909092,0.01818181818181818,4,17,0.19047619047619047,0.8095238095238095,44,66,0.4,0.6,16,16,40,15,22,22,45,21
scenario1,200,scenario1__H200__eta-constant__states-endogenous,cfg_09cebf682c97276407ab,run_2bbe80e0e1c6d455,1,42,constant,constant_eta0_0p15,False,0.35,0.85,0.15,,0.02,0.25,,,A,opposed_binary_state_preferences_v1,binary_stay_switch_a0_0p1_a1_0p9_v1,111,B,B,0.3784889209117058,0.3754431861184813,0.8150773714522039,0.8151426338636115,0.6907283239946531,0.6905886410541842,5.096607136323428e-09,agreement,,,a0,a0,0,AI,a0,AI,0.15,0.15,True,True,1.0,0.0,0.4624324407059846,0.4624324407059846,1.1026611122792591,1.325890826750307,1.325890826750307,6,105,0.05405405405405406,0.9459459459459459,88,21,2,0.7927927927927928,0.1891891891891892,0.018018018018018018,4,17,0.19047619047619047,0.8095238095238095,44,67,0.3963963963963964,0.6036036036036037,16,16,41,15,22,22,46,21
scenario1,200,scenario1__H200__eta-constant__states-endogenous,cfg_09cebf682c97276407ab,run_2bbe80e0e1c6d455,1,42,constant,constant_eta0_0p15,False,0.35,0.85,0.15,,0.02,0.25,,,A,opposed_binary_state_preferences_v1,binary_stay_switch_a0_0p1_a1_0p9_v1,112,B,B,0.3784889209117058,0.3754431861184813,0.8428157657343733,0.8428712387840698,0.6275305914616363,0.6273961767749889,4.18956913605939e-09,agreement,,,a1,a0,0,AI,a0,AI,0.15,0.15,True,True,1.0,0.0,0.47318379189186494,0.47318379189186494,1.1026611122792591,1.3258919638258004,1.3258919638258004,6,106,0.05357142857142857,0.9464285714285714,89,21,2,0.7946428571428571,0.1875,0.017857142857142856,4,17,0.19047619047619047,0.8095238095238095,44,68,0.39285714285714285,0.6071428571428571,16,16,42,15,22,22,47,21
scenario1,200,scenario1__H200__eta-constant__states-endogenous,cfg_09cebf682c97276407ab,run_2bbe80e0e1c6d455,1,42,constant,constant_eta0_0p15,False,0.35,0.85,0.15,,0.02,0.25,,,A,opposed_binary_state_preferences_v1,binary_stay_switch_a0_0p1_a1_0p9_v1,113,B,A,0.3784889209117058,0.3754431861184813,0.8663934008742173,0.8664405529664593,0.5672469784731646,0.5671197939630145,3.464242392947625e-09,agreement,,,a0,a0,0,AI,a0,AI,0.15,0.15,True,True,1.0,0.0,0.48372011605402765,0.48372011605402765,1.1026611122792591,1.3258922196677867,1.3258922196677867,6,107,0.05309734513274336,0.9469026548672567,90,21,2,0.7964601769911505,0.18584070796460178,0.017699115044247787,4,17,0.19047619047619047,0.8095238095238095,44,69,0.3893805309734513,0.6106194690265486,16,16,43,15,22,22,48,21
scenario1,200,scenario1__H200__eta-constant__states-endogenous,cfg_09cebf682c97276407ab,run_2bbe80e0e1c6d455,1,42,constant,constant_eta0_0p15,False,0.35,0.85,0.15,,0.02,0.25,,,A,opposed_binary_state_preferences_v1,binary_stay_switch_a0_0p1_a1_0p9_v1,114,A,B,0.3784889209117058,0.3754431861184813,0.8864343907430847,0.8864744700214904,0.9569677995453714,0.9547600114283719,7.122880641530216e-06,agreement,,,a1,a0,0,AI,a0,AI,0.15,0.15,True,True,0.0,0.00651867531554677,0.13348809826952734,0.13348809826952734,1.3258922772322335,1.3258922196677867,1.3258922772322335,6,108,0.05263157894736842,0.9473684210526315,91,21,2,0.7982456140350878,0.18421052631578946,0.017543859649122806,4,17,0.19047619047619047,0.8095238095238095,45,69,0.39473684210526316,0.6052631578947368,17,16,43,15,23,22,48,21
scenario1,200,scenario1__H200__eta-constant__states-endogenous,cfg_09cebf682c97276407ab,run_2bbe80e0e1c6d455,1,42,constant,constant_eta0_0p15,False,0.35,0.85,0.15,,0.02,0.25,,,A,opposed_binary_state_preferences_v1,binary_stay_switch_a0_0p1_a1_0p9_v1,115,B,B,0.4717155827749499,0.4691267082007091,0.8864343907430847,0.8864744700214904,0.510578108322165,0.5104592822770833,2.8780460237243233e-09,agreement,,,a0,a0,0,AI,a0,AI,0.15,0.15,True,True,1.0,0.0,0.4845647994582881,0.4845647994582881,1.3258922772322335,1.331473056356058,1.331473056356058,6,109,0.05217391304347826,0.9478260869565217,92,21,2,0.8,0.1826086956521739,0.017391304347826087,4,17,0.19047619047619047,0.8095238095238095,45,70,0.391304347826087,0.6086956521739131,17,16,44,15,23,22,49,21
scenario1,200,scenario1__H200__eta-constant__states-endogenous,cfg_09cebf682c97276407ab,run_2bbe80e0e1c6d455,1,42,constant,constant_eta0_0p15,False,0.35,0.85,0.15,,0.02,0.25,,,A,opposed_binary_state_preferences_v1,binary_stay_switch_a0_0p1_a1_0p9_v1,116,B,A,0.4717155827749499,0.4691267082007091,0.903469232131622,0.9035032995182668,0.45790091375340913,0.4577909886356079,2.4002226040042984e-09,agreement,,,a0,a1,0,AI,a1,AI,0.15,0.15,True,True,0.0,0.0068701224261573084,0.14900507298785617,0.14900507298785617,1.3258922772322335,1.3327287446109188,1.3327287446109188,6,110,0.05172413793103448,0.9482758620689655,93,21,2,0.8017241379310345,0.1810344827586207,0.017241379310344827,4,17,0.19047619047619047,0.8095238095238095,45,71,0.3879310344827586,0.6120689655172413,17,16,44,16,23,22,49,22
scenario1,200,scenario1__H200__eta-constant__states-endogenous,cfg_09cebf682c97276407ab,run_2bbe80e0e1c6d455,1,42,constant,constant_eta0_0p15,False,0.35,0.85,0.15,,0.02,0.25,,,A,opposed_binary_state_preferences_v1,binary_stay_switch_a0_0p1_a1_0p9_v1,117,A,A,0.4717155827749499,0.4691267082007091,0.7679488473118787,0.7679778045905268,0.9976904314039696,0.9972480108841772,4.851651474790941e-06,agreement,,,a1,a0,0,AI,a0,AI,0.15,0.15,True,True,0.0,0.006135325057590095,0.145637930186493,0.145637930186493,1.3330112744682625,1.3327287446109188,1.3330112744682625,6,111,0.05128205128205128,0.9487179487179487,94,21,2,0.8034188034188035,0.1794871794871795,0.017094017094017096,4,17,0.19047619047619047,0.8095238095238095,46,71,0.39316239316239315,0.6068376068376068,18,16,44,16,24,22,49,22
scenario1,200,scenario1__H200__eta-constant__states-endogenous,cfg_09cebf682c97276407ab,run_2bbe80e0e1c6d455,1,42,constant,constant_eta0_0p15,False,0.35,0.85,0.15,,0.02,0.25,,,A,opposed_binary_state_preferences_v1,binary_stay_switch_a0_0p1_a1_0p9_v1,118,A,B,0.5509582453587074,0.5487577019706027,0.7679488473118787,0.7679778045905268,0.9924943590424392,0.9931296102202176,3.5281310088453033e-06,agreement,,,a0,a1,0,AI,a1,AI,0.15,0.15,True,True,1.0,0.0,0.1533026205884224,0.1533026205884224,1.3331892493991633,1.3327287446109188,1.3331892493991633,6,112,0.05084745762711865,0.9491525423728814,95,21,2,0.8050847457627118,0.17796610169491525,0.01694915254237288,4,17,0.19047619047619047,0.8095238095238095,47,71,0.3983050847457627,0.6016949152542372,18,17,44,16,24,23,49,22
scenario1,200,scenario1__H200__eta-constant__states-endogenous,cfg_09cebf682c97276407ab,run_2bbe80e0e1c6d455,1,42,constant,constant_eta0_0p15,False,0.35,0.85,0.15,,0.02,0.25,,,A,opposed_binary_state_preferences_v1,binary_stay_switch_a0_0p1_a1_0p9_v1,119,B,B,0.4683145085549013,0.4664440466750123,0.7679488473118787,0.7679778045905268,0.7815698223922083,0.7815198223059129,8.485998015395069e-10,agreement,,,a0,a0,0,AI,a0,AI,0.15,0.15,True,True,1.0,0.0,0.4669471424771102,0.4669471424771102,1.3331892493991633,1.3331936987724358,1.3331936987724358,6,113,0.05042016806722689,0.9495798319327731,96,21,2,0.8067226890756303,0.17647058823529413,0.01680672268907563,4,17,0.19047619047619047,0.8095238095238095,47,72,0.3949579831932773,0.6050420168067226,18,17,45,16,24,23,50,22
scenario1,200,scenario1__H200__eta-constant__states-endogenous,cfg_09cebf682c97276407ab,run_2bbe80e0e1c6d455,1,42,constant,constant_eta0_0p15,False,0.35,0.85,0.15,,0.02,0.25,,,A,opposed_binary_state_preferences_v1,binary_stay_switch_a0_0p1_a1_0p9_v1,120,B,B,0.4683145085549013,0.4664440466750123,0.8027565202150969,0.8027811339019478,0.7163806787213426,0.716330833617831,6.900361393391563e-10,agreement,,,a0,a0,0,AI,a0,AI,0.15,0.15,True,True,1.0,0.0,0.477608199627568,0.477608199627568,1.3331892493991633,1.3332983134587773,1.3332983134587773,6,114,0.05,0.95,97,21,2,0.8083333333333333,0.175,0.016666666666666666,4,17,0.19047619047619047,0.8095238095238095,47,73,0.39166666666666666,0.6083333333333333,18,17,46,16,24,23,51,22
scenario1,200,scenario1__H200__eta-constant__states-endogenous,cfg_09cebf682c97276407ab,run_2bbe80e0e1c6d455,1,42,constant,constant_eta0_0p15,False,0.35,0.85,0.15,,0.02,0.25,,,A,opposed_binary_state_preferences_v1,binary_stay_switch_a0_0p1_a1_0p9_v1,121,B,B,0.4683145085549013,0.4664440466750123,0.8323430421828324,0.8323639638166557,0.6523167211959915,0.6522683551060829,5.656834445311176e-10,agreement,,,a1,a0,0,AI,a0,AI,0.15,0.15,True,True,1.0,0.0,0.48805603563501665,0.48805603563501665,1.3331892493991633,1.333321851763204,1.333321851763204,6,115,0.049586776859504134,0.9504132231404959,98,21,2,0.8099173553719008,0.17355371900826447,0.01652892561983471,4,17,0.19047619047619047,0.8095238095238095,47,74,0.3884297520661157,0.6115702479338843,18,17,47,16,24,23,52,22
scenario1,200,scenario1__H200__eta-constant__states-endogenous,cfg_09cebf682c97276407ab,run_2bbe80e0e1c6d455,1,42,constant,constant_eta0_0p15,False,0.35,0.85,0.15,,0.02,0.25,,,A,opposed_binary_state_preferences_v1,binary_stay_switch_a0_0p1_a1_0p9_v1,122,B,B,0.4683145085549013,0.4664440466750123,0.8574915858554075,0.8575093692441573,0.5907706110358664,0.5907245666344267,4.667300990135459e-10,agreement,,,a0,a0,0,AI,a0,AI,0.15,0.15,True,True,1.0,0.0,0.4982949149223163,0.4982949149223163,1.3331892493991633,1.3333271478817,1.3333271478817,6,116,0.04918032786885246,0.9508196721311475,99,21,2,0.8114754098360656,0.1721311475409836,0.01639344262295082,4,17,0.19047619047619047,0.8095238095238095,47,75,0.38524590163934425,0.6147540983606558,18,17,48,16,24,23,53,22
scenario1,200,scenario1__H200__eta-constant__states-endogenous,cfg_09cebf682c97276407ab,run_2bbe80e0e1c6d455,1,42,constant,constant_eta0_0p15,False,0.35,0.85,0.15,,0.02,0.25,,,A,opposed_binary_state_preferences_v1,binary_stay_switch_a0_0p1_a1_0p9_v1,123,B,B,0.4683145085549013,0.4664440466750123,0.8788678479770964,0.8788829638575337,0.5326064692958592,0.5325632504719705,3.8707198557474953e-10,agreement,,,a0,a0,0,AI,a0,AI,0.15,0.15,True,True,1.0,0.0,0.50832901662387,0.50832901662387,1.3331892493991633,1.3333283395083615,1.3333283395083615,6,117,0.04878048780487805,0.9512195121951219,100,21,2,0.8130081300813008,0.17073170731707318,0.016260162601626018,4,17,0.19047619047619047,0.8095238095238095,47,76,0.3821138211382114,0.6178861788617886,18,17,49,16,24,23,54,22
scenario1,200,scenario1__H200__eta-constant__states-endogenous,cfg_09cebf682c97276407ab,run_2bbe80e0e1c6d455,1,42,constant,constant_eta0_0p15,False,0.35,0.85,0.15,,0.02,0.25,,,A,opposed_binary_state_preferences_v1,binary_stay_switch_a0_0p1_a1_0p9_v1,124,B,B,0.4683145085549013,0.4664440466750123,0.897037670780532,0.8970505192789037,0.4783162287360487,0.47827610091845274,3.2234745428461054e-10,agreement,,,a1,a0,0,AI,a0,AI,0.15,0.15,True,True,1.0,0.0,0.5181624362913926,0.5181624362913926,1.3331892493991633,1.3333286076243605,1.3333286076243605,6,118,0.04838709677419355,0.9516129032258065,101,21,2,0.8145161290322581,0.1693548387096774,0.016129032258064516,4,17,0.19047619047619047,0.8095238095238095,47,77,0.3790322580645161,0.6209677419354839,18,17,50,16,24,23,55,22
scenario1,200,scenario1__H200__eta-constant__states-endogenous,cfg_09cebf682c97276407ab,run_2bbe80e0e1c6d455,1,42,constant,constant_eta0_0p15,False,0.35,0.85,0.15,,0.02,0.25,,,A,opposed_binary_state_preferences_v1,binary_stay_switch_a0_0p1_a1_0p9_v1,125,B,B,0.4683145085549013,0.4664440466750123,0.9124820201634521,0.9124929413870682,0.42813044256006494,0.42809350432310284,2.693581191426375e-10,agreement,,,a0,a0,0,AI,a0,AI,0.15,0.15,True,True,1.0,0.0,0.5277991875655648,0.5277991875655648,1.3331892493991633,1.3333286679504601,1.3333286679504601,6,119,0.048,0.952,102,21,2,0.816,0.168,0.016,4,17,0.19047619047619047,0.8095238095238095,47,78,0.376,0.624,18,17,51,16,24,23,56,22
scenario1,200,scenario1__H200__eta-constant__states-endogenous,cfg_09cebf682c97276407ab,run_2bbe80e0e1c6d455,1,42,constant,constant_eta0_0p15,False,0.35,0.85,0.15,,0.02,0.25,,,A,opposed_binary_state_preferences_v1,binary_stay_switch_a0_0p1_a1_0p9_v1,126,B,A,0.4683145085549013,0.4664440466750123,0.9256097171389344,0.9256190001790079,0.3820977548263854,0.38206398948385084,2.25707424972299e-10,agreement,,,a0,a1,0,AI,a1,AI,0.15,0.15,True,True,0.0,0.005613390214401435,0.14174799322667142,0.14174799322667142,1.3331892493991633,1.3333286815238325,1.3333286815238325,6,120,0.047619047619047616,0.9523809523809523,103,21,2,0.8174603174603174,0.16666666666666666,0.015873015873015872,4,17,0.19047619047619047,0.8095238095238095,47,79,0.373015873015873,0.626984126984127,18,17,51,17,24,23,56,23
scenario1,200,scenario1__H200__eta-constant__states-endogenous,cfg_09cebf682c97276407ab,run_2bbe80e0e1c6d455,1,42,constant,constant_eta0_0p15,False,0.35,0.85,0.15,,0.02,0.25,,,A,opposed_binary_state_preferences_v1,binary_stay_switch_a0_0p1_a1_0p9_v1,127,A,B,0.4683145085549013,0.4664440466750123,0.7867682595680942,0.7867761501521567,0.9971012118377044,0.9967486016957914,2.534515909535795e-06,agreement,,,a0,a1,0,AI,a1,AI,0.15,0.15,True,True,1.0,0.0,0.1478157168442846,0.1478157168442846,1.3333286845778414,1.3333286815238325,1.3333286845778414,6,121,0.047244094488188976,0.952755905511811,104,21,2,0.8188976377952756,0.16535433070866143,0.015748031496062992,4,17,0.19047619047619047,0.8095238095238095,48,79,0.3779527559055118,0.6220472440944882,18,18,51,17,24,24,56,23
scenario1,200,scenario1__H200__eta-constant__states-endogenous,cfg_09cebf682c97276407ab,run_2bbe80e0e1c6d455,1,42,constant,constant_eta0_0p15,False,0.35,0.85,0.15,,0.02,0.25,,,A,opposed_binary_state_preferences_v1,binary_stay_switch_a0_0p1_a1_0p9_v1,128,B,B,0.39806733227166613,0.3964774396737605,0.7867682595680942,0.7867761501521567,0.7476148507932702,0.7475999884798776,6.692840726074678e-11,agreement,,,a1,a0,0,AI,a0,AI,0.15,0.15,True,True,1.0,0.0,0.516760372943209,0.516760372943209,1.3333286845778414,1.3333321704573082,1.3333321704573082,6,122,0.046875,0.953125,105,21,2,0.8203125,0.1640625,0.015625,4,17,0.19047619047619047,0.8095238095238095,48,80,0.375,0.625,18,18,52,17,24,24,57,23
scenario1,200,scenario1__H200__eta-constant__states-endogenous,cfg_09cebf682c97276407ab,run_2bbe80e0e1c6d455,1,42,constant,constant_eta0_0p15,False,0.35,0.85,0.15,,0.02,0.25,,,A,opposed_binary_state_preferences_v1,binary_stay_switch_a0_0p1_a1_0p9_v1,129,B,A,0.39806733227166613,0.3964774396737605,0.81875302063288,0.8187597276293332,0.6827973857556973,0.682782794658252,5.4666882132181627e-11,agreement,,,a0,a1,0,AI,a1,AI,0.15,0.15,True,True,0.0,0.005283277962672916,0.15341207724099729,0.15341207724099729,1.3333286845778414,1.3333329554673403,1.3333329554673403,6,123,0.046511627906976744,0.9534883720930233,106,21,2,0.8217054263565892,0.16279069767441862,0.015503875968992248,4,17,0.19047619047619047,0.8095238095238095,48,81,0.37209302325581395,0.627906976744186,18,18,52,18,24,24,57,24
scenario1,200,scenario1__H200__eta-constant__states-endogenous,cfg_09cebf682c97276407ab,run_2bbe80e0e1c6d455,1,42,constant,constant_eta0_0p15,False,0.35,0.85,0.15,,0.02,0.25,,,A,opposed_binary_state_preferences_v1,binary_stay_switch_a0_0p1_a1_0p9_v1,130,A,A,0.39806733227166613,0.3964774396737605,0.695940067537948,0.6959457684849333,0.9698088236606077,0.9688526969254283,1.9037542399180651e-06,agreement,,,a1,a0,0,AI,a0,AI,0.15,0.15,True,True,0.0,0.004718202334675318,0.13199882903891305,0.13199882903891305,1.3333331320945976,1.3333329554673403,1.3333331320945976,6,124,0.046153846153846156,0.9538461538461539,107,21,2,0.823076923076923,0.16153846153846155,0.015384615384615385,4,17,0.19047619047619047,0.8095238095238095,49,81,0.3769230769230769,0.6230769230769231,19,18,52,18,25,24,57,24
scenario1,200,scenario1__H200__eta-constant__states-endogenous,cfg_09cebf682c97276407ab,run_2bbe80e0e1c6d455,1,42,constant,constant_eta0_0p15,False,0.35,0.85,0.15,,0.02,0.25,,,A,opposed_binary_state_preferences_v1,binary_stay_switch_a0_0p1_a1_0p9_v1,131,A,A,0.4883572324309162,0.4870058237226964,0.695940067537948,0.6959457684849333,0.9996088383735556,0.999512751018633,1.3182014643731144e-06,agreement,,,a1,a0,0,AI,a0,AI,0.15,0.15,True,True,0.0,0.004623838287981812,0.14935885245813477,0.14935885245813477,1.3333332432825165,1.3333329554673403,1.3333332432825165,6,125,0.04580152671755725,0.9541984732824428,108,21,2,0.8244274809160306,0.16030534351145037,0.015267175572519083,4,17,0.19047619047619047,0.8095238095238095,50,81,0.3816793893129771,0.6183206106870229,20,18,52,18,26,24,57,24
scenario1,200,scenario1__H200__eta-constant__states-endogenous,cfg_09cebf682c97276407ab,run_2bbe80e0e1c6d455,1,42,constant,constant_eta0_0p15,False,0.35,0.85,0.15,,0.02,0.25,,,A,opposed_binary_state_preferences_v1,binary_stay_switch_a0_0p1_a1_0p9_v1,132,A,A,0.5651036475662787,0.563954950164292,0.695940067537948,0.6959457684849333,0.9877355242472678,0.9881656803766516,9.679446106858336e-07,agreement,,,a1,a0,0,AI,a0,AI,0.15,0.15,True,True,0.0,0.0045313615222221755,0.16637167540897205,0.16637167540897205,1.3333332460622145,1.3333329554673403,1.3333332460622145,6,126,0.045454545454545456,0.9545454545454546,109,21,2,0.8257575757575758,0.1590909090909091,0.015151515151515152,4,17,0.19047619047619047,0.8095238095238095,51,81,0.38636363636363635,0.6136363636363636,21,18,52,18,27,24,57,24
scenario1,200,scenario1__H200__eta-constant__states-endogenous,cfg_09cebf682c97276407ab,run_2bbe80e0e1c6d455,1,42,constant,constant_eta0_0p15,False,0.35,0.85,0.15,,0.02,0.25,,,A,opposed_binary_state_preferences_v1,binary_stay_switch_a0_0p1_a1_0p9_v1,133,A,A,0.630338100431337,0.6293617076396482,0.695940067537948,0.6959457684849333,0.9504121364043752,0.9511609300252263,7.374266736692725e-07,agreement,,,a1,a0,0,AI,a0,AI,0.15,0.15,True,True,0.0,0.004440734291777732,0.1830442419007926,0.1830442419007926,1.333333246131707,1.3333329554673403,1.333333246131707,6,127,0.045112781954887216,0.9548872180451128,110,21,2,0.8270676691729323,0.15789473684210525,0.015037593984962405,4,17,0.19047619047619047,0.8095238095238095,52,81,0.39097744360902253,0.6090225563909775,22,18,52,18,28,24,57,24
scenario1,200,scenario1__H200__eta-constant__states-endogenous,cfg_09cebf682c97276407ab,run_2bbe80e0e1c6d455,1,42,constant,constant_eta0_0p15,False,0.35,0.85,0.15,,0.02,0.25,,,A,opposed_binary_state_preferences_v1,binary_stay_switch_a0_0p1_a1_0p9_v1,134,A,B,0.6857873853666364,0.6849574514937009,0.695940067537948,0.6959457684849333,0.8979764996474673,0.8989087173225708,5.760341245664158e-07,agreement,,,a0,a0,0,AI,a0,AI,0.15,0.15,True,True,0.0,0.004351919605942178,0.19938335706277674,0.19938335706277674,0.3333333042663176,1.3333329554673403,0.3333333042663176,6,128,0.04477611940298507,0.9552238805970149,111,21,2,0.8283582089552238,0.15671641791044777,0.014925373134328358,4,17,0.19047619047619047,0.8095238095238095,53,81,0.39552238805970147,0.6044776119402985,23,18,52,18,29,24,57,24
scenario1,200,scenario1__H200__eta-constant__states-endogenous,cfg_09cebf682c97276407ab,run_2bbe80e0e1c6d455,1,42,constant,constant_eta0_0p15,False,0.35,0.85,0.15,,0.02,0.25,,,A,opposed_binary_state_preferences_v1,binary_stay_switch_a0_0p1_a1_0p9_v1,135,B,B,0.732919277561641,0.7322138337696458,0.695940067537948,0.6959457684849333,0.8861972554692262,0.8861904449652471,2.76980105518021e-11,agreement,,,a1,a0,0,AI,a0,AI,0.15,0.15,True,True,1.0,0.0,0.46861287432209714,0.46861287432209714,0.3333333042663176,1.3083332475868095,1.3083332475868095,6,129,0.044444444444444446,0.9555555555555556,112,21,2,0.8296296296296296,0.15555555555555556,0.014814814814814815,4,17,0.19047619047619047,0.8095238095238095,53,82,0.3925925925925926,0.6074074074074074,23,18,53,18,29,24,58,24
scenario1,200,scenario1__H200__eta-constant__states-endogenous,cfg_09cebf682c97276407ab,run_2bbe80e0e1c6d455,1,42,constant,constant_eta0_0p15,False,0.35,0.85,0.15,,0.02,0.25,,,A,opposed_binary_state_preferences_v1,binary_stay_switch_a0_0p1_a1_0p9_v1,136,B,B,0.732919277561641,0.7322138337696458,0.7415490574072559,0.7415539032121933,0.8243998155748073,0.8243924467050368,2.2095547613787403e-11,agreement,,,a1,a0,0,AI,a0,AI,0.15,0.15,True,True,1.0,0.0,0.4792406168356552,0.4792406168356552,0.3333333042663176,1.30270831331369,1.30270831331369,6,130,0.04411764705882353,0.9558823529411765,113,21,2,0.8308823529411765,0.15441176470588236,0.014705882352941176,4,17,0.19047619047619047,0.8095238095238095,53,83,0.3897058823529412,0.6102941176470589,23,18,54,18,29,24,59,24
scenario1,200,scenario1__H200__eta-constant__states-endogenous,cfg_09cebf682c97276407ab,run_2bbe80e0e1c6d455,1,42,constant,constant_eta0_0p15,False,0.35,0.85,0.15,,0.02,0.25,,,A,opposed_binary_state_preferences_v1,binary_stay_switch_a0_0p1_a1_0p9_v1,137,B,A,0.732919277561641,0.7322138337696458,0.7803166987961675,0.7803208177303643,0.7595887985067573,0.7595812664099274,1.784811187732771e-11,agreement,,,a0,a1,0,AI,a1,AI,0.15,0.15,True,True,0.0,0.004494817528663347,0.1505173225341012,0.1505173225341012,0.3333333042663176,1.3014427031022382,1.3014427031022382,6,131,0.043795620437956206,0.9562043795620438,114,21,2,0.8321167883211679,0.15328467153284672,0.014598540145985401,4,17,0.19047619047619047,0.8095238095238095,53,84,0.38686131386861317,0.6131386861313869,23,18,54,19,29,24,59,25
scenario1,200,scenario1__H200__eta-constant__states-endogenous,cfg_09cebf682c97276407ab,run_2bbe80e0e1c6d455,1,42,constant,constant_eta0_0p15,False,0.35,0.85,0.15,,0.02,0.25,,,A,opposed_binary_state_preferences_v1,binary_stay_switch_a0_0p1_a1_0p9_v1,138,A,A,0.732919277561641,0.7322138337696458,0.6632691939767423,0.6632726950708097,0.8372443958340434,0.8382699561254446,4.58085637367045e-07,agreement,,,a0,a0,0,AI,a0,AI,0.15,0.15,True,True,0.0,0.004014072079400811,0.20390486018861637,0.20390486018861637,0.10753606103747743,1.3014427031022382,0.10753606103747743,6,132,0.043478260869565216,0.9565217391304348,115,21,2,0.8333333333333334,0.15217391304347827,0.014492753623188406,4,17,0.19047619047619047,0.8095238095238095,54,84,0.391304347826087,0.6086956521739131,24,18,54,19,30,24,59,25
scenario1,200,scenario1__H200__eta-constant__states-endogenous,cfg_09cebf682c97276407ab,run_2bbe80e0e1c6d455,1,42,constant,constant_eta0_0p15,False,0.35,0.85,0.15,,0.02,0.25,,,A,opposed_binary_state_preferences_v1,binary_stay_switch_a0_0p1_a1_0p9_v1,139,A,A,0.7729813859273948,0.7723817587041989,0.6632691939767423,0.6632726950708097,0.7727777633017872,0.7738362011303179,3.6915787449132154e-07,agreement,,,a0,a0,0,AI,a0,AI,0.15,0.15,True,True,0.0,0.003933790637812795,0.21982676298484402,0.21982676298484402,0.05673168131098838,1.3014427031022382,0.05673168131098838,6,133,0.04316546762589928,0.9568345323741008,116,21,2,0.8345323741007195,0.1510791366906475,0.014388489208633094,4,17,0.19047619047619047,0.8095238095238095,55,84,0.39568345323741005,0.60431654676259,25,18,54,19,31,24,59,25
scenario1,200,scenario1__H200__eta-constant__states-endogenous,cfg_09cebf682c97276407ab,run_2bbe80e0e1c6d455,1,42,constant,constant_eta0_0p15,False,0.35,0.85,0.15,,0.02,0.25,,,A,opposed_binary_state_preferences_v1,binary_stay_switch_a0_0p1_a1_0p9_v1,140,A,B,0.8070341780382856,0.8065244948985691,0.6632691939767423,0.6632726950708097,0.7076346640224249,0.7086855925015356,3.0052240396205576e-07,agreement,,,a0,a0,0,AI,a0,AI,0.15,0.15,True,True,0.0,0.0038551148250565393,0.23543022772514713,0.23543022772514713,0.04530069587252834,1.3014427031022382,0.04530069587252834,6,134,0.04285714285714286,0.9571428571428572,117,21,2,0.8357142857142857,0.15,0.014285714285714285,4,17,0.19047619047619047,0.8095238095238095,56,84,0.4,0.6,26,18,54,19,32,24,59,25
scenario1,200,scenario1__H200__eta-constant__states-endogenous,cfg_09cebf682c97276407ab,run_2bbe80e0e1c6d455,1,42,constant,constant_eta0_0p15,False,0.35,0.85,0.15,,0.02,0.25,,,A,opposed_binary_state_preferences_v1,binary_stay_switch_a0_0p1_a1_0p9_v1,141,B,A,0.8359790513325428,0.8355458206637838,0.6632691939767423,0.6632726950708097,0.9216559011769765,0.9216524770715647,9.897360708777114e-12,agreement,,,a0,a0,0,AI,a0,AI,0.15,0.15,True,True,1.0,0.0,0.453195560229009,0.453195560229009,0.04530069587252834,1.2939571255948168,1.2939571255948168,6,135,0.0425531914893617,0.9574468085106383,118,21,2,0.8368794326241135,0.14893617021276595,0.014184397163120567,4,17,0.19047619047619047,0.8095238095238095,56,85,0.3971631205673759,0.6028368794326241,26,18,55,19,32,24,60,25
scenario1,200,scenario1__H200__eta-constant__states-endogenous,cfg_09cebf682c97276407ab,run_2bbe80e0e1c6d455,1,42,constant,constant_eta0_0p15,False,0.35,0.85,0.15,,0.02,0.25,,,A,opposed_binary_state_preferences_v1,binary_stay_switch_a0_0p1_a1_0p9_v1,142,A,A,0.8359790513325428,0.8355458206637838,0.713778814880231,0.7137817908101882,0.6438427445043731,0.6448596708322611,2.465855946098827e-07,agreement,,,a0,a0,0,AI,a0,AI,0.15,0.15,True,True,0.0,0.0037024522779843002,0.24610719070723128,0.24610719070723128,0.042541584711189295,1.2939571255948168,0.042541584711189295,6,136,0.04225352112676056,0.9577464788732394,119,21,2,0.8380281690140845,0.14788732394366197,0.014084507042253521,4,17,0.19047619047619047,0.8095238095238095,57,85,0.4014084507042254,0.5985915492957746,27,18,55,19,33,24,60,25
scenario1,200,scenario1__H200__eta-constant__states-endogenous,cfg_09cebf682c97276407ab,run_2bbe80e0e1c6d455,1,42,constant,constant_eta0_0p15,False,0.35,0.85,0.15,,0.02,0.25,,,A,opposed_binary_state_preferences_v1,binary_stay_switch_a0_0p1_a1_0p9_v1,143,A,A,0.8605821936326614,0.8602139475642162,0.713778814880231,0.7137817908101882,0.5827120659183826,0.5836782279049803,2.035963790336659e-07,agreement,,,a0,a0,0,AI,a0,AI,0.15,0.15,True,True,0.0,0.0036284032324246144,0.26118504689308664,0.26118504689308664,0.04192078469988801,1.2939571255948168,0.04192078469988801,6,137,0.04195804195804196,0.958041958041958,120,21,2,0.8391608391608392,0.14685314685314685,0.013986013986013986,4,17,0.19047619047619047,0.8095238095238095,58,85,0.40559440559440557,0.5944055944055944,28,18,55,19,34,24,60,25
scenario1,200,scenario1__H200__eta-constant__states-endogenous,cfg_09cebf682c97276407ab,run_2bbe80e0e1c6d455,1,42,constant,constant_eta0_0p15,False,0.35,0.85,0.15,,0.02,0.25,,,A,opposed_binary_state_preferences_v1,binary_stay_switch_a0_0p1_a1_0p9_v1,144,A,B,0.8814948645877622,0.8811818554295838,0.713778814880231,0.7137817908101882,0.5250486035407217,0.5259540898249444,1.6894515147969358e-07,agreement,,,a0,a1,0,AI,a1,AI,0.15,0.15,True,True,1.0,0.0,0.12484890534124614,0.12484890534124614,1.292188372876331,1.2939571255948168,1.292188372876331,6,138,0.041666666666666664,0.9583333333333334,121,21,2,0.8402777777777778,0.14583333333333334,0.013888888888888888,4,17,0.19047619047619047,0.8095238095238095,59,85,0.4097222222222222,0.5902777777777778,28,19,55,19,34,25,60,25
scenario1,200,scenario1__H200__eta-constant__states-endogenous,cfg_09cebf682c97276407ab,run_2bbe80e0e1c6d455,1,42,constant,constant_eta0_0p15,False,0.35,0.85,0.15,,0.02,0.25,,,A,opposed_binary_state_preferences_v1,binary_stay_switch_a0_0p1_a1_0p9_v1,145,B,A,0.7492706348995978,0.7490045771151462,0.713778814880231,0.7137817908101882,0.8637897452482932,0.8637858219098138,7.817413383293115e-12,agreement,,,a0,a1,0,AI,a1,AI,0.15,0.15,True,True,0.0,0.00382402454663922,0.1480545722700294,0.1480545722700294,1.292188372876331,1.3234450625807421,1.3234450625807421,6,139,0.041379310344827586,0.9586206896551724,122,21,2,0.8413793103448276,0.14482758620689656,0.013793103448275862,4,17,0.19047619047619047,0.8095238095238095,59,86,0.4068965517241379,0.593103448275862,28,19,55,20,34,25,60,26
scenario1,200,scenario1__H200__eta-constant__states-endogenous,cfg_09cebf682c97276407ab,run_2bbe80e0e1c6d455,1,42,constant,constant_eta0_0p15,False,0.35,0.85,0.15,,0.02,0.25,,,A,opposed_binary_state_preferences_v1,binary_stay_switch_a0_0p1_a1_0p9_v1,146,A,A,0.7492706348995978,0.7490045771151462,0.6067119926481963,0.60671452218866,0.8124320955159918,0.8128520237198077,6.792651713327658e-08,agreement,,,a0,a0,0,AI,a0,AI,0.15,0.15,True,True,0.0,0.0034150240951321873,0.265825276655398,0.265825276655398,0.32382851046169303,1.3234450625807421,0.32382851046169303,6,140,0.0410958904109589,0.958904109589041,123,21,2,0.8424657534246576,0.14383561643835616,0.0136986301369863,4,17,0.19047619047619047,0.8095238095238095,60,86,0.410958904109589,0.589041095890411,29,19,55,20,35,25,60,26
scenario1,200,scenario1__H200__eta-constant__states-endogenous,cfg_09cebf682c97276407ab,run_2bbe80e0e1c6d455,1,42,constant,constant_eta0_0p15,False,0.35,0.85,0.15,,0.02,0.25,,,A,opposed_binary_state_preferences_v1,binary_stay_switch_a0_0p1_a1_0p9_v1,147,A,A,0.7868800396646581,0.7866538905478743,0.6067119926481963,0.60671452218866,0.7474042573996504,0.7478302105008796,5.497607824533901e-08,agreement,,,a0,a0,0,AI,a0,AI,0.15,0.15,True,True,0.0,0.0033467236132295433,0.28050877112229006,0.28050877112229006,0.10594754141839949,1.3234450625807421,0.10594754141839949,6,141,0.04081632653061224,0.9591836734693877,124,21,2,0.8435374149659864,0.14285714285714285,0.013605442176870748,4,17,0.19047619047619047,0.8095238095238095,61,86,0.41496598639455784,0.5850340136054422,30,19,55,20,36,25,60,26
scenario1,200,scenario1__H200__eta-constant__states-endogenous,cfg_09cebf682c97276407ab,run_2bbe80e0e1c6d455,1,42,constant,constant_eta0_0p15,False,0.35,0.85,0.15,,0.02,0.25,,,A,opposed_binary_state_preferences_v1,binary_stay_switch_a0_0p1_a1_0p9_v1,148,A,A,0.8188480337149594,0.8186558069656932,0.6067119926481963,0.60671452218866,0.6825906436275232,0.6830088253737086,4.4904148677193945e-08,agreement,,,a0,a0,0,AI,a0,AI,0.15,0.15,True,True,0.0,0.0032797891409649524,0.2948985956998443,0.2948985956998443,0.056924323383658444,1.3234450625807421,0.056924323383658444,6,142,0.04054054054054054,0.9594594594594594,125,21,2,0.8445945945945946,0.14189189189189189,0.013513513513513514,4,17,0.19047619047619047,0.8095238095238095,62,86,0.4189189189189189,0.581081081081081,31,19,55,20,37,25,60,26
scenario1,200,scenario1__H200__eta-constant__states-endogenous,cfg_09cebf682c97276407ab,run_2bbe80e0e1c6d455,1,42,constant,constant_eta0_0p15,False,0.35,0.85,0.15,,0.02,0.25,,,A,opposed_binary_state_preferences_v1,binary_stay_switch_a0_0p1_a1_0p9_v1,149,A,B,0.8460208286577156,0.8458574359208392,0.6067119926481963,0.60671452218866,0.6197092440925408,0.6201107087837187,3.694184735891781e-08,agreement,,,a0,a0,0,AI,a0,AI,0.15,0.15,True,True,0.0,0.003214193358145653,0.3090006237858474,0.3090006237858474,0.04589409932584171,1.3234450625807421,0.04589409932584171,6,143,0.040268456375838924,0.959731543624161,126,21,2,0.8456375838926175,0.14093959731543623,0.013422818791946308,4,17,0.19047619047619047,0.8095238095238095,63,86,0.4228187919463087,0.5771812080536913,32,19,55,20,38,25,60,26
scenario1,200,scenario1__H200__eta-constant__states-endogenous,cfg_09cebf682c97276407ab,run_2bbe80e0e1c6d455,1,42,constant,constant_eta0_0p15,False,0.35,0.85,0.15,,0.02,0.25,,,A,opposed_binary_state_preferences_v1,binary_stay_switch_a0_0p1_a1_0p9_v1,150,B,B,0.8691177043590582,0.8689788205327132,0.6067119926481963,0.60671452218866,0.9668886675396158,0.9668870854808229,4.835909450662257e-12,agreement,,,a1,a0,0,AI,a0,AI,0.15,0.15,True,True,1.0,0.0,0.3978507841482557,0.3978507841482557,0.04589409932584171,1.2989224915638131,1.2989224915638131,6,144,0.04,0.96,127,21,2,0.8466666666666667,0.14,0.013333333333333334,4,17,0.19047619047619047,0.8095238095238095,63,87,0.42,0.58,32,19,56,20,38,25,61,26
scenario1,200,scenario1__H200__eta-constant__states-endogenous,cfg_09cebf682c97276407ab,run_2bbe80e0e1c6d455,1,42,constant,constant_eta0_0p15,False,0.35,0.85,0.15,,0.02,0.25,,,A,opposed_binary_state_preferences_v1,binary_stay_switch_a0_0p1_a1_0p9_v1,151,B,A,0.8691177043590582,0.8689788205327132,0.6657051937509668,0.665707343860361,0.9192543076503059,0.9192521709372703,3.746003507387741e-12,agreement,,,a0,a1,0,AI,a1,AI,0.15,0.15,True,True,0.0,0.0033874830088772645,0.15115301479748394,0.15115301479748394,0.04589409932584171,1.293404913085004,1.293404913085004,6,145,0.039735099337748346,0.9602649006622517,128,21,2,0.847682119205298,0.1390728476821192,0.013245033112582781,4,17,0.19047619047619047,0.8095238095238095,63,88,0.41721854304635764,0.5827814569536424,32,19,56,21,38,25,61,27
scenario1,200,scenario1__H200__eta-constant__states-endogenous,cfg_09cebf682c97276407ab,run_2bbe80e0e1c6d455,1,42,constant,constant_eta0_0p15,False,0.35,0.85,0.15,,0.02,0.25,,,A,opposed_binary_state_preferences_v1,binary_stay_switch_a0_0p1_a1_0p9_v1,152,A,A,0.8691177043590582,0.8689788205327132,0.5658494146883218,0.5658512422813069,0.5598529287803347,0.5602321373412698,3.0565587949560324e-08,agreement,,,a0,a0,0,AI,a0,AI,0.15,0.15,True,True,0.0,0.0030251730751398235,0.31082891510224925,0.31082891510224925,0.04266129517543949,1.293404913085004,0.04266129517543949,6,146,0.039473684210526314,0.9605263157894737,129,21,2,0.8486842105263158,0.13815789473684212,0.013157894736842105,4,17,0.19047619047619047,0.8095238095238095,64,88,0.42105263157894735,0.5789473684210527,33,19,56,21,39,25,61,27
scenario1,200,scenario1__H200__eta-constant__states-endogenous,cfg_09cebf682c97276407ab,run_2bbe80e0e1c6d455,1,42,constant,constant_eta0_0p15,False,0.35,0.85,0.15,,0.02,0.25,,,A,opposed_binary_state_preferences_v1,binary_stay_switch_a0_0p1_a1_0p9_v1,153,A,A,0.8887500487051995,0.8886319974528063,0.5658494146883218,0.5658512422813069,0.5036747145886005,0.504028527417649,2.5406496684254876e-08,agreement,,,a1,a0,0,AI,a0,AI,0.15,0.15,True,True,0.0,0.002964669613637027,0.3246123368002043,0.3246123368002043,1.292082637823512,1.293404913085004,1.292082637823512,6,147,0.0392156862745098,0.9607843137254902,130,21,2,0.8496732026143791,0.13725490196078433,0.013071895424836602,4,17,0.19047619047619047,0.8095238095238095,65,88,0.42483660130718953,0.5751633986928104,34,19,56,21,40,25,61,27
scenario1,200,scenario1__H200__eta-constant__states-endogenous,cfg_09cebf682c97276407ab,run_2bbe80e0e1c6d455,1,42,constant,constant_eta0_0p15,False,0.35,0.85,0.15,,0.02,0.25,,,A,opposed_binary_state_preferences_v1,binary_stay_switch_a0_0p1_a1_0p9_v1,154,A,A,0.9054375413994196,0.9053371978348853,0.5658494146883218,0.5658512422813069,0.4515180908181946,0.4518450533546167,2.11972767394375e-08,agreement,,,a0,a0,0,AI,a0,AI,0.15,0.15,True,True,0.0,0.0029053762213642866,0.33812009006420024,0.33812009006420024,0.3230537163374153,1.293404913085004,0.3230537163374153,6,148,0.03896103896103896,0.961038961038961,131,21,2,0.8506493506493507,0.13636363636363635,0.012987012987012988,4,17,0.19047619047619047,0.8095238095238095,66,88,0.42857142857142855,0.5714285714285714,35,19,56,21,41,25,61,27
scenario1,200,scenario1__H200__eta-constant__states-endogenous,cfg_09cebf682c97276407ab,run_2bbe80e0e1c6d455,1,42,constant,constant_eta0_0p15,False,0.35,0.85,0.15,,0.02,0.25,,,A,opposed_binary_state_preferences_v1,binary_stay_switch_a0_0p1_a1_0p9_v1,155,A,A,0.9196219101895067,0.9195366181596526,0.5658494146883218,0.5658512422813069,0.4035100140251649,0.40380984404542825,1.773961771922572e-08,agreement,,,a1,a0,0,AI,a0,AI,0.15,0.15,True,True,0.0,0.0028472686969370008,0.35135768826291625,0.35135768826291625,1.2990924483525612,1.293404913085004,1.2990924483525612,6,149,0.03870967741935484,0.9612903225806452,132,21,2,0.8516129032258064,0.13548387096774195,0.012903225806451613,4,17,0.19047619047619047,0.8095238095238095,67,88,0.432258064516129,0.567741935483871,36,19,56,21,42,25,61,27
scenario1,200,scenario1__H200__eta-constant__states-endogenous,cfg_09cebf682c97276407ab,run_2bbe80e0e1c6d455,1,42,constant,constant_eta0_0p15,False,0.35,0.85,0.15,,0.02,0.25,,,A,opposed_binary_state_preferences_v1,binary_stay_switch_a0_0p1_a1_0p9_v1,156,A,B,0.9316786236610807,0.9316061254357048,0.5658494146883218,0.5658512422813069,0.35962790029305053,0.3599011172603132,1.4883433152590442e-08,agreement,,,a0,a0,0,AI,a0,AI,0.15,0.15,True,True,0.0,0.002790323322998261,0.36433053449765795,0.36433053449765795,0.32463092370645136,1.293404913085004,0.32463092370645136,6,150,0.038461538461538464,0.9615384615384616,133,21,2,0.8525641025641025,0.1346153846153846,0.01282051282051282,4,17,0.19047619047619047,0.8095238095238095,68,88,0.4358974358974359,0.5641025641025641,37,19,56,21,43,25,61,27
scenario1,200,scenario1__H200__eta-constant__states-endogenous,cfg_09cebf682c97276407ab,run_2bbe80e0e1c6d455,1,42,constant,constant_eta0_0p15,False,0.35,0.85,0.15,,0.02,0.25,,,A,opposed_binary_state_preferences_v1,binary_stay_switch_a0_0p1_a1_0p9_v1,157,B,B,0.9419268301119186,0.941865206620349,0.5658494146883218,0.5658512422813069,0.9874521080395271,0.987451409482301,2.4518165275821957e-12,agreement,,,a0,a0,0,AI,a0,AI,0.15,0.15,True,True,1.0,0.0,0.3653844241413301,0.3653844241413301,0.32463092370645136,1.2991318785367871,1.2991318785367871,6,151,0.03821656050955414,0.9617834394904459,134,21,2,0.8535031847133758,0.1337579617834395,0.012738853503184714,4,17,0.19047619047619047,0.8095238095238095,68,89,0.43312101910828027,0.5668789808917197,37,19,57,21,43,25,62,27
scenario1,200,scenario1__H200__eta-constant__states-endogenous,cfg_09cebf682c97276407ab,run_2bbe80e0e1c6d455,1,42,constant,constant_eta0_0p15,False,0.35,0.85,0.15,,0.02,0.25,,,A,opposed_binary_state_preferences_v1,binary_stay_switch_a0_0p1_a1_0p9_v1,158,B,B,0.9419268301119186,0.941865206620349,0.6309720024850736,0.6309735559391109,0.949922838577191,0.9499216364359628,1.869060461956451e-12,agreement,,,a0,a0,0,AI,a0,AI,0.15,0.15,True,True,1.0,0.0,0.3780767356585035,0.3780767356585035,0.32463092370645136,1.3004204457634383,1.3004204457634383,6,152,0.0379746835443038,0.9620253164556962,135,21,2,0.8544303797468354,0.13291139240506328,0.012658227848101266,4,17,0.19047619047619047,0.8095238095238095,68,90,0.43037974683544306,0.569620253164557,37,19,58,21,43,25,63,27
scenario1,200,scenario1__H200__eta-constant__states-endogenous,cfg_09cebf682c97276407ab,run_2bbe80e0e1c6d455,1,42,constant,constant_eta0_0p15,False,0.35,0.85,0.15,,0.02,0.25,,,A,opposed_binary_state_preferences_v1,binary_stay_switch_a0_0p1_a1_0p9_v1,159,B,B,0.9419268301119186,0.941865206620349,0.6863262021123125,0.6863275225482443,0.8973688088888649,0.8973673172797572,1.460609411196856e-12,agreement,,,a0,a0,0,AI,a0,AI,0.15,0.15,True,True,1.0,0.0,0.3905152009453335,0.3905152009453335,0.32463092370645136,1.300710373389435,1.300710373389435,6,153,0.03773584905660377,0.9622641509433962,136,21,2,0.8553459119496856,0.1320754716981132,0.012578616352201259,4,17,0.19047619047619047,0.8095238095238095,68,91,0.4276729559748428,0.5723270440251572,37,19,59,21,43,25,64,27
scenario1,200,scenario1__H200__eta-constant__states-endogenous,cfg_09cebf682c97276407ab,run_2bbe80e0e1c6d455,1,42,constant,constant_eta0_0p15,False,0.35,0.85,0.15,,0.02,0.25,,,A,opposed_binary_state_preferences_v1,binary_stay_switch_a0_0p1_a1_0p9_v1,160,B,B,0.9419268301119186,0.941865206620349,0.7333772717954656,0.7333783941660076,0.8365766096386292,0.8365749712470871,1.1616818618165325e-12,agreement,,,a0,a0,0,AI,a0,AI,0.15,0.15,True,True,1.0,0.0,0.4027048969264268,0.4027048969264268,0.32463092370645136,1.300775607105284,1.300775607105284,6,154,0.0375,0.9625,137,21,2,0.85625,0.13125,0.0125,4,17,0.19047619047619047,0.8095238095238095,68,92,0.425,0.575,37,19,60,21,43,25,65,27
scenario1,200,scenario1__H200__eta-constant__states-endogenous,cfg_09cebf682c97276407ab,run_2bbe80e0e1c6d455,1,42,constant,constant_eta0_0p15,False,0.35,0.85,0.15,,0.02,0.25,,,A,opposed_binary_state_preferences_v1,binary_stay_switch_a0_0p1_a1_0p9_v1,161,B,B,0.9419268301119186,0.941865206620349,0.7733706810261458,0.7733716350411065,0.7720890130720518,0.7720873236742312,9.364176101200883e-13,agreement,,,a0,a0,0,AI,a0,AI,0.15,0.15,True,True,1.0,0.0,0.41465079898789825,0.41465079898789825,0.32463092370645136,1.3007902846913502,1.3007902846913502,6,155,0.037267080745341616,0.9627329192546584,138,21,2,0.8571428571428571,0.13043478260869565,0.012422360248447204,4,17,0.19047619047619047,0.8095238095238095,68,93,0.422360248447205,0.577639751552795,37,19,61,21,43,25,66,27
scenario1,200,scenario1__H200__eta-constant__states-endogenous,cfg_09cebf682c97276407ab,run_2bbe80e0e1c6d455,1,42,constant,constant_eta0_0p15,False,0.35,0.85,0.15,,0.02,0.25,,,A,opposed_binary_state_preferences_v1,binary_stay_switch_a0_0p1_a1_0p9_v1,162,B,B,0.9419268301119186,0.941865206620349,0.807365078872224,0.8073658897849405,0.7069510831745597,0.7069494067295431,7.62390151010095e-13,agreement,,,a0,a0,0,AI,a0,AI,0.15,0.15,True,True,1.0,0.0,0.4263577830081403,0.4263577830081403,0.32463092370645136,1.300793587148215,1.300793587148215,6,156,0.037037037037037035,0.9629629629629629,139,21,2,0.8580246913580247,0.12962962962962962,0.012345679012345678,4,17,0.19047619047619047,0.8095238095238095,68,94,0.41975308641975306,0.5802469135802469,37,19,62,21,43,25,67,27
scenario1,200,scenario1__H200__eta-constant__states-endogenous,cfg_09cebf682c97276407ab,run_2bbe80e0e1c6d455,1,42,constant,constant_eta0_0p15,False,0.35,0.85,0.15,,0.02,0.25,,,A,opposed_binary_state_preferences_v1,binary_stay_switch_a0_0p1_a1_0p9_v1,163,B,B,0.9419268301119186,0.941865206620349,0.8362603170413904,0.8362610063171995,0.6431814699611783,0.6431798484041821,6.257216966787382e-13,agreement,,,a0,a0,0,AI,a0,AI,0.15,0.15,True,True,1.0,0.0,0.4378306273479775,0.4378306273479775,0.32463092370645136,1.3007943302010097,1.3007943302010097,6,157,0.03680981595092025,0.9631901840490797,140,21,2,0.8588957055214724,0.12883435582822086,0.012269938650306749,4,17,0.19047619047619047,0.8095238095238095,68,95,0.4171779141104294,0.5828220858895705,37,19,63,21,43,25,68,27
scenario1,200,scenario1__H200__eta-constant__states-endogenous,cfg_09cebf682c97276407ab,run_2bbe80e0e1c6d455,1,42,constant,constant_eta0_0p15,False,0.35,0.85,0.15,,0.02,0.25,,,A,opposed_binary_state_preferences_v1,binary_stay_switch_a0_0p1_a1_0p9_v1,164,B,B,0.9419268301119186,0.941865206620349,0.8608212694851818,0.8608218553696195,0.5820839332719276,0.5820823931115147,5.166977956605479e-13,agreement,,,a0,a0,0,AI,a0,AI,0.15,0.15,True,True,1.0,0.0,0.44907401480101794,0.44907401480101794,0.32463092370645136,1.3007944973878884,1.3007944973878884,6,158,0.036585365853658534,0.9634146341463414,141,21,2,0.8597560975609756,0.12804878048780488,0.012195121951219513,4,17,0.19047619047619047,0.8095238095238095,68,96,0.4146341463414634,0.5853658536585366,37,19,64,21,43,25,69,27
scenario1,200,scenario1__H200__eta-constant__states-endogenous,cfg_09cebf682c97276407ab,run_2bbe80e0e1c6d455,1,42,constant,constant_eta0_0p15,False,0.35,0.85,0.15,,0.02,0.25,,,A,opposed_binary_state_preferences_v1,binary_stay_switch_a0_0p1_a1_0p9_v1,165,B,B,0.9419268301119186,0.941865206620349,0.8816980790624045,0.8816985770641766,0.524460011804659,0.5244585686878226,4.287126209590042e-13,agreement,,,a0,a0,0,AI,a0,AI,0.15,0.15,True,True,1.0,0.0,0.4600925345049976,0.4600925345049976,0.32463092370645136,1.3007945350049361,1.3007945350049361,6,159,0.03636363636363636,0.9636363636363636,142,21,2,0.8606060606060606,0.12727272727272726,0.012121212121212121,4,17,0.19047619047619047,0.8095238095238095,68,97,0.4121212121212121,0.5878787878787879,37,19,65,21,43,25,70,27
scenario1,200,scenario1__H200__eta-constant__states-endogenous,cfg_09cebf682c97276407ab,run_2bbe80e0e1c6d455,1,42,constant,constant_eta0_0p15,False,0.35,0.85,0.15,,0.02,0.25,,,A,opposed_binary_state_preferences_v1,binary_stay_switch_a0_0p1_a1_0p9_v1,166,B,B,0.9419268301119186,0.941865206620349,0.8994433672030439,0.8994437905045501,0.47075759853358745,0.47075626046585306,3.5726976932437537e-13,agreement,,,a0,a0,0,AI,a0,AI,0.15,0.15,True,True,1.0,0.0,0.4708906838148977,0.4708906838148977,0.32463092370645136,1.300794543468772,1.300794543468772,6,160,0.03614457831325301,0.963855421686747,143,21,2,0.8614457831325302,0.12650602409638553,0.012048192771084338,4,17,0.19047619047619047,0.8095238095238095,68,98,0.40963855421686746,0.5903614457831325,37,19,66,21,43,25,71,27
scenario1,200,scenario1__H200__eta-constant__states-endogenous,cfg_09cebf682c97276407ab,run_2bbe80e0e1c6d455,1,42,constant,constant_eta0_0p15,False,0.35,0.85,0.15,,0.02,0.25,,,A,opposed_binary_state_preferences_v1,binary_stay_switch_a0_0p1_a1_0p9_v1,167,B,B,0.9419268301119186,0.941865206620349,0.9145268621225873,0.9145272219288676,0.4211764522478073,0.4211752218953142,2.987610159266296e-13,agreement,,,a0,a0,0,AI,a0,AI,0.15,0.15,True,True,1.0,0.0,0.48147287013859974,0.48147287013859974,0.32463092370645136,1.3007945453731349,1.3007945453731349,6,161,0.03592814371257485,0.9640718562874252,144,21,2,0.8622754491017964,0.12574850299401197,0.011976047904191617,4,17,0.19047619047619047,0.8095238095238095,68,99,0.40718562874251496,0.592814371257485,37,19,67,21,43,25,72,27
scenario1,200,scenario1__H200__eta-constant__states-endogenous,cfg_09cebf682c97276407ab,run_2bbe80e0e1c6d455,1,42,constant,constant_eta0_0p15,False,0.35,0.85,0.15,,0.02,0.25,,,A,opposed_binary_state_preferences_v1,binary_stay_switch_a0_0p1_a1_0p9_v1,168,B,B,0.9419268301119186,0.941865206620349,0.9273478328041992,0.9273481386395375,0.3757439711560375,0.3757428475059619,2.504663143554353e-13,agreement,,,a0,a0,0,AI,a0,AI,0.15,0.15,True,True,1.0,0.0,0.49184341273582777,0.49184341273582777,0.32463092370645136,1.3007945458016166,1.3007945458016166,6,162,0.03571428571428571,0.9642857142857143,145,21,2,0.8630952380952381,0.125,0.011904761904761904,4,17,0.19047619047619047,0.8095238095238095,68,100,0.40476190476190477,0.5952380952380952,37,19,68,21,43,25,73,27
scenario1,200,scenario1__H200__eta-constant__states-endogenous,cfg_09cebf682c97276407ab,run_2bbe80e0e1c6d455,1,42,constant,constant_eta0_0p15,False,0.35,0.85,0.15,,0.02,0.25,,,A,opposed_binary_state_preferences_v1,binary_stay_switch_a0_0p1_a1_0p9_v1,169,B,B,0.9419268301119186,0.941865206620349,0.9382456578835693,0.9382459178436069,0.33436999229948733,0.33436897186367465,2.1030399643962028e-13,agreement,,,a0,a0,0,AI,a0,AI,0.15,0.15,True,True,1.0,0.0,0.5020065444811111,0.5020065444811111,0.32463092370645136,1.300794545898025,1.300794545898025,6,163,0.03550295857988166,0.9644970414201184,146,21,2,0.863905325443787,0.1242603550295858,0.011834319526627219,4,17,0.19047619047619047,0.8095238095238095,68,101,0.40236686390532544,0.5976331360946746,37,19,69,21,43,25,74,27
scenario1,200,scenario1__H200__eta-constant__states-endogenous,cfg_09cebf682c97276407ab,run_2bbe80e0e1c6d455,1,42,constant,constant_eta0_0p15,False,0.35,0.85,0.15,,0.02,0.25,,,A,opposed_binary_state_preferences_v1,binary_stay_switch_a0_0p1_a1_0p9_v1,170,B,B,0.9419268301119186,0.941865206620349,0.9475088092010339,0.9475090301670659,0.2968865555014356,0.29688563319025024,1.7705281685209684e-13,agreement,,,a0,a0,0,AI,a0,AI,0.15,0.15,True,True,1.0,0.0,0.5119664135914889,0.5119664135914889,0.32463092370645136,1.3007945459197168,1.3007945459197168,6,164,0.03529411764705882,0.9647058823529412,147,21,2,0.8647058823529412,0.12352941176470589,0.011764705882352941,4,17,0.19047619047619047,0.8095238095238095,68,102,0.4,0.6,37,19,70,21,43,25,75,27
scenario1,200,scenario1__H200__eta-constant__states-endogenous,cfg_09cebf682c97276407ab,run_2bbe80e0e1c6d455,1,42,constant,constant_eta0_0p15,False,0.35,0.85,0.15,,0.02,0.25,,,A,opposed_binary_state_preferences_v1,binary_stay_switch_a0_0p1_a1_0p9_v1,171,B,A,0.9419268301119186,0.941865206620349,0.9553824878208789,0.955382675642006,0.26307675510820233,0.26307592486376097,1.491862189340054e-13,agreement,,,a0,a0,0,AI,a0,AI,0.15,0.15,True,True,1.0,0.0,0.5217270853196591,0.5217270853196591,0.32463092370645136,1.3007945459245975,1.3007945459245975,6,165,0.03508771929824561,0.9649122807017544,148,21,2,0.8654970760233918,0.12280701754385964,0.011695906432748537,4,17,0.19047619047619047,0.8095238095238095,68,103,0.39766081871345027,0.6023391812865497,37,19,71,21,43,25,76,27
scenario1,200,scenario1__H200__eta-constant__states-endogenous,cfg_09cebf682c97276407ab,run_2bbe80e0e1c6d455,1,42,constant,constant_eta0_0p15,False,0.35,0.85,0.15,,0.02,0.25,,,A,opposed_binary_state_preferences_v1,binary_stay_switch_a0_0p1_a1_0p9_v1,172,A,A,0.9419268301119186,0.941865206620349,0.9620751146477471,0.962075274295705,0.31974815533867623,0.31999581145830497,1.2513198088814903e-08,agreement,,,a0,a0,0,AI,a0,AI,0.15,0.15,True,True,0.0,0.0020196296609022195,0.28370161041165054,0.28370161041165054,0.1055618214820665,1.3007945459245975,0.1055618214820665,6,166,0.03488372093023256,0.9651162790697675,149,21,2,0.8662790697674418,0.12209302325581395,0.011627906976744186,4,17,0.19047619047619047,0.8095238095238095,69,103,0.4011627906976744,0.5988372093023255,38,19,71,21,44,25,76,27
scenario1,200,scenario1__H200__eta-constant__states-endogenous,cfg_09cebf682c97276407ab,run_2bbe80e0e1c6d455,1,42,constant,constant_eta0_0p15,False,0.35,0.85,0.15,,0.02,0.25,,,A,opposed_binary_state_preferences_v1,binary_stay_switch_a0_0p1_a1_0p9_v1,173,A,A,0.9506378055951308,0.9505854256272966,0.9620751146477471,0.962075274295705,0.2836814024234845,0.28390488744464665,1.0538701217255309e-08,agreement,,,a0,a0,0,AI,a0,AI,0.15,0.15,True,True,0.0,0.001979237067684175,0.2980275782034175,0.2980275782034175,0.0562712734815799,1.3007945459245975,0.0562712734815799,6,167,0.03468208092485549,0.9653179190751445,150,21,2,0.8670520231213873,0.12138728323699421,0.011560693641618497,4,17,0.19047619047619047,0.8095238095238095,70,103,0.4046242774566474,0.5953757225433526,39,19,71,21,45,25,76,27
scenario1,200,scenario1__H200__eta-constant__states-endogenous,cfg_09cebf682c97276407ab,run_2bbe80e0e1c6d455,1,42,constant,constant_eta0_0p15,False,0.35,0.85,0.15,,0.02,0.25,,,A,opposed_binary_state_preferences_v1,binary_stay_switch_a0_0p1_a1_0p9_v1,174,A,A,0.9580421347558612,0.9579976117832022,0.9620751146477471,0.962075274295705,0.2511980191863238,0.2513989191818065,8.88862553005687e-09,agreement,,,a0,a0,0,AI,a0,AI,0.15,0.15,True,True,0.0,0.0019396523263304915,0.3120670266393492,0.3120670266393492,0.04518090018147042,1.3007945459245975,0.04518090018147042,6,168,0.034482758620689655,0.9655172413793104,151,21,2,0.867816091954023,0.1206896551724138,0.011494252873563218,4,17,0.19047619047619047,0.8095238095238095,71,103,0.40804597701149425,0.5919540229885057,40,19,71,21,46,25,76,27
scenario1,200,scenario1__H200__eta-constant__states-endogenous,cfg_09cebf682c97276407ab,run_2bbe80e0e1c6d455,1,42,constant,constant_eta0_0p15,False,0.35,0.85,0.15,,0.02,0.25,,,A,opposed_binary_state_preferences_v1,binary_stay_switch_a0_0p1_a1_0p9_v1,175,A,A,0.9643358145424821,0.9642979700157218,0.9620751146477471,0.962075274295705,0.2220465570025449,0.22222655292177923,7.505995325285397e-09,agreement,,,a0,a0,0,AI,a0,AI,0.15,0.15,True,True,0.0,0.0019008592798038816,0.32582568610656226,0.32582568610656226,0.042685566188945784,1.3007945459245975,0.042685566188945784,6,169,0.03428571428571429,0.9657142857142857,152,21,2,0.8685714285714285,0.12,0.011428571428571429,4,17,0.19047619047619047,0.8095238095238095,72,103,0.4114285714285714,0.5885714285714285,41,19,71,21,47,25,76,27
scenario1,200,scenario1__H200__eta-constant__states-endogenous,cfg_09cebf682c97276407ab,run_2bbe80e0e1c6d455,1,42,constant,constant_eta0_0p15,False,0.35,0.85,0.15,,0.02,0.25,,,A,opposed_binary_state_preferences_v1,binary_stay_switch_a0_0p1_a1_0p9_v1,176,A,B,0.9696854423611098,0.9696532745133636,0.9620751146477471,0.962075274295705,0.19596690429133273,0.1961276999440233,6.344878511477248e-09,agreement,,,a0,a0,0,AI,a0,AI,0.15,0.15,True,True,0.0,0.001862842094207804,0.33930917238443103,0.33930917238443103,0.04212411604062774,1.3007945459245975,0.04212411604062774,6,170,0.03409090909090909,0.9659090909090909,153,21,2,0.8693181818181818,0.11931818181818182,0.011363636363636364,4,17,0.19047619047619047,0.8095238095238095,73,103,0.4147727272727273,0.5852272727272727,42,19,71,21,48,25,76,27
scenario1,200,scenario1__H200__eta-constant__states-endogenous,cfg_09cebf682c97276407ab,run_2bbe80e0e1c6d455,1,42,constant,constant_eta0_0p15,False,0.35,0.85,0.15,,0.02,0.25,,,A,opposed_binary_state_preferences_v1,binary_stay_switch_a0_0p1_a1_0p9_v1,177,B,B,0.9742326260069433,0.974205283336359,0.9620751146477471,0.962075274295705,0.2326955992564157,0.23269485450891378,1.2599643550714745e-13,agreement,,,a0,a0,0,AI,a0,AI,0.15,0.15,True,True,1.0,0.0,0.482167963420802,0.482167963420802,0.04212411604062774,1.2937318757340501,1.2937318757340501,6,171,0.03389830508474576,0.9661016949152542,154,21,2,0.8700564971751412,0.11864406779661017,0.011299435028248588,4,17,0.19047619047619047,0.8095238095238095,73,104,0.4124293785310734,0.5875706214689266,42,19,72,21,48,25,77,27
scenario1,200,scenario1__H200__eta-constant__states-endogenous,cfg_09cebf682c97276407ab,run_2bbe80e0e1c6d455,1,42,constant,constant_eta0_0p15,False,0.35,0.85,0.15,,0.02,0.25,,,A,opposed_binary_state_preferences_v1,binary_stay_switch_a0_0p1_a1_0p9_v1,178,B,B,0.9742326260069433,0.974205283336359,0.9677638474505849,0.9677639831513493,0.20548497746471137,0.20548431145801913,1.0635936575909e-13,agreement,,,a0,a0,0,AI,a0,AI,0.15,0.15,True,True,1.0,0.0,0.49252460415238597,0.49252460415238597,0.04212411604062774,1.292142774941177,1.292142774941177,6,172,0.033707865168539325,0.9662921348314607,155,21,2,0.8707865168539326,0.11797752808988764,0.011235955056179775,4,17,0.19047619047619047,0.8095238095238095,73,105,0.4101123595505618,0.5898876404494382,42,19,73,21,48,25,78,27
scenario1,200,scenario1__H200__eta-constant__states-endogenous,cfg_09cebf682c97276407ab,run_2bbe80e0e1c6d455,1,42,constant,constant_eta0_0p15,False,0.35,0.85,0.15,,0.02,0.25,,,A,opposed_binary_state_preferences_v1,binary_stay_switch_a0_0p1_a1_0p9_v1,179,B,B,0.9742326260069433,0.974205283336359,0.9725992703329972,0.9725993856786469,0.18118426772447926,0.18118367374485692,9.002520950929238e-14,agreement,,,a0,a0,0,AI,a0,AI,0.15,0.15,True,True,1.0,0.0,0.5026741120693382,0.5026741120693382,0.04212411604062774,1.2917852272627806,1.2917852272627806,6,173,0.0335195530726257,0.9664804469273743,156,21,2,0.8715083798882681,0.11731843575418995,0.0111731843575419,4,17,0.19047619047619047,0.8095238095238095,73,106,0.40782122905027934,0.5921787709497207,42,19,74,21,48,25,79,27
scenario1,200,scenario1__H200__eta-constant__states-endogenous,cfg_09cebf682c97276407ab,run_2bbe80e0e1c6d455,1,42,constant,constant_eta0_0p15,False,0.35,0.85,0.15,,0.02,0.25,,,A,opposed_binary_state_preferences_v1,binary_stay_switch_a0_0p1_a1_0p9_v1,180,B,B,0.9742326260069433,0.974205283336359,0.9767093797830476,0.9767094778268499,0.15953771065306008,0.15953718218603433,7.630007736736388e-14,agreement,,,a0,a0,0,AI,a0,AI,0.15,0.15,True,True,1.0,0.0,0.5126206298279514,0.5126206298279514,0.04212411604062774,1.2917047790351412,1.2917047790351412,6,174,0.03333333333333333,0.9666666666666667,157,21,2,0.8722222222222222,0.11666666666666667,0.011111111111111112,4,17,0.19047619047619047,0.8095238095238095,73,107,0.40555555555555556,0.5944444444444444,42,19,75,21,48,25,80,27
scenario1,200,scenario1__H200__eta-constant__states-endogenous,cfg_09cebf682c97276407ab,run_2bbe80e0e1c6d455,1,42,constant,constant_eta0_0p15,False,0.35,0.85,0.15,,0.02,0.25,,,A,opposed_binary_state_preferences_v1,binary_stay_switch_a0_0p1_a1_0p9_v1,181,B,B,0.9742326260069433,0.974205283336359,0.9802029728155904,0.9802030561528224,0.14029938779884313,0.14029891863290256,6.451783551852941e-14,agreement,,,a1,a0,0,AI,a0,AI,0.15,0.15,True,True,1.0,0.0,0.5223682172313924,0.5223682172313924,0.04212411604062774,1.2916866781839225,1.2916866781839225,6,175,0.03314917127071823,0.9668508287292817,158,21,2,0.8729281767955801,0.11602209944751381,0.011049723756906077,4,17,0.19047619047619047,0.8095238095238095,73,108,0.40331491712707185,0.5966850828729282,42,19,76,21,48,25,81,27
scenario1,200,scenario1__H200__eta-constant__states-endogenous,cfg_09cebf682c97276407ab,run_2bbe80e0e1c6d455,1,42,constant,constant_eta0_0p15,False,0.35,0.85,0.15,,0.02,0.25,,,A,opposed_binary_state_preferences_v1,binary_stay_switch_a0_0p1_a1_0p9_v1,182,B,B,0.9742326260069433,0.974205283336359,0.983172526893252,0.9831725977298991,0.1232364293812603,0.12323601367234233,5.475481179573194e-14,agreement,,,a1,a0,0,AI,a0,AI,0.15,0.15,True,True,1.0,0.0,0.5319208528867645,0.5319208528867645,0.04212411604062774,1.2916826054923982,1.2916826054923982,6,176,0.03296703296703297,0.967032967032967,159,21,2,0.8736263736263736,0.11538461538461539,0.01098901098901099,4,17,0.19047619047619047,0.8095238095238095,73,109,0.4010989010989011,0.5989010989010989,42,19,77,21,48,25,82,27
scenario1,200,scenario1__H200__eta-constant__states-endogenous,cfg_09cebf682c97276407ab,run_2bbe80e0e1c6d455,1,42,constant,constant_eta0_0p15,False,0.35,0.85,0.15,,0.02,0.25,,,A,opposed_binary_state_preferences_v1,binary_stay_switch_a0_0p1_a1_0p9_v1,183,B,B,0.9742326260069433,0.974205283336359,0.9856966478592641,0.9856967080704142,0.10813092060271479,0.1081305529099843,4.639344464152373e-14,agreement,,,a0,a0,0,AI,a0,AI,0.15,0.15,True,True,1.0,0.0,0.5412824358290292,0.5412824358290292,0.04212411604062774,1.2916816891368053,1.2916816891368053,6,177,0.03278688524590164,0.9672131147540983,160,21,2,0.8743169398907104,0.11475409836065574,0.01092896174863388,4,17,0.19047619047619047,0.8095238095238095,73,110,0.3989071038251366,0.6010928961748634,42,19,78,21,48,25,83,27
scenario1,200,scenario1__H200__eta-constant__states-endogenous,cfg_09cebf682c97276407ab,run_2bbe80e0e1c6d455,1,42,constant,constant_eta0_0p15,False,0.35,0.85,0.15,,0.02,0.25,,,A,opposed_binary_state_preferences_v1,binary_stay_switch_a0_0p1_a1_0p9_v1,184,B,B,0.9742326260069433,0.974205283336359,0.9878421506803745,0.987842201859852,0.09478085950444803,0.09478053480527801,3.9315772859538356e-14,agreement,,,a0,a0,0,AI,a0,AI,0.15,0.15,True,True,1.0,0.0,0.5504567871124486,0.5504567871124486,0.04212411604062774,1.2916814829567969,1.2916814829567969,6,178,0.03260869565217391,0.967391304347826,161,21,2,0.875,0.11413043478260869,0.010869565217391304,4,17,0.19047619047619047,0.8095238095238095,73,111,0.3967391304347826,0.6032608695652174,42,19,79,21,48,25,84,27
scenario1,200,scenario1__H200__eta-constant__states-endogenous,cfg_09cebf682c97276407ab,run_2bbe80e0e1c6d455,1,42,constant,constant_eta0_0p15,False,0.35,0.85,0.15,,0.02,0.25,,,A,opposed_binary_state_preferences_v1,binary_stay_switch_a0_0p1_a1_0p9_v1,185,B,A,0.9742326260069433,0.974205283336359,0.9896658280783184,0.9896658715808743,0.08300043226929603,0.08300014595940647,3.3438529722928934e-14,agreement,,,a0,a0,0,AI,a0,AI,0.15,0.15,True,True,1.0,0.0,0.5594476513701997,0.5594476513701997,0.04212411604062774,1.291681436566295,1.291681436566295,6,179,0.032432432432432434,0.9675675675675676,162,21,2,0.8756756756756757,0.11351351351351352,0.010810810810810811,4,17,0.19047619047619047,0.8095238095238095,73,112,0.3945945945945946,0.6054054054054054,42,19,80,21,48,25,85,27
scenario1,200,scenario1__H200__eta-constant__states-endogenous,cfg_09cebf682c97276407ab,run_2bbe80e0e1c6d455,1,42,constant,constant_eta0_0p15,False,0.35,0.85,0.15,,0.02,0.25,,,A,opposed_binary_state_preferences_v1,binary_stay_switch_a0_0p1_a1_0p9_v1,186,A,A,0.9742326260069433,0.974205283336359,0.9912159538665706,0.9912159908437431,0.1726995561573594,0.1728428280176998,5.367960867475041e-09,agreement,,,a0,a0,0,AI,a0,AI,0.15,0.15,True,True,0.0,0.0015220776187026463,0.2972402978828375,0.2972402978828375,0.04176996202329862,1.291681436566295,0.04176996202329862,6,180,0.03225806451612903,0.967741935483871,163,21,2,0.8763440860215054,0.11290322580645161,0.010752688172043012,4,17,0.19047619047619047,0.8095238095238095,74,112,0.3978494623655914,0.6021505376344086,43,19,80,21,49,25,85,27
scenario1,200,scenario1__H200__eta-constant__states-endogenous,cfg_09cebf682c97276407ab,run_2bbe80e0e1c6d455,1,42,constant,constant_eta0_0p15,False,0.35,0.85,0.15,,0.02,0.25,,,A,opposed_binary_state_preferences_v1,binary_stay_switch_a0_0p1_a1_0p9_v1,187,A,A,0.9780977321059018,0.9780744908359051,0.9912159538665706,0.9912159908437431,0.15199199695367033,0.15211936013916594,4.544726511790387e-09,agreement,,,a0,a0,0,AI,a0,AI,0.15,0.15,True,True,0.0,0.0014916360663285934,0.3112954919251808,0.3112954919251808,0.041690277369399564,1.291681436566295,0.041690277369399564,6,181,0.03208556149732621,0.9679144385026738,164,21,2,0.8770053475935828,0.11229946524064172,0.0106951871657754,4,17,0.19047619047619047,0.8095238095238095,75,112,0.40106951871657753,0.5989304812834224,44,19,80,21,50,25,85,27
scenario1,200,scenario1__H200__eta-constant__states-endogenous,cfg_09cebf682c97276407ab,run_2bbe80e0e1c6d455,1,42,constant,constant_eta0_0p15,False,0.35,0.85,0.15,,0.02,0.25,,,A,opposed_binary_state_preferences_v1,binary_stay_switch_a0_0p1_a1_0p9_v1,188,A,A,0.9813830722900165,0.9813633172105194,0.9912159538665706,0.9912159908437431,0.13360294494705585,0.13371593115653133,3.8500783672290595e-09,agreement,,,a0,a0,0,AI,a0,AI,0.15,0.15,True,True,0.0,0.0014618033450020215,0.3250695820866772,0.3250695820866772,0.04167234832227228,1.291681436566295,0.04167234832227228,6,182,0.031914893617021274,0.9680851063829787,165,21,2,0.8776595744680851,0.11170212765957446,0.010638297872340425,4,17,0.19047619047619047,0.8095238095238095,76,112,0.40425531914893614,0.5957446808510638,45,19,80,21,51,25,85,27
scenario1,200,scenario1__H200__eta-constant__states-endogenous,cfg_09cebf682c97276407ab,run_2bbe80e0e1c6d455,1,42,constant,constant_eta0_0p15,False,0.35,0.85,0.15,,0.02,0.25,,,A,opposed_binary_state_preferences_v1,binary_stay_switch_a0_0p1_a1_0p9_v1,189,A,A,0.9841756114465141,0.9841588196289415,0.9912159538665706,0.9912159908437431,0.11730501974950705,0.11740506399851625,3.263275913378827e-09,agreement,,,a0,a0,0,AI,a0,AI,0.15,0.15,True,True,0.0,0.0014325672781019812,0.3385681904449437,0.3385681904449437,0.041668314286668645,1.291681436566295,0.041668314286668645,6,183,0.031746031746031744,0.9682539682539683,166,21,2,0.8783068783068783,0.1111111111111111,0.010582010582010581,4,17,0.19047619047619047,0.8095238095238095,77,112,0.4074074074074074,0.5925925925925926,46,19,80,21,52,25,85,27
scenario1,200,scenario1__H200__eta-constant__states-endogenous,cfg_09cebf682c97276407ab,run_2bbe80e0e1c6d455,1,42,constant,constant_eta0_0p15,False,0.35,0.85,0.15,,0.02,0.25,,,A,opposed_binary_state_preferences_v1,binary_stay_switch_a0_0p1_a1_0p9_v1,190,A,A,0.9865492697295368,0.9865349966846002,0.9912159538665706,0.9912159908437431,0.10288625369432704,0.10297468746943868,2.7671070573775935e-09,agreement,,,a0,a0,0,AI,a0,AI,0.15,0.15,True,True,0.0,0.0014039159325399415,0.35179682663604483,0.35179682663604483,0.041667406628657824,1.291681436566295,0.041667406628657824,6,184,0.031578947368421054,0.968421052631579,167,21,2,0.8789473684210526,0.11052631578947368,0.010526315789473684,4,17,0.19047619047619047,0.8095238095238095,78,112,0.4105263157894737,0.5894736842105263,47,19,80,21,53,25,85,27
scenario1,200,scenario1__H200__eta-constant__states-endogenous,cfg_09cebf682c97276407ab,run_2bbe80e0e1c6d455,1,42,constant,constant_eta0_0p15,False,0.35,0.85,0.15,,0.02,0.25,,,A,opposed_binary_state_preferences_v1,binary_stay_switch_a0_0p1_a1_0p9_v1,191,A,A,0.9885668792701063,0.9885547471819102,0.9912159538665706,0.9912159908437431,0.0901507642529307,0.09022881329307082,2.3472380220046496e-09,agreement,,,a0,a0,0,AI,a0,AI,0.15,0.15,True,True,0.0,0.0013758376138891426,0.36476089010332396,0.36476089010332396,0.04166720240560539,1.291681436566295,0.04166720240560539,6,185,0.031413612565445025,0.9685863874345549,168,21,2,0.8795811518324608,0.1099476439790576,0.010471204188481676,4,17,0.19047619047619047,0.8095238095238095,79,112,0.41361256544502617,0.5863874345549738,48,19,80,21,54,25,85,27
scenario1,200,scenario1__H200__eta-constant__states-endogenous,cfg_09cebf682c97276407ab,run_2bbe80e0e1c6d455,1,42,constant,constant_eta0_0p15,False,0.35,0.85,0.15,,0.02,0.25,,,A,opposed_binary_state_preferences_v1,binary_stay_switch_a0_0p1_a1_0p9_v1,192,A,A,0.9902818473795905,0.9902715351046237,0.9912159538665706,0.9912159908437431,0.07891882638518288,0.0789876117404003,1.9916954266396836e-09,agreement,,,a0,a0,0,AI,a0,AI,0.15,0.15,True,True,0.0,0.0013483208616113598,0.3774656723012575,0.3774656723012575,0.04166715645541859,1.291681436566295,0.04166715645541859,6,186,0.03125,0.96875,169,21,2,0.8802083333333334,0.109375,0.010416666666666666,4,17,0.19047619047619047,0.8095238095238095,80,112,0.4166666666666667,0.5833333333333334,49,19,80,21,55,25,85,27
scenario1,200,scenario1__H200__eta-constant__states-endogenous,cfg_09cebf682c97276407ab,run_2bbe80e0e1c6d455,1,42,constant,constant_eta0_0p15,False,0.35,0.85,0.15,,0.02,0.25,,,A,opposed_binary_state_preferences_v1,binary_stay_switch_a0_0p1_a1_0p9_v1,193,A,A,0.9917395702726519,0.9917308048389302,0.9912159538665706,0.9912159908437431,0.0690265246337951,0.06908706598668775,1.690451313651753e-09,agreement,,,a0,a0,0,AI,a0,AI,0.15,0.15,True,True,0.0,0.0013213544443791325,0.38991635885523235,0.38991635885523235,0.04166714611662656,1.291681436566295,0.04166714611662656,6,187,0.031088082901554404,0.9689119170984456,170,21,2,0.8808290155440415,0.10880829015544041,0.010362694300518135,4,17,0.19047619047619047,0.8095238095238095,81,112,0.41968911917098445,0.5803108808290155,50,19,80,21,56,25,85,27
scenario1,200,scenario1__H200__eta-constant__states-endogenous,cfg_09cebf682c97276407ab,run_2bbe80e0e1c6d455,1,42,constant,constant_eta0_0p15,False,0.35,0.85,0.15,,0.02,0.25,,,A,opposed_binary_state_preferences_v1,binary_stay_switch_a0_0p1_a1_0p9_v1,194,A,A,0.9929786347317542,0.9929711841130906,0.9912159538665706,0.9912159908437431,0.06032511994850354,0.06037834043805219,1.4350896790360501e-09,agreement,,,a0,a0,0,AI,a0,AI,0.15,0.15,True,True,0.0,0.0012949273554915498,0.4021180316781277,0.4021180316781277,0.041667143790398355,1.291681436566295,0.041667143790398355,6,188,0.030927835051546393,0.9690721649484536,171,21,2,0.8814432989690721,0.10824742268041238,0.010309278350515464,4,17,0.19047619047619047,0.8095238095238095,82,112,0.422680412371134,0.5773195876288659,51,19,80,21,57,25,85,27
scenario1,200,scenario1__H200__eta-constant__states-endogenous,cfg_09cebf682c97276407ab,run_2bbe80e0e1c6d455,1,42,constant,constant_eta0_0p15,False,0.35,0.85,0.15,,0.02,0.25,,,A,opposed_binary_state_preferences_v1,binary_stay_switch_a0_0p1_a1_0p9_v1,195,A,B,0.994031839521991,0.994025506496127,0.9912159538665706,0.9912159908437431,0.052680232115685455,0.052726964097133885,1.2185330244829373e-09,agreement,,,a0,a0,0,AI,a0,AI,0.15,0.15,True,True,0.0,0.0012690288083817187,0.41407567104456516,0.41407567104456516,0.04166714326699701,1.291681436566295,0.04166714326699701,6,189,0.03076923076923077,0.9692307692307692,172,21,2,0.882051282051282,0.1076923076923077,0.010256410256410256,4,17,0.19047619047619047,0.8095238095238095,83,112,0.4256410256410256,0.5743589743589743,52,19,80,21,58,25,85,27
scenario1,200,scenario1__H200__eta-constant__states-endogenous,cfg_09cebf682c97276407ab,run_2bbe80e0e1c6d455,1,42,constant,constant_eta0_0p15,False,0.35,0.85,0.15,,0.02,0.25,,,A,opposed_binary_state_preferences_v1,binary_stay_switch_a0_0p1_a1_0p9_v1,196,B,B,0.9949270635936924,0.9949216805217079,0.9912159538665706,0.9912159908437431,0.072619806220072,0.07261955410331151,2.8400892748692286e-14,agreement,,,a0,a0,0,AI,a0,AI,0.15,0.15,True,True,1.0,0.0,0.46796727355546097,0.46796727355546097,0.04166714326699701,1.2916700018090914,1.2916700018090914,6,190,0.030612244897959183,0.9693877551020408,173,21,2,0.8826530612244898,0.10714285714285714,0.01020408163265306,4,17,0.19047619047619047,0.8095238095238095,83,113,0.42346938775510207,0.576530612244898,52,19,81,21,58,25,86,27
scenario1,200,scenario1__H200__eta-constant__states-endogenous,cfg_09cebf682c97276407ab,run_2bbe80e0e1c6d455,1,42,constant,constant_eta0_0p15,False,0.35,0.85,0.15,,0.02,0.25,,,A,opposed_binary_state_preferences_v1,binary_stay_switch_a0_0p1_a1_0p9_v1,197,B,B,0.9949270635936924,0.9949216805217079,0.992533560786585,0.9925335922171816,0.06348459102351224,0.0634843692946471,2.396000065019166e-14,agreement,,,a0,a0,0,AI,a0,AI,0.15,0.15,True,True,1.0,0.0,0.47860792808435176,0.47860792808435176,0.04166714326699701,1.2916674289887204,1.2916674289887204,6,191,0.030456852791878174,0.9695431472081218,174,21,2,0.883248730964467,0.1065989847715736,0.01015228426395939,4,17,0.19047619047619047,0.8095238095238095,83,114,0.4213197969543147,0.5786802030456852,52,19,82,21,58,25,87,27
scenario1,200,scenario1__H200__eta-constant__states-endogenous,cfg_09cebf682c97276407ab,run_2bbe80e0e1c6d455,1,42,constant,constant_eta0_0p15,False,0.35,0.85,0.15,,0.02,0.25,,,A,opposed_binary_state_preferences_v1,binary_stay_switch_a0_0p1_a1_0p9_v1,198,B,B,0.9949270635936924,0.9949216805217079,0.9936535266685973,0.9936535533846044,0.05545508079798384,0.055454886021006206,2.0327489691496226e-14,agreement,,,a0,a0,0,AI,a0,AI,0.15,0.15,True,True,1.0,0.0,0.48903576952266475,0.48903576952266475,0.04166714326699701,1.291666850104137,1.291666850104137,6,192,0.030303030303030304,0.9696969696969697,175,21,2,0.8838383838383839,0.10606060606060606,0.010101010101010102,4,17,0.19047619047619047,0.8095238095238095,83,115,0.41919191919191917,0.5808080808080808,52,19,83,21,58,25,88,27
scenario1,200,scenario1__H200__eta-constant__states-endogenous,cfg_09cebf682c97276407ab,run_2bbe80e0e1c6d455,1,42,constant,constant_eta0_0p15,False,0.35,0.85,0.15,,0.02,0.25,,,A,opposed_binary_state_preferences_v1,binary_stay_switch_a0_0p1_a1_0p9_v1,199,B,B,0.9949270635936924,0.9949216805217079,0.9946054976683077,0.9946055203769137,0.048405361012932475,0.04840519009675022,1.7406215357951282e-14,agreement,,,a0,a0,0,AI,a0,AI,0.15,0.15,True,True,1.0,0.0,0.4992550541322115,0.4992550541322115,0.04166714326699701,1.2916667198551057,1.2916667198551057,6,193,0.03015075376884422,0.9698492462311558,176,21,2,0.8844221105527639,0.10552763819095477,0.010050251256281407,4,17,0.19047619047619047,0.8095238095238095,83,116,0.41708542713567837,0.5829145728643216,52,19,84,21,58,25,89,27
scenario1,200,scenario1__H200__eta-constant__states-endogenous,cfg_09cebf682c97276407ab,run_2bbe80e0e1c6d455,1,42,constant,constant_eta0_0p15,False,0.35,0.85,0.15,,0.02,0.25,,,A,opposed_binary_state_preferences_v1,binary_stay_switch_a0_0p1_a1_0p9_v1,200,B,B,0.9949270635936924,0.9949216805217079,0.9954146730180614,0.9954146923203767,0.042222342091737565,0.04222219226461394,1.464800503114816e-14,agreement,,,a0,a0,0,AI,a0,AI,0.15,0.15,True,True,1.0,0.0,0.5092699530495672,0.5092699530495672,0.04166714326699701,1.2916666905490737,1.2916666905490737,6,194,0.03,0.97,177,21,2,0.885,0.105,0.01,4,17,0.19047619047619047,0.8095238095238095,83,117,0.415,0.585,52,19,85,21,58,25,90,27
scenario1,200,scenario1__H200__eta-constant__states-exogenous,cfg_05dcd430b3e055c29664,run_99d9d122eae3a9c1,1,42,constant,constant_eta0_0p15,True,0.35,0.85,0.15,,0.02,0.75,0.99,0.01,A,opposed_binary_state_preferences_v1,binary_stay_switch_a0_0p1_a1_0p9_v1__exogenous,1,A,A,0.99,0.01,0.01,0.99,0.08079313589591118,0.08079313589591118,0.9192068641040889,disagreement,,,a0,a1,1,H,a0,H,0.0,0.15,False,True,1.0,0.02,0.0,0.02,1.0,0.0,1.0,1,0,1.0,0.0,0,0,1,0.0,0.0,1.0,0,0,,,1,0,1.0,0.0,0,0,0,0,1,0,0,0
scenario1,200,scenario1__H200__eta-constant__states-exogenous,cfg_05dcd430b3e055c29664,run_99d9d122eae3a9c1,1,42,constant,constant_eta0_0p15,True,0.35,0.85,0.15,,0.02,0.75,0.99,0.01,A,opposed_binary_state_preferences_v1,binary_stay_switch_a0_0p1_a1_0p9_v1__exogenous,2,A,A,0.99,0.1585,0.01,0.99,0.08079313589591118,0.6307089716758388,0.6282826230367999,contextual,0.5565652460735999,0.4434347539264001,a0,a1,1,H,a0,H,0.0,0.15,False,True,1.0,0.039599999999999996,0.0,0.039599999999999996,1.7425,0.0,1.7425,2,0,1.0,0.0,0,1,1,0.0,0.5,0.5,1,0,1.0,0.0,2,0,1.0,0.0,0,0,0,0,2,0,0,0
scenario1,200,scenario1__H200__eta-constant__states-exogenous,cfg_05dcd430b3e055c29664,run_99d9d122eae3a9c1,1,42,constant,constant_eta0_0p15,True,0.35,0.85,0.15,,0.02,0.75,0.99,0.01,A,opposed_binary_state_preferences_v1,binary_stay_switch_a0_0p1_a1_0p9_v1__exogenous,3,A,A,0.99,0.284725,0.01,0.99,0.08079313589591118,0.8618093423191218,0.47354951662527256,contextual,0.24709903325054516,0.7529009667494548,a0,a0,0,AI,a0,AI,0.0,0.15,False,True,0.0,0.038807999999999995,0.02,0.02,1.2938062499999998,0.0,1.2938062499999998,2,1,0.6666666666666666,0.3333333333333333,0,2,1,0.0,0.6666666666666666,0.3333333333333333,1,1,0.5,0.5,3,0,1.0,0.0,0,0,0,0,3,0,0,0
scenario1,200,scenario1__H200__eta-constant__states-exogenous,cfg_05dcd430b3e055c29664,run_99d9d122eae3a9c1,1,42,constant,constant_eta0_0p15,True,0.35,0.85,0.15,,0.02,0.75,0.99,0.01,A,opposed_binary_state_preferences_v1,binary_stay_switch_a0_0p1_a1_0p9_v1__exogenous,4,A,A,0.99,0.39201625,0.01,0.99,0.08079313589591118,0.9660883865831447,0.3685655606429551,contextual,0.03713112128591023,0.9628688787140898,a0,a1,0,AI,a1,AI,0.0,0.15,False,True,1.0,0.0,0.02,0.02,1.960651140625,0.0,1.960651140625,2,2,0.5,0.5,0,3,1,0.0,0.75,0.25,1,2,0.3333333333333333,0.6666666666666666,4,0,1.0,0.0,0,0,0,0,3,1,0,0
scenario1,200,scenario1__H200__eta-constant__states-exogenous,cfg_05dcd430b3e055c29664,run_99d9d122eae3a9c1,1,42,constant,constant_eta0_0p15,True,0.35,0.85,0.15,,0.02,0.75,0.99,0.01,A,opposed_binary_state_preferences_v1,binary_stay_switch_a0_0p1_a1_0p9_v1__exogenous,5,A,A,0.99,0.3332138125,0.01,0.99,0.08079313589591118,0.918176266847617,0.4237879979146224,contextual,0.14757599582924485,0.8524240041707551,a0,a1,0,AI,a1,AI,0.0,0.15,False,True,1.0,0.0,0.039599999999999996,0.039599999999999996,2.4557834719140628,0.0,2.4557834719140628,2,3,0.4,0.6,0,4,1,0.0,0.8,0.2,1,3,0.25,0.75,5,0,1.0,0.0,0,0,0,0,3,2,0,0
scenario1,200,scenario1__H200__eta-constant__states-exogenous,cfg_05dcd430b3e055c29664,run_99d9d122eae3a9c1,1,42,constant,constant_eta0_0p15,True,0.35,0.85,0.15,,0.02,0.75,0.99,0.01,A,opposed_binary_state_preferences_v1,binary_stay_switch_a0_0p1_a1_0p9_v1__exogenous,6,A,A,0.99,0.283231740625,0.01,0.99,0.08079313589591118,0.8598170005375345,0.4751513957184439,contextual,0.25030279143688783,0.7496972085631122,a0,a0,0,AI,a0,AI,0.0,0.15,False,True,0.0,0.036525779136,0.03882384,0.03882384,1.8234192278961916,0.0,1.8234192278961916,2,4,0.3333333333333333,0.6666666666666666,0,5,1,0.0,0.8333333333333334,0.16666666666666666,1,4,0.2,0.8,6,0,1.0,0.0,0,0,0,0,4,2,0,0
scenario1,200,scenario1__H200__eta-constant__states-exogenous,cfg_05dcd430b3e055c29664,run_99d9d122eae3a9c1,1,42,constant,constant_eta0_0p15,True,0.35,0.85,0.15,,0.02,0.75,0.99,0.01,A,opposed_binary_state_preferences_v1,binary_stay_switch_a0_0p1_a1_0p9_v1__exogenous,7,A,A,0.99,0.39074697953125,0.01,0.99,0.08079313589591118,0.9652799091463218,0.3697053355779183,contextual,0.03941067115583663,0.9605893288441634,a0,a1,0,AI,a1,AI,0.0,0.15,False,True,1.0,0.0,0.05803184,0.05803184,2.353888776712922,0.0,2.353888776712922,2,5,0.2857142857142857,0.7142857142857143,0,6,1,0.0,0.8571428571428571,0.14285714285714285,1,5,0.16666666666666666,0.8333333333333334,7,0,1.0,0.0,0,0,0,0,4,3,0,0
scenario1,200,scenario1__H200__eta-constant__states-exogenous,cfg_05dcd430b3e055c29664,run_99d9d122eae3a9c1,1,42,constant,constant_eta0_0p15,True,0.35,0.85,0.15,,0.02,0.75,0.99,0.01,A,opposed_binary_state_preferences_v1,binary_stay_switch_a0_0p1_a1_0p9_v1__exogenous,8,A,A,0.99,0.33213493260156246,0.01,0.99,0.08079313589591118,0.9170927686407215,0.4248505960080663,contextual,0.14970119201613263,0.8502988079838674,a0,a1,0,AI,a1,AI,0.0,0.15,False,True,1.0,0.0,0.0768712032,0.0768712032,2.747762416709344,0.0,2.747762416709344,2,6,0.25,0.75,0,7,1,0.0,0.875,0.125,1,6,0.14285714285714285,0.8571428571428571,8,0,1.0,0.0,0,0,0,0,4,4,0,0
scenario1,200,scenario1__H200__eta-constant__states-exogenous,cfg_05dcd430b3e055c29664,run_99d9d122eae3a9c1,1,42,constant,constant_eta0_0p15,True,0.35,0.85,0.15,,0.02,0.75,0.99,0.01,A,opposed_binary_state_preferences_v1,binary_stay_switch_a0_0p1_a1_0p9_v1__exogenous,9,A,A,0.99,0.2823146927113281,0.01,0.99,0.08079313589591118,0.858585602888303,0.4761373518161679,contextual,0.25227470363233584,0.7477252963676642,a0,a1,0,AI,a1,AI,0.0,0.15,False,True,1.0,0.0,0.09533377913600001,0.09533377913600001,3.040213594406688,0.0,3.040213594406688,2,7,0.2222222222222222,0.7777777777777778,0,8,1,0.0,0.8888888888888888,0.1111111111111111,1,7,0.125,0.875,9,0,1.0,0.0,0,0,0,0,4,5,0,0
scenario1,200,scenario1__H200__eta-constant__states-exogenous,cfg_05dcd430b3e055c29664,run_99d9d122eae3a9c1,1,42,constant,constant_eta0_0p15,True,0.35,0.85,0.15,,0.02,0.75,0.99,0.01,A,opposed_binary_state_preferences_v1,binary_stay_switch_a0_0p1_a1_0p9_v1__exogenous,10,A,A,0.99,0.23996748880462887,0.01,0.99,0.08079313589591118,0.7949862102238795,0.5236182613205675,contextual,0.34723652264113514,0.6527634773588649,a0,a1,0,AI,a1,AI,0.0,0.15,False,True,1.0,0.0,0.11342710355328,0.11342710355328,3.257358593846966,0.0,3.257358593846966,2,8,0.2,0.8,0,9,1,0.0,0.9,0.1,1,8,0.1111111111111111,0.8888888888888888,10,0,1.0,0.0,0,0,0,0,4,6,0,0
scenario1,200,scenario1__H200__eta-constant__states-exogenous,cfg_05dcd430b3e055c29664,run_99d9d122eae3a9c1,1,42,constant,constant_eta0_0p15,True,0.35,0.85,0.15,,0.02,0.75,0.99,0.01,A,opposed_binary_state_preferences_v1,binary_stay_switch_a0_0p1_a1_0p9_v1__exogenous,11,A,A,0.99,0.20397236548393455,0.01,0.99,0.08079313589591118,0.7298020338581397,0.5673887020303323,contextual,0.4347774040606647,0.5652225959393353,a0,a1,0,AI,a1,AI,0.0,0.15,False,True,1.0,0.0,0.13115856148221441,0.13115856148221441,3.4185887559313723,0.0,3.4185887559313723,2,9,0.18181818181818182,0.8181818181818182,0,10,1,0.0,0.9090909090909091,0.09090909090909091,1,9,0.1,0.9,11,0,1.0,0.0,0,0,0,0,4,7,0,0
scenario1,200,scenario1__H200__eta-constant__states-exogenous,cfg_05dcd430b3e055c29664,run_99d9d122eae3a9c1,1,42,constant,constant_eta0_0p15,True,0.35,0.85,0.15,,0.02,0.75,0.99,0.01,A,opposed_binary_state_preferences_v1,binary_stay_switch_a0_0p1_a1_0p9_v1__exogenous,12,A,A,0.99,0.17337651066134435,0.01,0.99,0.08079313589591118,0.665370824567997,0.607577312634706,contextual,0.5151546252694121,0.48484537473058786,a0,a1,1,H,a0,H,0.0,0.15,False,True,1.0,0.052356083152746855,0.03439180285988299,0.052356083152746855,3.538302151279044,0.0,3.538302151279044,3,9,0.25,0.75,0,11,1,0.0,0.9166666666666666,0.08333333333333333,2,9,0.18181818181818182,0.8181818181818182,12,0,1.0,0.0,0,0,0,0,5,7,0,0
scenario1,200,scenario1__H200__eta-constant__states-exogenous,cfg_05dcd430b3e055c29664,run_99d9d122eae3a9c1,1,42,constant,constant_eta0_0p15,True,0.35,0.85,0.15,,0.02,0.75,0.99,0.01,A,opposed_binary_state_preferences_v1,binary_stay_switch_a0_0p1_a1_0p9_v1__exogenous,13,A,A,0.99,0.2973700340621427,0.01,0.99,0.08079313589591118,0.878052250041601,0.46015907686177926,contextual,0.22031815372355856,0.7796818462764414,a0,a0,0,AI,a0,AI,0.0,0.15,False,True,0.0,0.05130896148969192,0.05370396680268533,0.05370396680268533,2.62718934732469,0.0,2.62718934732469,3,10,0.23076923076923078,0.7692307692307693,0,12,1,0.0,0.9230769230769231,0.07692307692307693,2,10,0.16666666666666666,0.8333333333333334,13,0,1.0,0.0,0,0,0,0,6,7,0,0
scenario1,200,scenario1__H200__eta-constant__states-exogenous,cfg_05dcd430b3e055c29664,run_99d9d122eae3a9c1,1,42,constant,constant_eta0_0p15,True,0.35,0.85,0.15,,0.02,0.75,0.99,0.01,A,opposed_binary_state_preferences_v1,binary_stay_switch_a0_0p1_a1_0p9_v1__exogenous,14,A,A,0.99,0.4027645289528213,0.01,0.99,0.08079313589591118,0.9725447869504067,0.35899937558103845,contextual,0.017998751162076942,0.9820012488379231,a0,a1,0,AI,a1,AI,0.0,0.15,False,True,1.0,0.0,0.14344538879856836,0.14344538879856836,2.9506880903885824,0.0,2.9506880903885824,3,11,0.21428571428571427,0.7857142857142857,0,13,1,0.0,0.9285714285714286,0.07142857142857142,2,11,0.15384615384615385,0.8461538461538461,14,0,1.0,0.0,0,0,0,0,6,8,0,0
scenario1,200,scenario1__H200__eta-constant__states-exogenous,cfg_05dcd430b3e055c29664,run_99d9d122eae3a9c1,1,42,constant,constant_eta0_0p15,True,0.35,0.85,0.15,,0.02,0.75,0.99,0.01,A,opposed_binary_state_preferences_v1,binary_stay_switch_a0_0p1_a1_0p9_v1__exogenous,15,A,A,0.99,0.34234984960989806,0.01,0.99,0.08079313589591118,0.9270496191426881,0.4148654136587982,contextual,0.12973082731759644,0.8702691726824036,a0,a1,0,AI,a1,AI,0.0,0.15,False,True,1.0,0.0,0.16057648102259697,0.16057648102259697,3.1908859071135223,0.0,3.1908859071135223,3,12,0.2,0.8,0,14,1,0.0,0.9333333333333333,0.06666666666666667,2,12,0.14285714285714285,0.8571428571428571,15,0,1.0,0.0,0,0,0,0,6,9,0,0
scenario1,200,scenario1__H200__eta-constant__states-exogenous,cfg_05dcd430b3e055c29664,run_99d9d122eae3a9c1,1,42,constant,constant_eta0_0p15,True,0.35,0.85,0.15,,0.02,0.75,0.99,0.01,A,opposed_binary_state_preferences_v1,binary_stay_switch_a0_0p1_a1_0p9_v1__exogenous,16,A,A,0.99,0.29099737216841337,0.01,0.99,0.08079313589591118,0.8700061352788931,0.4668688280560979,contextual,0.23373765611219588,0.7662623438878041,a0,a0,0,AI,a0,AI,0.0,0.15,False,True,0.0,0.04829158408240611,0.07054574392295301,0.07054574392295301,2.36923278603179,0.0,2.36923278603179,3,13,0.1875,0.8125,0,15,1,0.0,0.9375,0.0625,2,13,0.13333333333333333,0.8666666666666667,16,0,1.0,0.0,0,0,0,0,7,9,0,0
scenario1,200,scenario1__H200__eta-constant__states-exogenous,cfg_05dcd430b3e055c29664,run_99d9d122eae3a9c1,1,42,constant,constant_eta0_0p15,True,0.35,0.85,0.15,,0.02,0.75,0.99,0.01,A,opposed_binary_state_preferences_v1,binary_stay_switch_a0_0p1_a1_0p9_v1__exogenous,17,A,A,0.99,0.3973477663431514,0.01,0.99,0.08079313589591118,0.9693779789994852,0.36380141620977413,contextual,0.027602832419548307,0.9723971675804517,a0,a0,0,AI,a0,AI,0.0,0.15,False,True,0.0,0.04732575240075799,0.08913482904449396,0.08913482904449396,1.759155343628604,0.0,1.759155343628604,3,14,0.17647058823529413,0.8235294117647058,0,16,1,0.0,0.9411764705882353,0.058823529411764705,2,14,0.125,0.875,17,0,1.0,0.0,0,0,0,0,8,9,0,0
scenario1,200,scenario1__H200__eta-constant__states-exogenous,cfg_05dcd430b3e055c29664,run_99d9d122eae3a9c1,1,42,constant,constant_eta0_0p15,True,0.35,0.85,0.15,,0.02,0.75,0.99,0.01,A,opposed_binary_state_preferences_v1,binary_stay_switch_a0_0p1_a1_0p9_v1__exogenous,18,A,A,0.99,0.48774560139167866,0.01,0.99,0.08079313589591118,0.999566656758756,0.2882626760910014,agreement,,,a0,a1,0,AI,a1,AI,0.15,0.15,True,True,1.0,0.0,0.17113329932662008,0.17113329932662008,2.3061728426442385,0.0,2.3061728426442385,3,15,0.16666666666666666,0.8333333333333334,1,16,1,0.05555555555555555,0.8888888888888888,0.05555555555555555,2,14,0.125,0.875,18,0,1.0,0.0,0,1,0,0,8,10,0,0
scenario1,200,scenario1__H200__eta-constant__states-exogenous,cfg_05dcd430b3e055c29664,run_99d9d122eae3a9c1,1,42,constant,constant_eta0_0p15,True,0.35,0.85,0.15,,0.02,0.75,0.99,0.01,A,opposed_binary_state_preferences_v1,binary_stay_switch_a0_0p1_a1_0p9_v1__exogenous,19,A,A,0.8415,0.41458376118292684,0.01,0.99,0.6307089716758388,0.9788447763625078,0.14738685799805723,agreement,,,a0,a1,0,AI,a1,AI,0.15,0.15,True,True,1.0,0.0,0.18771063334008767,0.18771063334008767,2.712333335663347,0.0,2.712333335663347,3,16,0.15789473684210525,0.8421052631578947,2,16,1,0.10526315789473684,0.8421052631578947,0.05263157894736842,2,14,0.125,0.875,19,0,1.0,0.0,0,2,0,0,8,11,0,0
scenario1,200,scenario1__H200__eta-constant__states-exogenous,cfg_05dcd430b3e055c29664,run_99d9d122eae3a9c1,1,42,constant,constant_eta0_0p15,True,0.35,0.85,0.15,,0.02,0.75,0.99,0.01,A,opposed_binary_state_preferences_v1,binary_stay_switch_a0_0p1_a1_0p9_v1__exogenous,20,A,A,0.715275,0.3523961970054878,0.01,0.99,0.8618093423191218,0.9361898758249567,0.0976945328162061,agreement,,,a0,a0,0,AI,a0,AI,0.15,0.15,True,True,0.0,0.044542619553574206,0.10389298801804536,0.10389298801804536,2.013907501730035,0.0,2.013907501730035,3,17,0.15,0.85,3,16,1,0.15,0.8,0.05,2,14,0.125,0.875,20,0,1.0,0.0,1,2,0,0,9,11,0,0
scenario1,200,scenario1__H200__eta-constant__states-exogenous,cfg_05dcd430b3e055c29664,run_99d9d122eae3a9c1,1,42,constant,constant_eta0_0p15,True,0.35,0.85,0.15,,0.02,0.75,0.99,0.01,A,opposed_binary_state_preferences_v1,binary_stay_switch_a0_0p1_a1_0p9_v1__exogenous,21,A,A,0.75798375,0.44953676745466464,0.01,0.99,0.7983771861200732,0.9926397196477093,0.07319998831788799,agreement,,,a0,a1,0,AI,a1,AI,0.15,0.15,True,True,1.0,0.0,0.2002772922598202,0.2002772922598202,2.4953263200345512,0.0,2.4953263200345512,3,18,0.14285714285714285,0.8571428571428571,4,16,1,0.19047619047619047,0.7619047619047619,0.047619047619047616,2,14,0.125,0.875,21,0,1.0,0.0,1,3,0,0,9,12,0,0
scenario1,200,scenario1__H200__eta-constant__states-exogenous,cfg_05dcd430b3e055c29664,run_99d9d122eae3a9c1,1,42,constant,constant_eta0_0p15,True,0.35,0.85,0.15,,0.02,0.75,0.99,0.01,A,opposed_binary_state_preferences_v1,binary_stay_switch_a0_0p1_a1_0p9_v1__exogenous,22,A,A,0.6442861875,0.38210625233646495,0.01,0.99,0.9390677131911751,0.9595160293679963,0.05020560790753659,agreement,,,a0,a1,0,AI,a1,AI,0.15,0.15,True,True,1.0,0.0,0.21627174641462377,0.21627174641462377,2.8527797926256544,0.0,2.8527797926256544,3,19,0.13636363636363635,0.8636363636363636,5,16,1,0.22727272727272727,0.7272727272727273,0.045454545454545456,2,14,0.125,0.875,22,0,1.0,0.0,1,4,0,0,9,13,0,0
scenario1,200,scenario1__H200__eta-constant__states-exogenous,cfg_05dcd430b3e055c29664,run_99d9d122eae3a9c1,1,42,constant,constant_eta0_0p15,True,0.35,0.85,0.15,,0.02,0.75,0.99,0.01,A,opposed_binary_state_preferences_v1,binary_stay_switch_a0_0p1_a1_0p9_v1__exogenous,23,A,A,0.547643259375,0.3247903144859952,0.01,0.99,0.9934405630794164,0.9095148755140978,0.036751606670677284,agreement,,,a0,a0,0,AI,a0,AI,0.15,0.15,True,True,0.0,0.04192315718286761,0.11778324917868015,0.11778324917868015,2.118188996024548,0.0,2.118188996024548,3,20,0.13043478260869565,0.8695652173913043,6,16,1,0.2608695652173913,0.6956521739130435,0.043478260869565216,2,14,0.125,0.875,23,0,1.0,0.0,2,4,0,0,10,13,0,0
scenario1,200,scenario1__H200__eta-constant__states-exogenous,cfg_05dcd430b3e055c29664,run_99d9d122eae3a9c1,1,42,constant,constant_eta0_0p15,True,0.35,0.85,0.15,,0.02,0.75,0.99,0.01,A,opposed_binary_state_preferences_v1,binary_stay_switch_a0_0p1_a1_0p9_v1__exogenous,24,A,A,0.61549677046875,0.426071767313096,0.01,0.99,0.9611605171736998,0.9841722694448896,0.026086799838259234,agreement,,,a0,a0,0,AI,a0,AI,0.15,0.15,True,True,0.0,0.04108469403921026,0.13542758419510653,0.13542758419510653,1.572755329548227,0.0,1.572755329548227,3,21,0.125,0.875,7,16,1,0.2916666666666667,0.6666666666666666,0.041666666666666664,2,14,0.125,0.875,24,0,1.0,0.0,3,4,0,0,11,13,0,0
scenario1,200,scenario1__H200__eta-constant__states-exogenous,cfg_05dcd430b3e055c29664,run_99d9d122eae3a9c1,1,42,constant,constant_eta0_0p15,True,0.35,0.85,0.15,,0.02,0.75,0.99,0.01,A,opposed_binary_state_preferences_v1,binary_stay_switch_a0_0p1_a1_0p9_v1__exogenous,25,A,A,0.6731722548984375,0.5121610022161316,0.01,0.99,0.9116524102255121,0.9995732376515022,0.019466203123055192,agreement,,,a0,a0,0,AI,a0,AI,0.15,0.15,True,True,0.0,0.04026300015842605,0.1527190325112044,0.1527190325112044,1.1677708321895586,0.0,1.1677708321895586,3,22,0.12,0.88,8,16,1,0.32,0.64,0.04,2,14,0.125,0.875,25,0,1.0,0.0,4,4,0,0,12,13,0,0
scenario1,200,scenario1__H200__eta-constant__states-exogenous,cfg_05dcd430b3e055c29664,run_99d9d122eae3a9c1,1,42,constant,constant_eta0_0p15,True,0.35,0.85,0.15,,0.02,0.75,0.99,0.01,A,opposed_binary_state_preferences_v1,binary_stay_switch_a0_0p1_a1_0p9_v1__exogenous,26,A,A,0.7221964166636718,0.5853368518837119,0.01,0.99,0.8524407495174972,0.9788842763801179,0.014996558247271252,agreement,,,a0,a1,0,AI,a1,AI,0.15,0.15,True,True,1.0,0.0,0.2194821728004431,0.2194821728004431,1.8670698429007473,0.0,1.8670698429007473,3,23,0.11538461538461539,0.8846153846153846,9,16,1,0.34615384615384615,0.6153846153846154,0.038461538461538464,2,14,0.125,0.875,26,0,1.0,0.0,4,5,0,0,12,14,0,0
scenario1,200,scenario1__H200__eta-constant__states-exogenous,cfg_05dcd430b3e055c29664,run_99d9d122eae3a9c1,1,42,constant,constant_eta0_0p15,True,0.35,0.85,0.15,,0.02,0.75,0.99,0.01,A,opposed_binary_state_preferences_v1,binary_stay_switch_a0_0p1_a1_0p9_v1__exogenous,27,A,A,0.6138669541641211,0.49753632410115506,0.01,0.99,0.962258671868015,0.9999824864800266,0.009908389910065374,agreement,,,a1,a1,0,AI,a1,AI,0.15,0.15,True,True,1.0,0.0,0.23509252934443423,0.23509252934443423,2.3862993583538046,0.0,2.3862993583538046,3,24,0.1111111111111111,0.8888888888888888,10,16,1,0.37037037037037035,0.5925925925925926,0.037037037037037035,2,14,0.125,0.875,27,0,1.0,0.0,4,6,0,0,12,15,0,0
scenario1,200,scenario1__H200__eta-constant__states-exogenous,cfg_05dcd430b3e055c29664,run_99d9d122eae3a9c1,1,42,constant,constant_eta0_0p15,True,0.35,0.85,0.15,,0.02,0.75,0.99,0.01,A,opposed_binary_state_preferences_v1,binary_stay_switch_a0_0p1_a1_0p9_v1__exogenous,28,A,A,0.5217869110395029,0.42290587548598185,0.01,0.99,0.9986299596173148,0.9827820664643667,0.007086339488895976,agreement,,,a1,a0,0,AI,a0,AI,0.15,0.15,True,True,0.0,0.037895213645109324,0.16373793164728548,0.16373793164728548,2.7718272735777,0.0,2.7718272735777,3,25,0.10714285714285714,0.8928571428571429,11,16,1,0.39285714285714285,0.5714285714285714,0.03571428571428571,2,14,0.125,0.875,28,0,1.0,0.0,5,6,0,0,13,15,0,0
scenario1,200,scenario1__H200__eta-constant__states-exogenous,cfg_05dcd430b3e055c29664,run_99d9d122eae3a9c1,1,42,constant,constant_eta0_0p15,True,0.35,0.85,0.15,,0.02,0.75,0.99,0.01,A,opposed_binary_state_preferences_v1,binary_stay_switch_a0_0p1_a1_0p9_v1__exogenous,29,A,A,0.5935188743835774,0.5094699941630846,0.01,0.99,0.9746157821107393,0.999741220466601,0.005156793637264179,agreement,,,a0,a1,0,AI,a1,AI,0.15,0.15,True,True,1.0,0.0,0.24578286518239462,0.24578286518239462,3.058081750631442,0.0,3.058081750631442,3,26,0.10344827586206896,0.896551724137931,12,16,1,0.41379310344827586,0.5517241379310345,0.034482758620689655,2,14,0.125,0.875,29,0,1.0,0.0,5,7,0,0,13,16,0,0
scenario1,200,scenario1__H200__eta-constant__states-exogenous,cfg_05dcd430b3e055c29664,run_99d9d122eae3a9c1,1,42,constant,constant_eta0_0p15,True,0.35,0.85,0.15,,0.02,0.75,0.99,0.01,A,opposed_binary_state_preferences_v1,binary_stay_switch_a0_0p1_a1_0p9_v1__exogenous,30,A,A,0.5044910432260409,0.4330494950386219,0.01,0.99,0.9999418024308903,0.9870276857102539,0.0036993136763603385,agreement,,,a0,a1,0,AI,a1,AI,0.15,0.15,True,True,1.0,0.0,0.26086720787874673,0.26086720787874673,3.270625699843846,0.0,3.270625699843846,3,27,0.1,0.9,13,16,1,0.43333333333333335,0.5333333333333333,0.03333333333333333,2,14,0.125,0.875,30,0,1.0,0.0,5,8,0,0,13,17,0,0
scenario1,200,scenario1__H200__eta-constant__states-exogenous,cfg_05dcd430b3e055c29664,run_99d9d122eae3a9c1,1,42,constant,constant_eta0_0p15,True,0.35,0.85,0.15,,0.02,0.75,0.99,0.01,A,opposed_binary_state_preferences_v1,binary_stay_switch_a0_0p1_a1_0p9_v1__exogenous,31,A,A,0.4288173867421347,0.3680920707828286,0.01,0.99,0.9853300397174543,0.9491958610490796,0.002776538252784566,agreement,,,a1,a1,0,AI,a1,AI,0.15,0.15,True,True,1.0,0.0,0.2756498637211718,0.2756498637211718,3.4284395821340556,0.0,3.4284395821340556,3,28,0.0967741935483871,0.9032258064516129,14,16,1,0.45161290322580644,0.5161290322580645,0.03225806451612903,2,14,0.125,0.875,31,0,1.0,0.0,5,9,0,0,13,18,0,0
scenario1,200,scenario1__H200__eta-constant__states-exogenous,cfg_05dcd430b3e055c29664,run_99d9d122eae3a9c1,1,42,constant,constant_eta0_0p15,True,0.35,0.85,0.15,,0.02,0.75,0.99,0.01,A,opposed_binary_state_preferences_v1,binary_stay_switch_a0_0p1_a1_0p9_v1__exogenous,32,A,A,0.36449477873081454,0.31287826016540426,0.01,0.99,0.9463510539958369,0.8964680245111961,0.0021467057622345798,agreement,,,a0,a1,0,AI,a1,AI,0.15,0.15,True,True,1.0,0.0,0.29013686644674835,0.29013686644674835,3.545616389734536,0.0,3.545616389734536,3,29,0.09375,0.90625,15,16,1,0.46875,0.5,0.03125,2,14,0.125,0.875,32,0,1.0,0.0,5,10,0,0,13,19,0,0
scenario1,200,scenario1__H200__eta-constant__states-exogenous,cfg_05dcd430b3e055c29664,run_99d9d122eae3a9c1,1,42,constant,constant_eta0_0p15,True,0.35,0.85,0.15,,0.02,0.75,0.99,0.01,A,opposed_binary_state_preferences_v1,binary_stay_switch_a0_0p1_a1_0p9_v1__exogenous,33,A,A,0.30982056192119234,0.26594652114059364,0.01,0.99,0.8929662193581263,0.8355878246929831,0.0016945392080640609,agreement,,,a0,a0,0,AI,a0,AI,0.15,0.15,True,True,0.0,0.034254271712993445,0.1680061216409982,0.1680061216409982,2.6326201693778932,0.0,2.6326201693778932,3,30,0.09090909090909091,0.9090909090909091,16,16,1,0.48484848484848486,0.48484848484848486,0.030303030303030304,2,14,0.125,0.875,33,0,1.0,0.0,6,10,0,0,14,19,0,0
scenario1,200,scenario1__H200__eta-constant__states-exogenous,cfg_05dcd430b3e055c29664,run_99d9d122eae3a9c1,1,42,constant,constant_eta0_0p15,True,0.35,0.85,0.15,,0.02,0.75,0.99,0.01,A,opposed_binary_state_preferences_v1,binary_stay_switch_a0_0p1_a1_0p9_v1__exogenous,34,A,A,0.4133474776330135,0.37605454296950463,0.01,0.99,0.9782248115399004,0.9552077434462392,0.001050085009922208,agreement,,,a1,a1,0,AI,a1,AI,0.15,0.15,True,True,1.0,0.0,0.2986474465354571,0.2986474465354571,2.954720475763086,0.0,2.954720475763086,3,31,0.08823529411764706,0.9117647058823529,17,16,1,0.5,0.47058823529411764,0.029411764705882353,2,14,0.125,0.875,34,0,1.0,0.0,6,11,0,0,14,20,0,0
scenario1,200,scenario1__H200__eta-constant__states-exogenous,cfg_05dcd430b3e055c29664,run_99d9d122eae3a9c1,1,42,constant,constant_eta0_0p15,True,0.35,0.85,0.15,,0.02,0.75,0.99,0.01,A,opposed_binary_state_preferences_v1,binary_stay_switch_a0_0p1_a1_0p9_v1__exogenous,35,A,A,0.35134535598806144,0.31964636152407894,0.01,0.99,0.9352638367191675,0.9039964743652863,0.0008130399990963766,agreement,,,a1,a1,0,AI,a1,AI,0.15,0.15,True,True,1.0,0.0,0.31267449760474797,0.31267449760474797,3.193879953254091,0.0,3.193879953254091,3,32,0.08571428571428572,0.9142857142857143,18,16,1,0.5142857142857142,0.45714285714285713,0.02857142857142857,2,14,0.125,0.875,35,0,1.0,0.0,6,12,0,0,14,21,0,0
scenario1,200,scenario1__H200__eta-constant__states-exogenous,cfg_05dcd430b3e055c29664,run_99d9d122eae3a9c1,1,42,constant,constant_eta0_0p15,True,0.35,0.85,0.15,,0.02,0.75,0.99,0.01,A,opposed_binary_state_preferences_v1,binary_stay_switch_a0_0p1_a1_0p9_v1__exogenous,36,A,A,0.29864355258985226,0.2716994072954671,0.01,0.99,0.8796264625320246,0.8438926231690516,0.0006424336916432405,agreement,,,a1,a1,0,AI,a1,AI,0.15,0.15,True,True,1.0,0.0,0.32642100765265303,0.32642100765265303,3.371455865291163,0.0,3.371455865291163,3,33,0.08333333333333333,0.9166666666666666,19,16,1,0.5277777777777778,0.4444444444444444,0.027777777777777776,2,14,0.125,0.875,36,0,1.0,0.0,6,13,0,0,14,22,0,0
scenario1,200,scenario1__H200__eta-constant__states-exogenous,cfg_05dcd430b3e055c29664,run_99d9d122eae3a9c1,1,42,constant,constant_eta0_0p15,True,0.35,0.85,0.15,,0.02,0.75,0.99,0.01,A,opposed_binary_state_preferences_v1,binary_stay_switch_a0_0p1_a1_0p9_v1__exogenous,37,A,A,0.2538470197013744,0.23094449620114701,0.01,0.99,0.8173187627182188,0.7796541425140074,0.0005152408640172745,agreement,,,a1,a1,0,AI,a1,AI,0.15,0.15,True,True,1.0,0.0,0.3398925874996,0.3398925874996,3.5033059799786885,0.0,3.5033059799786885,3,34,0.08108108108108109,0.918918918918919,20,16,1,0.5405405405405406,0.43243243243243246,0.02702702702702703,2,14,0.125,0.875,37,0,1.0,0.0,6,14,0,0,14,23,0,0
scenario1,200,scenario1__H200__eta-constant__states-exogenous,cfg_05dcd430b3e055c29664,run_99d9d122eae3a9c1,1,42,constant,constant_eta0_0p15,True,0.35,0.85,0.15,,0.02,0.75,0.99,0.01,A,opposed_binary_state_preferences_v1,binary_stay_switch_a0_0p1_a1_0p9_v1__exogenous,38,A,A,0.21576996674616825,0.19630282177097497,0.01,0.99,0.7523680199645115,0.7144718245500536,0.00041790266265884224,agreement,,,a1,a1,0,AI,a1,AI,0.15,0.15,True,True,1.0,0.0,0.35309473574960804,0.35309473574960804,3.6012046901341765,0.0,3.6012046901341765,3,35,0.07894736842105263,0.9210526315789473,21,16,1,0.5526315789473685,0.42105263157894735,0.02631578947368421,2,14,0.125,0.875,38,0,1.0,0.0,6,15,0,0,14,24,0,0
scenario1,200,scenario1__H200__eta-constant__states-exogenous,cfg_05dcd430b3e055c29664,run_99d9d122eae3a9c1,1,42,constant,constant_eta0_0p15,True,0.35,0.85,0.15,,0.02,0.75,0.99,0.01,A,opposed_binary_state_preferences_v1,binary_stay_switch_a0_0p1_a1_0p9_v1__exogenous,39,A,A,0.183404471734243,0.1668573985053287,0.01,0.99,0.6874683914980084,0.6504650983809664,0.0003419114717674865,agreement,,,a1,a1,0,AI,a1,AI,0.15,0.15,True,True,1.0,0.0,0.36603284103461586,0.36603284103461586,3.6738944824246262,0.0,3.6738944824246262,3,36,0.07692307692307693,0.9230769230769231,22,16,1,0.5641025641025641,0.41025641025641024,0.02564102564102564,2,14,0.125,0.875,39,0,1.0,0.0,6,16,0,0,14,25,0,0
scenario1,200,scenario1__H200__eta-constant__states-exogenous,cfg_05dcd430b3e055c29664,run_99d9d122eae3a9c1,1,42,constant,constant_eta0_0p15,True,0.35,0.85,0.15,,0.02,0.75,0.99,0.01,A,opposed_binary_state_preferences_v1,binary_stay_switch_a0_0p1_a1_0p9_v1__exogenous,40,A,A,0.15589380097410654,0.1418287887295294,0.01,0.99,0.6243950928036565,0.5890082794120047,0.00028165728001627865,agreement,,,a1,a1,0,AI,a1,AI,0.15,0.15,True,True,1.0,0.0,0.37871218421392355,0.37871218421392355,3.727866653200285,0.0,3.727866653200285,3,37,0.075,0.925,23,16,1,0.575,0.4,0.025,2,14,0.125,0.875,40,0,1.0,0.0,6,17,0,0,14,26,0,0
scenario1,200,scenario1__H200__eta-constant__states-exogenous,cfg_05dcd430b3e055c29664,run_99d9d122eae3a9c1,1,42,constant,constant_eta0_0p15,True,0.35,0.85,0.15,,0.02,0.75,0.99,0.01,A,opposed_binary_state_preferences_v1,binary_stay_switch_a0_0p1_a1_0p9_v1__exogenous,41,A,A,0.13250973082799056,0.12055447042009998,0.01,0.99,0.5642811758625147,0.5309525760861371,0.00023329025652757407,agreement,,,a1,a0,0,AI,a0,AI,0.15,0.15,True,True,0.0,0.02914226773888406,0.16293339585953875,0.16293339585953875,3.7679409900012115,0.0,3.7679409900012115,3,38,0.07317073170731707,0.926829268292683,24,16,1,0.5853658536585366,0.3902439024390244,0.024390243902439025,2,14,0.125,0.875,41,0,1.0,0.0,7,17,0,0,15,26,0,0
scenario1,200,scenario1__H200__eta-constant__states-exogenous,cfg_05dcd430b3e055c29664,run_99d9d122eae3a9c1,1,42,constant,constant_eta0_0p15,True,0.35,0.85,0.15,,0.02,0.75,0.99,0.01,A,opposed_binary_state_preferences_v1,binary_stay_switch_a0_0p1_a1_0p9_v1__exogenous,42,A,A,0.262633271203792,0.25247129985708494,0.01,0.99,0.8306940738212266,0.8151715973664256,9.739372852757278e-05,agreement,,,a0,a1,0,AI,a1,AI,0.15,0.15,True,True,1.0,0.0,0.38371518171905217,0.38371518171905217,3.7976961850758997,0.0,3.7976961850758997,3,39,0.07142857142857142,0.9285714285714286,25,16,1,0.5952380952380952,0.38095238095238093,0.023809523809523808,2,14,0.125,0.875,42,0,1.0,0.0,7,18,0,0,15,27,0,0
scenario1,200,scenario1__H200__eta-constant__states-exogenous,cfg_05dcd430b3e055c29664,run_99d9d122eae3a9c1,1,42,constant,constant_eta0_0p15,True,0.35,0.85,0.15,,0.02,0.75,0.99,0.01,A,opposed_binary_state_preferences_v1,binary_stay_switch_a0_0p1_a1_0p9_v1__exogenous,43,A,A,0.22323828052322317,0.2146006048785222,0.01,0.99,0.7660365805327772,0.7501850852813671,7.869020287565309e-05,agreement,,,a0,a0,0,AI,a0,AI,0.15,0.15,True,True,0.0,0.027988233936424252,0.176481233383501,0.176481233383501,2.8197894174188556,0.0,2.8197894174188556,3,40,0.06976744186046512,0.9302325581395349,26,16,1,0.6046511627906976,0.37209302325581395,0.023255813953488372,2,14,0.125,0.875,43,0,1.0,0.0,8,18,0,0,16,27,0,0
scenario1,200,scenario1__H200__eta-constant__states-exogenous,cfg_05dcd430b3e055c29664,run_99d9d122eae3a9c1,1,42,constant,constant_eta0_0p15,True,0.35,0.85,0.15,,0.02,0.75,0.99,0.01,A,opposed_binary_state_preferences_v1,binary_stay_switch_a0_0p1_a1_0p9_v1__exogenous,44,A,A,0.3397525384447397,0.33241051414674383,0.01,0.99,0.9245817043967115,0.9173702492572058,4.356756325618605e-05,agreement,,,a0,a1,0,AI,a1,AI,0.15,0.15,True,True,1.0,0.0,0.3885200605229777,0.3885200605229777,3.0936936424335,0.0,3.0936936424335,3,41,0.06818181818181818,0.9318181818181818,27,16,1,0.6136363636363636,0.36363636363636365,0.022727272727272728,2,14,0.125,0.875,44,0,1.0,0.0,8,19,0,0,16,28,0,0
scenario1,200,scenario1__H200__eta-constant__states-exogenous,cfg_05dcd430b3e055c29664,run_99d9d122eae3a9c1,1,42,constant,constant_eta0_0p15,True,0.35,0.85,0.15,,0.02,0.75,0.99,0.01,A,opposed_binary_state_preferences_v1,binary_stay_switch_a0_0p1_a1_0p9_v1__exogenous,45,A,A,0.2887896576780287,0.28254893702473227,0.01,0.99,0.8671526306814737,0.8589007114658304,3.441895801692407e-05,agreement,,,a1,a1,0,AI,a1,AI,0.15,0.15,True,True,1.0,0.0,0.40074965931251816,0.40074965931251816,3.297067529506874,0.0,3.297067529506874,3,42,0.06666666666666667,0.9333333333333333,28,16,1,0.6222222222222222,0.35555555555555557,0.022222222222222223,2,14,0.125,0.875,45,0,1.0,0.0,8,20,0,0,16,29,0,0
scenario1,200,scenario1__H200__eta-constant__states-exogenous,cfg_05dcd430b3e055c29664,run_99d9d122eae3a9c1,1,42,constant,constant_eta0_0p15,True,0.35,0.85,0.15,,0.02,0.75,0.99,0.01,A,opposed_binary_state_preferences_v1,binary_stay_switch_a0_0p1_a1_0p9_v1__exogenous,46,A,A,0.2454712090263244,0.24016659647102243,0.01,0.99,0.804020933959252,0.7953172137426244,2.7600464367449895e-05,agreement,,,a1,a1,0,AI,a1,AI,0.15,0.15,True,True,1.0,0.0,0.4127346661262678,0.4127346661262678,3.4480726406588538,0.0,3.4480726406588538,3,43,0.06521739130434782,0.9347826086956522,29,16,1,0.6304347826086957,0.34782608695652173,0.021739130434782608,2,14,0.125,0.875,46,0,1.0,0.0,8,21,0,0,16,30,0,0
scenario1,200,scenario1__H200__eta-constant__states-exogenous,cfg_05dcd430b3e055c29664,run_99d9d122eae3a9c1,1,42,constant,constant_eta0_0p15,True,0.35,0.85,0.15,,0.02,0.75,0.99,0.01,A,opposed_binary_state_preferences_v1,binary_stay_switch_a0_0p1_a1_0p9_v1__exogenous,47,A,A,0.20865052767237574,0.20414160700036907,0.01,0.99,0.7388953423782856,0.7301343722523854,2.2383679888493546e-05,agreement,,,a0,a1,0,AI,a1,AI,0.15,0.15,True,True,1.0,0.0,0.42447997280374244,0.42447997280374244,3.560193935689199,0.0,3.560193935689199,3,44,0.06382978723404255,0.9361702127659575,30,16,1,0.6382978723404256,0.3404255319148936,0.02127659574468085,2,14,0.125,0.875,47,0,1.0,0.0,8,22,0,0,16,31,0,0
scenario1,200,scenario1__H200__eta-constant__states-exogenous,cfg_05dcd430b3e055c29664,run_99d9d122eae3a9c1,1,42,constant,constant_eta0_0p15,True,0.35,0.85,0.15,,0.02,0.75,0.99,0.01,A,opposed_binary_state_preferences_v1,binary_stay_switch_a0_0p1_a1_0p9_v1__exogenous,48,A,A,0.17735294852151937,0.1735203659503137,0.01,0.99,0.674251908509828,0.6656948727054669,1.831177380146043e-05,agreement,,,a1,a1,0,AI,a1,AI,0.15,0.15,True,True,1.0,0.0,0.4359903733476676,0.4359903733476676,3.6434439972492303,0.0,3.6434439972492303,3,45,0.0625,0.9375,31,16,1,0.6458333333333334,0.3333333333333333,0.020833333333333332,2,14,0.125,0.875,48,0,1.0,0.0,8,23,0,0,16,32,0,0
scenario1,200,scenario1__H200__eta-constant__states-exogenous,cfg_05dcd430b3e055c29664,run_99d9d122eae3a9c1,1,42,constant,constant_eta0_0p15,True,0.35,0.85,0.15,,0.02,0.75,0.99,0.01,A,opposed_binary_state_preferences_v1,binary_stay_switch_a0_0p1_a1_0p9_v1__exogenous,49,A,A,0.15075000624329146,0.14749231105776664,0.01,0.99,0.6117140174839522,0.6035290695650584,1.5083628878365118e-05,agreement,,,a1,a1,0,AI,a1,AI,0.15,0.15,True,True,1.0,0.0,0.4472705658807143,0.4472705658807143,3.705257167957553,0.0,3.705257167957553,3,46,0.061224489795918366,0.9387755102040817,32,16,1,0.6530612244897959,0.32653061224489793,0.02040816326530612,2,14,0.125,0.875,49,0,1.0,0.0,8,24,0,0,16,33,0,0
scenario1,200,scenario1__H200__eta-constant__states-exogenous,cfg_05dcd430b3e055c29664,run_99d9d122eae3a9c1,1,42,constant,constant_eta0_0p15,True,0.35,0.85,0.15,,0.02,0.75,0.99,0.01,A,opposed_binary_state_preferences_v1,binary_stay_switch_a0_0p1_a1_0p9_v1__exogenous,50,A,A,0.12813750530679774,0.12536846439910165,0.01,0.99,0.5523080713327667,0.5445979588960583,1.2492678260478396e-05,agreement,,,a1,a0,0,AI,a0,AI,0.15,0.15,True,True,0.0,0.024297300510692246,0.17320786483909062,0.17320786483909062,3.751153447208483,0.0,3.751153447208483,3,47,0.06,0.94,33,16,1,0.66,0.32,0.02,2,14,0.125,0.875,50,0,1.0,0.0,9,24,0,0,17,33,0,0
scenario1,200,scenario1__H200__eta-constant__states-exogenous,cfg_05dcd430b3e055c29664,run_99d9d122eae3a9c1,1,42,constant,constant_eta0_0p15,True,0.35,0.85,0.15,,0.02,0.75,0.99,0.01,A,opposed_binary_state_preferences_v1,binary_stay_switch_a0_0p1_a1_0p9_v1__exogenous,51,A,A,0.2589168795107781,0.2565631947392364,0.01,0.99,0.8251075265381929,0.8215157746273944,5.222090471046492e-06,agreement,,,a1,a0,0,AI,a0,AI,0.15,0.15,True,True,0.0,0.0238113545004784,0.1897437075423088,0.1897437075423088,3.7852314345522986,0.0,3.7852314345522986,3,48,0.058823529411764705,0.9411764705882353,34,16,1,0.6666666666666666,0.3137254901960784,0.0196078431372549,2,14,0.125,0.875,51,0,1.0,0.0,10,24,0,0,18,33,0,0
scenario1,200,scenario1__H200__eta-constant__states-exogenous,cfg_05dcd430b3e055c29664,run_99d9d122eae3a9c1,1,42,constant,constant_eta0_0p15,True,0.35,0.85,0.15,,0.02,0.75,0.99,0.01,A,opposed_binary_state_preferences_v1,binary_stay_switch_a0_0p1_a1_0p9_v1__exogenous,52,A,A,0.3700793475841614,0.3680787155283509,0.01,0.99,0.9507329983864409,0.9491854481025419,3.099738569989352e-06,agreement,,,a0,a1,0,AI,a1,AI,0.15,0.15,True,True,1.0,0.0,0.4409674784424012,0.4409674784424012,3.8105343401550815,0.0,3.8105343401550815,3,49,0.057692307692307696,0.9423076923076923,35,16,1,0.6730769230769231,0.3076923076923077,0.019230769230769232,2,14,0.125,0.875,52,0,1.0,0.0,10,25,0,0,18,34,0,0
scenario1,200,scenario1__H200__eta-constant__states-exogenous,cfg_05dcd430b3e055c29664,run_99d9d122eae3a9c1,1,42,constant,constant_eta0_0p15,True,0.35,0.85,0.15,,0.02,0.75,0.99,0.01,A,opposed_binary_state_preferences_v1,binary_stay_switch_a0_0p1_a1_0p9_v1__exogenous,53,A,A,0.3145674454465372,0.3128669081990983,0.01,0.99,0.8983756249426689,0.896455140002191,2.4222324735978518e-06,agreement,,,a1,a1,0,AI,a1,AI,0.15,0.15,True,True,1.0,0.0,0.45214812887355316,0.45214812887355316,3.8293217475651478,0.0,3.8293217475651478,3,50,0.05660377358490566,0.9433962264150944,36,16,1,0.6792452830188679,0.3018867924528302,0.018867924528301886,2,14,0.125,0.875,53,0,1.0,0.0,10,26,0,0,18,35,0,0
scenario1,200,scenario1__H200__eta-constant__states-exogenous,cfg_05dcd430b3e055c29664,run_99d9d122eae3a9c1,1,42,constant,constant_eta0_0p15,True,0.35,0.85,0.15,,0.02,0.75,0.99,0.01,A,opposed_binary_state_preferences_v1,binary_stay_switch_a0_0p1_a1_0p9_v1__exogenous,54,A,A,0.26738232862955663,0.26593687196923355,0.01,0.99,0.8376833134582451,0.8355736907347664,1.9267806449230207e-06,agreement,,,a0,a1,0,AI,a1,AI,0.15,0.15,True,True,1.0,0.0,0.4631051662960821,0.4631051662960821,3.843271397567122,0.0,3.843271397567122,3,51,0.05555555555555555,0.9444444444444444,37,16,1,0.6851851851851852,0.2962962962962963,0.018518518518518517,2,14,0.125,0.875,54,0,1.0,0.0,10,27,0,0,18,36,0,0
scenario1,200,scenario1__H200__eta-constant__states-exogenous,cfg_05dcd430b3e055c29664,run_99d9d122eae3a9c1,1,42,constant,constant_eta0_0p15,True,0.35,0.85,0.15,,0.02,0.75,0.99,0.01,A,opposed_binary_state_preferences_v1,binary_stay_switch_a0_0p1_a1_0p9_v1__exogenous,55,A,A,0.22727497933512314,0.2260463411738485,0.01,0.99,0.7732306503612133,0.7710552614700299,1.5530545894315573e-06,agreement,,,a0,a1,0,AI,a1,AI,0.15,0.15,True,True,1.0,0.0,0.4738430629701605,0.4738430629701605,3.853629012693588,0.0,3.853629012693588,3,52,0.05454545454545454,0.9454545454545454,38,16,1,0.6909090909090909,0.2909090909090909,0.01818181818181818,2,14,0.125,0.875,55,0,1.0,0.0,10,28,0,0,18,37,0,0
scenario1,200,scenario1__H200__eta-constant__states-exogenous,cfg_05dcd430b3e055c29664,run_99d9d122eae3a9c1,1,42,constant,constant_eta0_0p15,True,0.35,0.85,0.15,,0.02,0.75,0.99,0.01,A,opposed_binary_state_preferences_v1,binary_stay_switch_a0_0p1_a1_0p9_v1__exogenous,56,A,A,0.19318373243485468,0.19213938999777122,0.01,0.99,0.7080842733305505,0.7059255063046815,1.2645037842373696e-06,agreement,,,a1,a1,0,AI,a1,AI,0.15,0.15,True,True,1.0,0.0,0.4843662017107573,0.4843662017107573,3.8613195419249893,0.0,3.8613195419249893,3,53,0.05357142857142857,0.9464285714285714,39,16,1,0.6964285714285714,0.2857142857142857,0.017857142857142856,2,14,0.125,0.875,56,0,1.0,0.0,10,29,0,0,18,38,0,0
scenario1,200,scenario1__H200__eta-constant__states-exogenous,cfg_05dcd430b3e055c29664,run_99d9d122eae3a9c1,1,42,constant,constant_eta0_0p15,True,0.35,0.85,0.15,,0.02,0.75,0.99,0.01,A,opposed_binary_state_preferences_v1,binary_stay_switch_a0_0p1_a1_0p9_v1__exogenous,57,A,A,0.16420617256962647,0.16331848149810554,0.01,0.99,0.6442777636905311,0.6421896380146377,1.0376836491743369e-06,agreement,,,a1,a1,0,AI,a1,AI,0.15,0.15,True,True,1.0,0.0,0.4946788776765422,0.4946788776765422,3.8670297598793044,0.0,3.8670297598793044,3,54,0.05263157894736842,0.9473684210526315,40,16,1,0.7017543859649122,0.2807017543859649,0.017543859649122806,2,14,0.125,0.875,57,0,1.0,0.0,10,30,0,0,18,39,0,0
scenario1,200,scenario1__H200__eta-constant__states-exogenous,cfg_05dcd430b3e055c29664,run_99d9d122eae3a9c1,1,42,constant,constant_eta0_0p15,True,0.35,0.85,0.15,,0.02,0.75,0.99,0.01,A,opposed_binary_state_preferences_v1,binary_stay_switch_a0_0p1_a1_0p9_v1__exogenous,58,A,A,0.1395752466841825,0.13882070927338971,0.01,0.99,0.5831253391758139,0.5811420036883277,8.568609702330754e-07,agreement,,,a1,a1,0,AI,a1,AI,0.15,0.15,True,True,1.0,0.0,0.5047853001230113,0.5047853001230113,3.8712695967103836,0.0,3.8712695967103836,3,55,0.05172413793103448,0.9482758620689655,41,16,1,0.7068965517241379,0.27586206896551724,0.017241379310344827,2,14,0.125,0.875,58,0,1.0,0.0,10,31,0,0,18,40,0,0
scenario1,200,scenario1__H200__eta-constant__states-exogenous,cfg_05dcd430b3e055c29664,run_99d9d122eae3a9c1,1,42,constant,constant_eta0_0p15,True,0.35,0.85,0.15,,0.02,0.75,0.99,0.01,A,opposed_binary_state_preferences_v1,binary_stay_switch_a0_0p1_a1_0p9_v1__exogenous,59,A,B,0.11863895968155512,0.11799760288238126,0.01,0.99,0.5254359015186174,0.5235775146001658,7.110837266788295e-07,agreement,,,a0,a1,0,AI,a1,AI,0.15,0.15,True,True,1.0,0.0,0.514689594120551,0.514689594120551,3.87441767555746,0.0,3.87441767555746,3,56,0.05084745762711865,0.9491525423728814,42,16,1,0.711864406779661,0.2711864406779661,0.01694915254237288,2,14,0.125,0.875,59,0,1.0,0.0,10,32,0,0,18,41,0,0
scenario1,200,scenario1__H200__eta-constant__states-exogenous,cfg_05dcd430b3e055c29664,run_99d9d122eae3a9c1,1,42,constant,constant_eta0_0p15,True,0.35,0.85,0.15,,0.02,0.75,0.99,0.01,A,opposed_binary_state_preferences_v1,binary_stay_switch_a0_0p1_a1_0p9_v1__exogenous,60,B,A,0.10084311572932185,0.10029796245002406,0.01,0.99,0.08079313589591118,0.08079313589591118,0.9192068641040889,disagreement,,,a1,a0,1,H,a1,H,0.0,0.15,False,True,1.0,0.02,0.0,0.02,3.87441767555746,3.876755124101414,3.876755124101414,4,56,0.06666666666666667,0.9333333333333333,42,16,2,0.7,0.26666666666666666,0.03333333333333333,2,14,0.125,0.875,59,1,0.9833333333333333,0.016666666666666666,10,32,0,0,18,41,0,1
scenario1,200,scenario1__H200__eta-constant__states-exogenous,cfg_05dcd430b3e055c29664,run_99d9d122eae3a9c1,1,42,constant,constant_eta0_0p15,True,0.35,0.85,0.15,,0.02,0.75,0.99,0.01,A,opposed_binary_state_preferences_v1,binary_stay_switch_a0_0p1_a1_0p9_v1__exogenous,61,A,A,0.10084311572932185,0.10029796245002406,0.01,0.8415,0.4716625239948816,0.4699394012541266,5.9249460704347e-07,agreement,,,a1,a1,0,AI,a1,AI,0.15,0.15,True,True,1.0,0.0,0.5143078861933771,0.5143078861933771,3.9058307875321745,3.876755124101414,3.9058307875321745,4,57,0.06557377049180328,0.9344262295081968,43,16,2,0.7049180327868853,0.26229508196721313,0.03278688524590164,2,14,0.125,0.875,60,1,0.9836065573770492,0.01639344262295082,10,33,0,0,18,42,0,1
scenario1,200,scenario1__H200__eta-constant__states-exogenous,cfg_05dcd430b3e055c29664,run_99d9d122eae3a9c1,1,42,constant,constant_eta0_0p15,True,0.35,0.85,0.15,,0.02,0.75,0.99,0.01,A,opposed_binary_state_preferences_v1,binary_stay_switch_a0_0p1_a1_0p9_v1__exogenous,62,A,A,0.08571664836992357,0.08525326808252046,0.01,0.8415,0.42200858538937275,0.4204241648549809,4.953128452667155e-07,agreement,,,a1,a1,0,AI,a1,AI,0.15,0.15,True,True,1.0,0.0,0.5240217284695096,0.5240217284695096,3.9291550231734,3.876755124101414,3.9291550231734,4,58,0.06451612903225806,0.9354838709677419,44,16,2,0.7096774193548387,0.25806451612903225,0.03225806451612903,2,14,0.125,0.875,61,1,0.9838709677419355,0.016129032258064516,10,34,0,0,18,43,0,1
scenario1,200,scenario1__H200__eta-constant__states-exogenous,cfg_05dcd430b3e055c29664,run_99d9d122eae3a9c1,1,42,constant,constant_eta0_0p15,True,0.35,0.85,0.15,,0.02,0.75,0.99,0.01,A,opposed_binary_state_preferences_v1,binary_stay_switch_a0_0p1_a1_0p9_v1__exogenous,63,A,A,0.07285915111443503,0.07246527787014238,0.01,0.8415,0.37650397857215434,0.37505695938405764,4.1519433599535027e-07,agreement,,,a1,a1,0,AI,a1,AI,0.15,0.15,True,True,1.0,0.0,0.5335412939001194,0.5335412939001194,3.94647326813701,3.876755124101414,3.94647326813701,4,59,0.06349206349206349,0.9365079365079365,45,16,2,0.7142857142857143,0.25396825396825395,0.031746031746031744,2,14,0.125,0.875,62,1,0.9841269841269841,0.015873015873015872,10,35,0,0,18,44,0,1
scenario1,200,scenario1__H200__eta-constant__states-exogenous,cfg_05dcd430b3e055c29664,run_99d9d122eae3a9c1,1,42,constant,constant_eta0_0p15,True,0.35,0.85,0.15,,0.02,0.75,0.99,0.01,A,opposed_binary_state_preferences_v1,binary_stay_switch_a0_0p1_a1_0p9_v1__exogenous,64,A,A,0.061930278447269775,0.061595486189621025,0.01,0.8415,0.3350602195198679,0.3337461122512749,3.488154377562225e-07,agreement,,,a1,a1,0,AI,a1,AI,0.15,0.15,True,True,1.0,0.0,0.542870468022117,0.542870468022117,3.959332065022491,3.876755124101414,3.959332065022491,4,60,0.0625,0.9375,46,16,2,0.71875,0.25,0.03125,2,14,0.125,0.875,63,1,0.984375,0.015625,10,36,0,0,18,45,0,1
scenario1,200,scenario1__H200__eta-constant__states-exogenous,cfg_05dcd430b3e055c29664,run_99d9d122eae3a9c1,1,42,constant,constant_eta0_0p15,True,0.35,0.85,0.15,,0.02,0.75,0.99,0.01,A,opposed_binary_state_preferences_v1,binary_stay_switch_a0_0p1_a1_0p9_v1__exogenous,65,A,A,0.05264073668017931,0.05235616326117787,0.01,0.8415,0.2975104347650969,0.2963226869722342,2.9359409012275073e-07,agreement,,,a1,a1,0,AI,a1,AI,0.15,0.15,True,True,1.0,0.0,0.5520130586616747,0.5520130586616747,3.96887972170996,3.876755124101414,3.96887972170996,4,61,0.06153846153846154,0.9384615384615385,47,16,2,0.7230769230769231,0.24615384615384617,0.03076923076923077,2,14,0.125,0.875,64,1,0.9846153846153847,0.015384615384615385,10,37,0,0,18,46,0,1
scenario1,200,scenario1__H200__eta-constant__states-exogenous,cfg_05dcd430b3e055c29664,run_99d9d122eae3a9c1,1,42,constant,constant_eta0_0p15,True,0.35,0.85,0.15,,0.02,0.75,0.99,0.01,A,opposed_binary_state_preferences_v1,binary_stay_switch_a0_0p1_a1_0p9_v1__exogenous,66,A,A,0.04474462617815241,0.044502738772001185,0.01,0.8415,0.2636383761944382,0.2625691880461928,2.4749800164869384e-07,agreement,,,a1,a1,0,AI,a1,AI,0.15,0.15,True,True,1.0,0.0,0.5609727974884412,0.5609727974884412,3.9759688568004057,3.876755124101414,3.9759688568004057,4,62,0.06060606060606061,0.9393939393939394,48,16,2,0.7272727272727273,0.24242424242424243,0.030303030303030304,2,14,0.125,0.875,65,1,0.9848484848484849,0.015151515151515152,10,38,0,0,18,47,0,1
scenario1,200,scenario1__H200__eta-constant__states-exogenous,cfg_05dcd430b3e055c29664,run_99d9d122eae3a9c1,1,42,constant,constant_eta0_0p15,True,0.35,0.85,0.15,,0.02,0.75,0.99,0.01,A,opposed_binary_state_preferences_v1,binary_stay_switch_a0_0p1_a1_0p9_v1__exogenous,67,A,A,0.03803293225142955,0.03782732795620101,0.01,0.8415,0.23319940019196717,0.23224031224129726,2.0890964161357495e-07,agreement,,,a1,a1,0,AI,a1,AI,0.15,0.15,True,True,1.0,0.0,0.5697533415386724,0.5697533415386724,3.981232539605062,3.876755124101414,3.981232539605062,4,63,0.05970149253731343,0.9402985074626866,49,16,2,0.7313432835820896,0.23880597014925373,0.029850746268656716,2,14,0.125,0.875,66,1,0.9850746268656716,0.014925373134328358,10,39,0,0,18,48,0,1
scenario1,200,scenario1__H200__eta-constant__states-exogenous,cfg_05dcd430b3e055c29664,run_99d9d122eae3a9c1,1,42,constant,constant_eta0_0p15,True,0.35,0.85,0.15,,0.02,0.75,0.99,0.01,A,opposed_binary_state_preferences_v1,binary_stay_switch_a0_0p1_a1_0p9_v1__exogenous,68,A,A,0.03232799241371511,0.03215322876277086,0.01,0.8415,0.2059355238149786,0.20507783638635144,1.7652923224587003e-07,agreement,,,a1,a1,0,AI,a1,AI,0.15,0.15,True,True,1.0,0.0,0.578358274707899,0.578358274707899,3.985140824087519,3.876755124101414,3.985140824087519,4,64,0.058823529411764705,0.9411764705882353,50,16,2,0.7352941176470589,0.23529411764705882,0.029411764705882353,2,14,0.125,0.875,67,1,0.9852941176470589,0.014705882352941176,10,40,0,0,18,49,0,1
scenario1,200,scenario1__H200__eta-constant__states-exogenous,cfg_05dcd430b3e055c29664,run_99d9d122eae3a9c1,1,42,constant,constant_eta0_0p15,True,0.35,0.85,0.15,,0.02,0.75,0.99,0.01,A,opposed_binary_state_preferences_v1,binary_stay_switch_a0_0p1_a1_0p9_v1__exogenous,69,A,A,0.027478793551657846,0.027330244448355228,0.01,0.8415,0.18158609753044502,0.1808211653236882,1.4930374703236993e-07,agreement,,,a1,a1,0,AI,a1,AI,0.15,0.15,True,True,1.0,0.0,0.586791109213741,0.586791109213741,3.9880427253157436,3.876755124101414,3.9880427253157436,4,65,0.057971014492753624,0.9420289855072463,51,16,2,0.7391304347826086,0.2318840579710145,0.028985507246376812,2,14,0.125,0.875,68,1,0.9855072463768116,0.014492753623188406,10,41,0,0,18,50,0,1
scenario1,200,scenario1__H200__eta-constant__states-exogenous,cfg_05dcd430b3e055c29664,run_99d9d122eae3a9c1,1,42,constant,constant_eta0_0p15,True,0.35,0.85,0.15,,0.02,0.75,0.99,0.01,A,opposed_binary_state_preferences_v1,binary_stay_switch_a0_0p1_a1_0p9_v1__exogenous,70,A,A,0.023356974518909168,0.023230707781101943,0.01,0.8415,0.15989522804551912,0.1592146622110882,1.2637406519855343e-07,agreement,,,a1,a1,0,AI,a1,AI,0.15,0.15,True,True,1.0,0.0,0.5950552870294662,0.5950552870294662,3.9901973869777003,3.876755124101414,3.9901973869777003,4,66,0.05714285714285714,0.9428571428571428,52,16,2,0.7428571428571429,0.22857142857142856,0.02857142857142857,2,14,0.125,0.875,69,1,0.9857142857142858,0.014285714285714285,10,42,0,0,18,51,0,1
scenario1,200,scenario1__H200__eta-constant__states-exogenous,cfg_05dcd430b3e055c29664,run_99d9d122eae3a9c1,1,42,constant,constant_eta0_0p15,True,0.35,0.85,0.15,,0.02,0.75,0.99,0.01,A,opposed_binary_state_preferences_v1,binary_stay_switch_a0_0p1_a1_0p9_v1__exogenous,71,A,A,0.01985342834107279,0.01974610161393665,0.01,0.8415,0.1406167926489059,0.14001259436488633,1.0703504781106599e-07,agreement,,,a1,a1,0,AI,a1,AI,0.15,0.15,True,True,1.0,0.0,0.6031541812888769,0.6031541812888769,3.991797223261703,3.876755124101414,3.991797223261703,4,67,0.056338028169014086,0.9436619718309859,53,16,2,0.7464788732394366,0.22535211267605634,0.028169014084507043,2,14,0.125,0.875,70,1,0.9859154929577465,0.014084507042253521,10,43,0,0,18,52,0,1
scenario1,200,scenario1__H200__eta-constant__states-exogenous,cfg_05dcd430b3e055c29664,run_99d9d122eae3a9c1,1,42,constant,constant_eta0_0p15,True,0.35,0.85,0.15,,0.02,0.75,0.99,0.01,A,opposed_binary_state_preferences_v1,binary_stay_switch_a0_0p1_a1_0p9_v1__exogenous,72,A,A,0.01687541408991187,0.01678418637184615,0.01,0.8415,0.12351767352049194,0.1229823170678257,9.070495887025798e-08,agreement,,,a1,a1,0,AI,a1,AI,0.15,0.15,True,True,1.0,0.0,0.6110910976630993,0.6110910976630993,3.9929851017025753,3.876755124101414,3.9929851017025753,4,68,0.05555555555555555,0.9444444444444444,54,16,2,0.75,0.2222222222222222,0.027777777777777776,2,14,0.125,0.875,71,1,0.9861111111111112,0.013888888888888888,10,44,0,0,18,53,0,1
scenario1,200,scenario1__H200__eta-constant__states-exogenous,cfg_05dcd430b3e055c29664,run_99d9d122eae3a9c1,1,42,constant,constant_eta0_0p15,True,0.35,0.85,0.15,,0.02,0.75,0.99,0.01,A,opposed_binary_state_preferences_v1,binary_stay_switch_a0_0p1_a1_0p9_v1__exogenous,73,A,A,0.01434410197642509,0.014266558416069228,0.01,0.8415,0.10837968349816193,0.10790616235983339,7.690175590768789e-08,agreement,,,a1,a1,0,AI,a1,AI,0.15,0.15,True,True,1.0,0.0,0.6188692757098373,0.6188692757098373,3.993867101444923,3.876755124101414,3.993867101444923,4,69,0.0547945205479452,0.9452054794520548,55,16,2,0.7534246575342466,0.2191780821917808,0.0273972602739726,2,14,0.125,0.875,72,1,0.9863013698630136,0.0136986301369863,10,45,0,0,18,54,0,1
scenario1,200,scenario1__H200__eta-constant__states-exogenous,cfg_05dcd430b3e055c29664,run_99d9d122eae3a9c1,1,42,constant,constant_eta0_0p15,True,0.35,0.85,0.15,,0.02,0.75,0.99,0.01,A,opposed_binary_state_preferences_v1,binary_stay_switch_a0_0p1_a1_0p9_v1__exogenous,74,A,A,0.012192486679961326,0.012126574653658843,0.01,0.8415,0.0950005380307018,0.09458238420071301,6.522450284734971e-08,agreement,,,a1,a1,0,AI,a1,AI,0.15,0.15,True,True,1.0,0.0,0.6264918901956406,0.6264918901956406,3.994521986253616,3.876755124101414,3.994521986253616,4,70,0.05405405405405406,0.9459459459459459,56,16,2,0.7567567567567568,0.21621621621621623,0.02702702702702703,2,14,0.125,0.875,73,1,0.9864864864864865,0.013513513513513514,10,46,0,0,18,55,0,1
scenario1,200,scenario1__H200__eta-constant__states-exogenous,cfg_05dcd430b3e055c29664,run_99d9d122eae3a9c1,1,42,constant,constant_eta0_0p15,True,0.35,0.85,0.15,,0.02,0.75,0.99,0.01,A,opposed_binary_state_preferences_v1,binary_stay_switch_a0_0p1_a1_0p9_v1__exogenous,75,A,A,0.010363613677967126,0.010307588455610016,0.01,0.8415,0.0831941405409657,0.08282542471711885,5.533865125167958e-08,agreement,,,a1,a1,0,AI,a1,AI,0.15,0.15,True,True,1.0,0.0,0.6339620523917278,0.6339620523917278,3.9950082382240706,3.876755124101414,3.9950082382240706,4,71,0.05333333333333334,0.9466666666666667,57,16,2,0.76,0.21333333333333335,0.02666666666666667,2,14,0.125,0.875,74,1,0.9866666666666667,0.013333333333333334,10,47,0,0,18,56,0,1
scenario1,200,scenario1__H200__eta-constant__states-exogenous,cfg_05dcd430b3e055c29664,run_99d9d122eae3a9c1,1,42,constant,constant_eta0_0p15,True,0.35,0.85,0.15,,0.02,0.75,0.99,0.01,A,opposed_binary_state_preferences_v1,binary_stay_switch_a0_0p1_a1_0p9_v1__exogenous,76,A,A,0.008809071626272057,0.008761450187268514,0.01,0.8415,0.07279038244692913,0.07246570088236555,4.6964282574002425e-08,agreement,,,a1,a1,0,AI,a1,AI,0.15,0.15,True,True,1.0,0.0,0.6412828113438932,0.6412828113438932,3.995369280312133,3.876755124101414,3.995369280312133,4,72,0.05263157894736842,0.9473684210526315,58,16,2,0.7631578947368421,0.21052631578947367,0.02631578947368421,2,14,0.125,0.875,75,1,0.9868421052631579,0.013157894736842105,10,48,0,0,18,57,0,1
scenario1,200,scenario1__H200__eta-constant__states-exogenous,cfg_05dcd430b3e055c29664,run_99d9d122eae3a9c1,1,42,constant,constant_eta0_0p15,True,0.35,0.85,0.15,,0.02,0.75,0.99,0.01,A,opposed_binary_state_preferences_v1,binary_stay_switch_a0_0p1_a1_0p9_v1__exogenous,77,A,A,0.007487710882331248,0.007447232659178236,0.01,0.8415,0.06363460910880274,0.06334906145566045,3.986663893451592e-08,agreement,,,a1,a1,0,AI,a1,AI,0.15,0.15,True,True,1.0,0.0,0.6484571551170153,0.6484571551170153,3.995637354062519,3.876755124101414,3.995637354062519,4,73,0.05194805194805195,0.948051948051948,59,16,2,0.7662337662337663,0.2077922077922078,0.025974025974025976,2,14,0.125,0.875,76,1,0.987012987012987,0.012987012987012988,10,49,0,0,18,58,0,1
scenario1,200,scenario1__H200__eta-constant__states-exogenous,cfg_05dcd430b3e055c29664,run_99d9d122eae3a9c1,1,42,constant,constant_eta0_0p15,True,0.35,0.85,0.15,,0.02,0.75,0.99,0.01,A,opposed_binary_state_preferences_v1,binary_stay_switch_a0_0p1_a1_0p9_v1__exogenous,78,A,A,0.00636455424998156,0.006330147760301501,0.01,0.8415,0.05558686497760596,0.05533602635873561,3.384844347517624e-08,agreement,,,a1,a1,0,AI,a1,AI,0.15,0.15,True,True,1.0,0.0,0.655488012014675,0.655488012014675,3.9958363988221812,3.876755124101414,3.9958363988221812,4,74,0.05128205128205128,0.9487179487179487,60,16,2,0.7692307692307693,0.20512820512820512,0.02564102564102564,2,14,0.125,0.875,77,1,0.9871794871794872,0.01282051282051282,10,50,0,0,18,59,0,1
scenario1,200,scenario1__H200__eta-constant__states-exogenous,cfg_05dcd430b3e055c29664,run_99d9d122eae3a9c1,1,42,constant,constant_eta0_0p15,True,0.35,0.85,0.15,,0.02,0.75,0.99,0.01,A,opposed_binary_state_preferences_v1,binary_stay_switch_a0_0p1_a1_0p9_v1__exogenous,79,A,A,0.005409871112484326,0.005380625596256275,0.01,0.8415,0.04852100227330915,0.04830089198117496,2.8743635208106078e-08,agreement,,,a1,a1,0,AI,a1,AI,0.15,0.15,True,True,1.0,0.0,0.6623782517743815,0.6623782517743815,3.9959841895562302,3.876755124101414,3.9959841895562302,4,75,0.05063291139240506,0.9493670886075949,61,16,2,0.7721518987341772,0.20253164556962025,0.02531645569620253,2,14,0.125,0.875,78,1,0.9873417721518988,0.012658227848101266,10,51,0,0,18,60,0,1
scenario1,200,scenario1__H200__eta-constant__states-exogenous,cfg_05dcd430b3e055c29664,run_99d9d122eae3a9c1,1,42,constant,constant_eta0_0p15,True,0.35,0.85,0.15,,0.02,0.75,0.99,0.01,A,opposed_binary_state_preferences_v1,binary_stay_switch_a0_0p1_a1_0p9_v1__exogenous,80,A,A,0.004598390445611677,0.004573531756817834,0.01,0.8415,0.04232371544000264,0.042130764023461185,2.4412226257847225e-08,agreement,,,a1,a1,0,AI,a1,AI,0.15,0.15,True,True,1.0,0.0,0.6691306867388939,0.6691306867388939,3.996093924176262,3.876755124101414,3.996093924176262,4,76,0.05,0.95,62,16,2,0.775,0.2,0.025,2,14,0.125,0.875,79,1,0.9875,0.0125,10,52,0,0,18,61,0,1
scenario1,200,scenario1__H200__eta-constant__states-exogenous,cfg_05dcd430b3e055c29664,run_99d9d122eae3a9c1,1,42,constant,constant_eta0_0p15,True,0.35,0.85,0.15,,0.02,0.75,0.99,0.01,A,opposed_binary_state_preferences_v1,binary_stay_switch_a0_0p1_a1_0p9_v1__exogenous,81,A,A,0.003908631878769925,0.0038875019932951586,0.01,0.8415,0.036893546783038494,0.03672456279593435,2.0736062394943744e-08,agreement,,,a1,a1,0,AI,a1,AI,0.15,0.15,True,True,1.0,0.0,0.675748073004116,0.675748073004116,3.9961754021316347,3.876755124101414,3.9961754021316347,4,77,0.04938271604938271,0.9506172839506173,63,16,2,0.7777777777777778,0.19753086419753085,0.024691358024691357,2,14,0.125,0.875,80,1,0.9876543209876543,0.012345679012345678,10,53,0,0,18,62,0,1
scenario1,200,scenario1__H200__eta-constant__states-exogenous,cfg_05dcd430b3e055c29664,run_99d9d122eae3a9c1,1,42,constant,constant_eta0_0p15,True,0.35,0.85,0.15,,0.02,0.75,0.99,0.01,A,opposed_binary_state_preferences_v1,binary_stay_switch_a0_0p1_a1_0p9_v1__exogenous,82,A,A,0.003322337096954436,0.003304376694300885,0.01,0.8415,0.03213989586204355,0.031992033177168,1.7615312954827322e-08,agreement,,,a1,a1,0,AI,a1,AI,0.15,0.15,True,True,1.0,0.0,0.6822331115440337,0.6822331115440337,3.9962358995134992,3.876755124101414,3.9962358995134992,4,78,0.04878048780487805,0.9512195121951219,64,16,2,0.7804878048780488,0.1951219512195122,0.024390243902439025,2,14,0.125,0.875,81,1,0.9878048780487805,0.012195121951219513,10,54,0,0,18,63,0,1
scenario1,200,scenario1__H200__eta-constant__states-exogenous,cfg_05dcd430b3e055c29664,run_99d9d122eae3a9c1,1,42,constant,constant_eta0_0p15,True,0.35,0.85,0.15,,0.02,0.75,0.99,0.01,A,opposed_binary_state_preferences_v1,binary_stay_switch_a0_0p1_a1_0p9_v1__exogenous,83,A,A,0.0028239865324112706,0.002808720190155752,0.01,0.8415,0.027982055463829647,0.027852781774881975,1.496555344752959e-08,agreement,,,a1,a1,0,AI,a1,AI,0.15,0.15,True,True,1.0,0.0,0.688588449313153,0.688588449313153,3.9962808188195336,3.876755124101414,3.9962808188195336,4,79,0.04819277108433735,0.9518072289156626,65,16,2,0.7831325301204819,0.1927710843373494,0.024096385542168676,2,14,0.125,0.875,82,1,0.9879518072289156,0.012048192771084338,10,55,0,0,18,64,0,1
scenario1,200,scenario1__H200__eta-constant__states-exogenous,cfg_05dcd430b3e055c29664,run_99d9d122eae3a9c1,1,42,constant,constant_eta0_0p15,True,0.35,0.85,0.15,,0.02,0.75,0.99,0.01,A,opposed_binary_state_preferences_v1,binary_stay_switch_a0_0p1_a1_0p9_v1__exogenous,84,A,A,0.00240038855254958,0.002387412161632389,0.01,0.8415,0.024348289600842253,0.024235356523059737,1.2715333641902249e-08,agreement,,,a1,a1,0,AI,a1,AI,0.15,0.15,True,True,1.0,0.0,0.6948166803268899,0.6948166803268899,3.996314171404264,3.876755124101414,3.996314171404264,4,80,0.047619047619047616,0.9523809523809523,66,16,2,0.7857142857142857,0.19047619047619047,0.023809523809523808,2,14,0.125,0.875,83,1,0.9880952380952381,0.011904761904761904,10,56,0,0,18,65,0,1
scenario1,200,scenario1__H200__eta-constant__states-exogenous,cfg_05dcd430b3e055c29664,run_99d9d122eae3a9c1,1,42,constant,constant_eta0_0p15,True,0.35,0.85,0.15,,0.02,0.75,0.99,0.01,A,opposed_binary_state_preferences_v1,binary_stay_switch_a0_0p1_a1_0p9_v1__exogenous,85,A,A,0.002040330269667143,0.0020293003373875306,0.01,0.8415,0.021174963429795454,0.021076378451070743,1.0804144533888005e-08,agreement,,,a1,a1,0,AI,a1,AI,0.15,0.15,True,True,1.0,0.0,0.7009203467203521,0.7009203467203521,3.996338935698427,3.876755124101414,3.996338935698427,4,81,0.047058823529411764,0.9529411764705882,67,16,2,0.788235294117647,0.18823529411764706,0.023529411764705882,2,14,0.125,0.875,84,1,0.9882352941176471,0.011764705882352941,10,57,0,0,18,66,0,1
scenario1,200,scenario1__H200__eta-constant__states-exogenous,cfg_05dcd430b3e055c29664,run_99d9d122eae3a9c1,1,42,constant,constant_eta0_0p15,True,0.35,0.85,0.15,,0.02,0.75,0.99,0.01,A,opposed_binary_state_preferences_v1,binary_stay_switch_a0_0p1_a1_0p9_v1__exogenous,86,A,A,0.0017342807292170716,0.001724905286779401,0.01,0.8415,0.01840573084261923,0.018319731259021445,9.180714976436688e-09,agreement,,,a1,a1,0,AI,a1,AI,0.15,0.15,True,True,1.0,0.0,0.7069019397859451,0.7069019397859451,3.996357323186843,3.876755124101414,3.996357323186843,4,82,0.046511627906976744,0.9534883720930233,68,16,2,0.7906976744186046,0.18604651162790697,0.023255813953488372,2,14,0.125,0.875,85,1,0.9883720930232558,0.011627906976744186,10,58,0,0,18,67,0,1
scenario1,200,scenario1__H200__eta-constant__states-exogenous,cfg_05dcd430b3e055c29664,run_99d9d122eae3a9c1,1,42,constant,constant_eta0_0p15,True,0.35,0.85,0.15,,0.02,0.75,0.99,0.01,A,opposed_binary_state_preferences_v1,binary_stay_switch_a0_0p1_a1_0p9_v1__exogenous,87,A,A,0.0014741386198345108,0.0014661694937624908,0.01,0.8415,0.015990782424159883,0.015915811307381737,7.801580341817993e-09,agreement,,,a1,a1,0,AI,a1,AI,0.15,0.15,True,True,1.0,0.0,0.7127639009902261,0.7127639009902261,3.9963709758969914,3.876755124101414,3.9963709758969914,4,83,0.04597701149425287,0.9540229885057471,69,16,2,0.7931034482758621,0.1839080459770115,0.022988505747126436,2,14,0.125,0.875,86,1,0.9885057471264368,0.011494252873563218,10,59,0,0,18,68,0,1
scenario1,200,scenario1__H200__eta-constant__states-exogenous,cfg_05dcd430b3e055c29664,run_99d9d122eae3a9c1,1,42,constant,constant_eta0_0p15,True,0.35,0.85,0.15,,0.02,0.75,0.99,0.01,A,opposed_binary_state_preferences_v1,binary_stay_switch_a0_0p1_a1_0p9_v1__exogenous,88,A,A,0.0012530178268593342,0.0012462440696981172,0.01,0.8415,0.013886154247521963,0.013820838429580531,6.629879026852359e-09,agreement,,,a1,a1,0,AI,a1,AI,0.15,0.15,True,True,1.0,0.0,0.7185086229704216,0.7185086229704216,3.9963811130342766,3.876755124101414,3.9963811130342766,4,84,0.045454545454545456,0.9545454545454546,70,16,2,0.7954545454545454,0.18181818181818182,0.022727272727272728,2,14,0.125,0.875,87,1,0.9886363636363636,0.011363636363636364,10,60,0,0,18,69,0,1
scenario1,200,scenario1__H200__eta-constant__states-exogenous,cfg_05dcd430b3e055c29664,run_99d9d122eae3a9c1,1,42,constant,constant_eta0_0p15,True,0.35,0.85,0.15,,0.02,0.75,0.99,0.01,A,opposed_binary_state_preferences_v1,binary_stay_switch_a0_0p1_a1_0p9_v1__exogenous,89,A,A,0.001065065152830434,0.0010593074592433996,0.01,0.8415,0.012053096393943264,0.011996226410776998,5.634339726549864e-09,agreement,,,a1,a1,0,AI,a1,AI,0.15,0.15,True,True,1.0,0.0,0.7241384505110132,0.7241384505110132,3.996388639858711,3.876755124101414,3.996388639858711,4,85,0.0449438202247191,0.9550561797752809,71,16,2,0.797752808988764,0.1797752808988764,0.02247191011235955,2,14,0.125,0.875,88,1,0.9887640449438202,0.011235955056179775,10,61,0,0,18,70,0,1
scenario1,200,scenario1__H200__eta-constant__states-exogenous,cfg_05dcd430b3e055c29664,run_99d9d122eae3a9c1,1,42,constant,constant_eta0_0p15,True,0.35,0.85,0.15,,0.02,0.75,0.99,0.01,A,opposed_binary_state_preferences_v1,binary_stay_switch_a0_0p1_a1_0p9_v1__exogenous,90,A,A,0.0009053053799058687,0.0009004113403568896,0.01,0.8415,0.01045749898843255,0.010408010894458595,4.7884251104177156e-09,agreement,,,a1,a1,0,AI,a1,AI,0.15,0.15,True,True,1.0,0.0,0.729655681500793,0.729655681500793,3.9963942285258534,3.876755124101414,3.9963942285258534,4,86,0.044444444444444446,0.9555555555555556,72,16,2,0.8,0.17777777777777778,0.022222222222222223,2,14,0.125,0.875,89,1,0.9888888888888889,0.011111111111111112,10,62,0,0,18,71,0,1
scenario1,200,scenario1__H200__eta-constant__states-exogenous,cfg_05dcd430b3e055c29664,run_99d9d122eae3a9c1,1,42,constant,constant_eta0_0p15,True,0.35,0.85,0.15,,0.02,0.75,0.99,0.01,A,opposed_binary_state_preferences_v1,binary_stay_switch_a0_0p1_a1_0p9_v1__exogenous,91,A,A,0.0007695095729199885,0.0007653496393033562,0.01,0.8415,0.009069372817522039,0.009026331764296524,4.069609633658433e-09,agreement,,,a1,a1,0,AI,a1,AI,0.15,0.15,True,True,1.0,0.0,0.7350625678707771,0.7350625678707771,3.996398378111207,3.876755124101414,3.996398378111207,4,87,0.04395604395604396,0.9560439560439561,73,16,2,0.8021978021978022,0.17582417582417584,0.02197802197802198,2,14,0.125,0.875,90,1,0.989010989010989,0.01098901098901099,10,63,0,0,18,72,0,1
scenario1,200,scenario1__H200__eta-constant__states-exogenous,cfg_05dcd430b3e055c29664,run_99d9d122eae3a9c1,1,42,constant,constant_eta0_0p15,True,0.35,0.85,0.15,,0.02,0.75,0.99,0.01,A,opposed_binary_state_preferences_v1,binary_stay_switch_a0_0p1_a1_0p9_v1__exogenous,92,A,A,0.0006540831369819902,0.0006505471934078527,0.01,0.8415,0.007862381150008207,0.007824966611210491,3.458769728091615e-09,agreement,,,a1,a1,0,AI,a1,AI,0.15,0.15,True,True,1.0,0.0,0.7403613165133616,0.7403613165133616,3.9964014591783315,3.876755124101414,3.9964014591783315,4,88,0.043478260869565216,0.9565217391304348,74,16,2,0.8043478260869565,0.17391304347826086,0.021739130434782608,2,14,0.125,0.875,91,1,0.9891304347826086,0.010869565217391304,10,64,0,0,18,73,0,1
scenario1,200,scenario1__H200__eta-constant__states-exogenous,cfg_05dcd430b3e055c29664,run_99d9d122eae3a9c1,1,42,constant,constant_eta0_0p15,True,0.35,0.85,0.15,,0.02,0.75,0.99,0.01,A,opposed_binary_state_preferences_v1,binary_stay_switch_a0_0p1_a1_0p9_v1__exogenous,93,A,A,0.0005559706664346918,0.0005529651143966747,0.01,0.8415,0.006813419144521595,0.006780911664491399,2.9396665240932762e-09,agreement,,,a1,a1,0,AI,a1,AI,0.15,0.15,True,True,1.0,0.0,0.7455540901830944,0.7455540901830944,3.996403746870672,3.876755124101414,3.996403746870672,4,89,0.043010752688172046,0.956989247311828,75,16,2,0.8064516129032258,0.17204301075268819,0.021505376344086023,2,14,0.125,0.875,92,1,0.989247311827957,0.010752688172043012,10,65,0,0,18,74,0,1
scenario1,200,scenario1__H200__eta-constant__states-exogenous,cfg_05dcd430b3e055c29664,run_99d9d122eae3a9c1,1,42,constant,constant_eta0_0p15,True,0.35,0.85,0.15,,0.02,0.75,0.99,0.01,A,opposed_binary_state_preferences_v1,binary_stay_switch_a0_0p1_a1_0p9_v1__exogenous,94,A,A,0.000472575066469488,0.0004700203472371735,0.01,0.8415,0.005902237144213391,0.005874006486598815,2.498508561068341e-09,agreement,,,a1,a1,0,AI,a1,AI,0.15,0.15,True,True,1.0,0.0,0.7506430083794325,0.7506430083794325,3.9964054454822344,3.876755124101414,3.9964054454822344,4,90,0.0425531914893617,0.9574468085106383,76,16,2,0.8085106382978723,0.1702127659574468,0.02127659574468085,2,14,0.125,0.875,93,1,0.9893617021276596,0.010638297872340425,10,66,0,0,18,75,0,1
scenario1,200,scenario1__H200__eta-constant__states-exogenous,cfg_05dcd430b3e055c29664,run_99d9d122eae3a9c1,1,42,constant,constant_eta0_0p15,True,0.35,0.85,0.15,,0.02,0.75,0.99,0.01,A,opposed_binary_state_preferences_v1,binary_stay_switch_a0_0p1_a1_0p9_v1__exogenous,95,A,A,0.0004016888064990648,0.00039951729515159745,0.01,0.8415,0.005111104186273982,0.005086598761771911,2.123582001217761e-09,agreement,,,a1,a1,0,AI,a1,AI,0.15,0.15,True,True,1.0,0.0,0.7556301482118439,0.7556301482118439,3.9964067067013196,3.876755124101414,3.9964067067013196,4,91,0.042105263157894736,0.9578947368421052,77,16,2,0.8105263157894737,0.16842105263157894,0.021052631578947368,2,14,0.125,0.875,94,1,0.9894736842105263,0.010526315789473684,10,67,0,0,18,76,0,1
scenario1,200,scenario1__H200__eta-constant__states-exogenous,cfg_05dcd430b3e055c29664,run_99d9d122eae3a9c1,1,42,constant,constant_eta0_0p15,True,0.35,0.85,0.15,,0.02,0.75,0.99,0.01,A,opposed_binary_state_preferences_v1,binary_stay_switch_a0_0p1_a1_0p9_v1__exogenous,96,A,A,0.00034143548552420506,0.00033958970087885783,0.01,0.8415,0.004424508159733878,0.004403245616467524,1.8049361861886826e-09,agreement,,,a1,a1,0,AI,a1,AI,0.15,0.15,True,True,1.0,0.0,0.7605175452476071,0.7605175452476071,3.9964076431564903,3.876755124101414,3.9964076431564903,4,92,0.041666666666666664,0.9583333333333334,78,16,2,0.8125,0.16666666666666666,0.020833333333333332,2,14,0.125,0.875,95,1,0.9895833333333334,0.010416666666666666,10,68,0,0,18,77,0,1
scenario1,200,scenario1__H200__eta-constant__states-exogenous,cfg_05dcd430b3e055c29664,run_99d9d122eae3a9c1,1,42,constant,constant_eta0_0p15,True,0.35,0.85,0.15,,0.02,0.75,0.99,0.01,A,opposed_binary_state_preferences_v1,binary_stay_switch_a0_0p1_a1_0p9_v1__exogenous,97,A,A,0.00029022016269557435,0.00028865124574702913,0.01,0.8415,0.0038288892039958287,0.0038104480700618735,1.5341174407212943e-09,agreement,,,a1,a1,0,AI,a1,AI,0.15,0.15,True,True,1.0,0.0,0.7653071943426549,0.7653071943426549,3.9964083384744544,3.876755124101414,3.9964083384744544,4,93,0.041237113402061855,0.9587628865979382,79,16,2,0.8144329896907216,0.16494845360824742,0.020618556701030927,2,14,0.125,0.875,96,1,0.9896907216494846,0.010309278350515464,10,69,0,0,18,78,0,1
scenario1,200,scenario1__H200__eta-constant__states-exogenous,cfg_05dcd430b3e055c29664,run_99d9d122eae3a9c1,1,42,constant,constant_eta0_0p15,True,0.35,0.85,0.15,,0.02,0.75,0.99,0.01,A,opposed_binary_state_preferences_v1,binary_stay_switch_a0_0p1_a1_0p9_v1__exogenous,98,A,A,0.0002466871382912382,0.0002453535588849748,0.01,0.8415,0.003312403133809492,0.0032964154083805416,1.3039432777885857e-09,agreement,,,a1,a1,0,AI,a1,AI,0.15,0.15,True,True,1.0,0.0,0.7700010504558018,0.7700010504558018,3.9964088547480427,3.876755124101414,3.9964088547480427,4,94,0.04081632653061224,0.9591836734693877,80,16,2,0.8163265306122449,0.16326530612244897,0.02040816326530612,2,14,0.125,0.875,97,1,0.9897959183673469,0.01020408163265306,10,70,0,0,18,79,0,1
scenario1,200,scenario1__H200__eta-constant__states-exogenous,cfg_05dcd430b3e055c29664,run_99d9d122eae3a9c1,1,42,constant,constant_eta0_0p15,True,0.35,0.85,0.15,,0.02,0.75,0.99,0.01,A,opposed_binary_state_preferences_v1,binary_stay_switch_a0_0p1_a1_0p9_v1__exogenous,99,A,A,0.00020968406754755248,0.00020855052505222856,0.01,0.8415,0.0028647118895732664,0.002850856486266735,1.1083108875098446e-09,agreement,,,a1,a1,0,AI,a1,AI,0.15,0.15,True,True,1.0,0.0,0.7746010294466857,0.7746010294466857,3.996409238081182,3.876755124101414,3.996409238081182,4,95,0.04040404040404041,0.9595959595959596,81,16,2,0.8181818181818182,0.16161616161616163,0.020202020202020204,2,14,0.125,0.875,98,1,0.98989898989899,0.010101010101010102,10,71,0,0,18,80,0,1
scenario1,200,scenario1__H200__eta-constant__states-exogenous,cfg_05dcd430b3e055c29664,run_99d9d122eae3a9c1,1,42,constant,constant_eta0_0p15,True,0.35,0.85,0.15,,0.02,0.75,0.99,0.01,A,opposed_binary_state_preferences_v1,binary_stay_switch_a0_0p1_a1_0p9_v1__exogenous,100,A,A,0.0001782314574154196,0.00017726794629439427,0.01,0.8415,0.0024767982342912558,0.002464795187990309,9.420347110884741e-10,agreement,,,a1,a1,0,AI,a1,AI,0.15,0.15,True,True,1.0,0.0,0.779109008857752,0.779109008857752,3.9964095227060383,3.876755124101414,3.9964095227060383,4,96,0.04,0.96,82,16,2,0.82,0.16,0.02,2,14,0.125,0.875,99,1,0.99,0.01,10,72,0,0,18,81,0,1
scenario1,200,scenario1__H200__eta-constant__states-exogenous,cfg_05dcd430b3e055c29664,run_99d9d122eae3a9c1,1,42,constant,constant_eta0_0p15,True,0.35,0.85,0.15,,0.02,0.75,0.99,0.01,A,opposed_binary_state_preferences_v1,binary_stay_switch_a0_0p1_a1_0p9_v1__exogenous,101,A,A,0.00015149673880310665,0.00015067775435023513,0.01,0.8415,0.002140802142375534,0.0021304074981140916,8.007080840380376e-10,agreement,,,a1,a1,0,AI,a1,AI,0.15,0.15,True,True,1.0,0.0,0.783526828680597,0.783526828680597,3.996409734039994,3.876755124101414,3.996409734039994,4,97,0.039603960396039604,0.9603960396039604,83,16,2,0.8217821782178217,0.15841584158415842,0.019801980198019802,2,14,0.125,0.875,100,1,0.9900990099009901,0.009900990099009901,10,73,0,0,18,82,0,1
scenario1,200,scenario1__H200__eta-constant__states-exogenous,cfg_05dcd430b3e055c29664,run_99d9d122eae3a9c1,1,42,constant,constant_eta0_0p15,True,0.35,0.85,0.15,,0.02,0.75,0.99,0.01,A,opposed_binary_state_preferences_v1,binary_stay_switch_a0_0p1_a1_0p9_v1__exogenous,102,A,A,0.00012877222798264064,0.00012807609119769986,0.01,0.8415,0.0018498765451809241,0.001840877854906819,6.80586365151177e-10,agreement,,,a1,a1,0,AI,a1,AI,0.15,0.15,True,True,1.0,0.0,0.787856292106985,0.787856292106985,3.996409890955456,3.876755124101414,3.996409890955456,4,98,0.0392156862745098,0.9607843137254902,84,16,2,0.8235294117647058,0.1568627450980392,0.0196078431372549,2,14,0.125,0.875,101,1,0.9901960784313726,0.00980392156862745,10,74,0,0,18,83,0,1
scenario1,200,scenario1__H200__eta-constant__states-exogenous,cfg_05dcd430b3e055c29664,run_99d9d122eae3a9c1,1,42,constant,constant_eta0_0p15,True,0.35,0.85,0.15,,0.02,0.75,0.99,0.01,A,opposed_binary_state_preferences_v1,binary_stay_switch_a0_0p1_a1_0p9_v1__exogenous,103,A,A,0.00010945639378524454,0.00010886467751804487,0.01,0.8415,0.001598060309758786,0.0015902726696745255,5.784872527834703e-10,agreement,,,a1,a1,0,AI,a1,AI,0.15,0.15,True,True,1.0,0.0,0.7920991662648453,0.7920991662648453,3.9964100074651867,3.876755124101414,3.9964100074651867,4,99,0.038834951456310676,0.9611650485436893,85,16,2,0.8252427184466019,0.1553398058252427,0.019417475728155338,2,14,0.125,0.875,102,1,0.9902912621359223,0.009708737864077669,10,75,0,0,18,84,0,1
scenario1,200,scenario1__H200__eta-constant__states-exogenous,cfg_05dcd430b3e055c29664,run_99d9d122eae3a9c1,1,42,constant,constant_eta0_0p15,True,0.35,0.85,0.15,,0.02,0.75,0.99,0.01,A,opposed_binary_state_preferences_v1,binary_stay_switch_a0_0p1_a1_0p9_v1__exogenous,104,A,A,9.303793471745786e-05,9.253497589033814e-05,0.01,0.8415,0.001380166528217646,0.001373429095894533,4.917061008575044e-10,agreement,,,a1,a1,0,AI,a1,AI,0.15,0.15,True,True,1.0,0.0,0.7962571829395484,0.7962571829395484,3.9964100939736618,3.876755124101414,3.9964100939736618,4,100,0.038461538461538464,0.9615384615384616,86,16,2,0.8269230769230769,0.15384615384615385,0.019230769230769232,2,14,0.125,0.875,103,1,0.9903846153846154,0.009615384615384616,10,76,0,0,18,85,0,1
scenario1,200,scenario1__H200__eta-constant__states-exogenous,cfg_05dcd430b3e055c29664,run_99d9d122eae3a9c1,1,42,constant,constant_eta0_0p15,True,0.35,0.85,0.15,,0.02,0.75,0.99,0.01,A,opposed_binary_state_preferences_v1,binary_stay_switch_a0_0p1_a1_0p9_v1__exogenous,105,A,A,7.908224450983919e-05,7.865472950678741e-05,0.01,0.8415,0.0011916843836610293,0.0011858573201877923,4.179445162351414e-10,agreement,,,a1,a1,0,AI,a1,AI,0.15,0.15,True,True,1.0,0.0,0.8003320392807575,0.8003320392807575,3.9964101582062046,3.876755124101414,3.9964101582062046,4,101,0.0380952380952381,0.9619047619047619,87,16,2,0.8285714285714286,0.1523809523809524,0.01904761904761905,2,14,0.125,0.875,104,1,0.9904761904761905,0.009523809523809525,10,77,0,0,18,86,0,1
scenario1,200,scenario1__H200__eta-constant__states-exogenous,cfg_05dcd430b3e055c29664,run_99d9d122eae3a9c1,1,42,constant,constant_eta0_0p15,True,0.35,0.85,0.15,,0.02,0.75,0.99,0.01,A,opposed_binary_state_preferences_v1,binary_stay_switch_a0_0p1_a1_0p9_v1__exogenous,106,A,A,6.72199078333633e-05,6.68565200807693e-05,0.01,0.8415,0.0010286930340713228,0.0010236548221149986,3.5524856775888403e-10,agreement,,,a1,a1,0,AI,a1,AI,0.15,0.15,True,True,1.0,0.0,0.8043253984951423,0.8043253984951423,3.9964102058988673,3.876755124101414,3.9964102058988673,4,102,0.03773584905660377,0.9622641509433962,88,16,2,0.8301886792452831,0.1509433962264151,0.018867924528301886,2,14,0.125,0.875,105,1,0.9905660377358491,0.009433962264150943,10,78,0,0,18,87,0,1
scenario1,200,scenario1__H200__eta-constant__states-exogenous,cfg_05dcd430b3e055c29664,run_99d9d122eae3a9c1,1,42,constant,constant_eta0_0p15,True,0.35,0.85,0.15,,0.02,0.75,0.99,0.01,A,opposed_binary_state_preferences_v1,binary_stay_switch_a0_0p1_a1_0p9_v1__exogenous,107,A,A,5.713692165835881e-05,5.6828042068653904e-05,0.01,0.8415,0.0008877861173826082,0.0008834312112070695,3.019582460591849e-10,agreement,,,a1,a1,0,AI,a1,AI,0.15,0.15,True,True,1.0,0.0,0.8082388905252395,0.8082388905252395,3.9964102413106697,3.876755124101414,3.9964102413106697,4,103,0.037383177570093455,0.9626168224299065,89,16,2,0.8317757009345794,0.14953271028037382,0.018691588785046728,2,14,0.125,0.875,106,1,0.9906542056074766,0.009345794392523364,10,79,0,0,18,88,0,1
scenario1,200,scenario1__H200__eta-constant__states-exogenous,cfg_05dcd430b3e055c29664,run_99d9d122eae3a9c1,1,42,constant,constant_eta0_0p15,True,0.35,0.85,0.15,,0.02,0.75,0.99,0.01,A,opposed_binary_state_preferences_v1,binary_stay_switch_a0_0p1_a1_0p9_v1__exogenous,108,A,A,4.8566383409604984e-05,4.830383575835582e-05,0.01,0.8415,0.000766005629443864,0.0007622423976553826,2.5666231526179015e-10,agreement,,,a1,a1,0,AI,a1,AI,0.15,0.15,True,True,1.0,0.0,0.8120741127147346,0.8120741127147346,3.996410267603933,3.876755124101414,3.996410267603933,4,104,0.037037037037037035,0.9629629629629629,90,16,2,0.8333333333333334,0.14814814814814814,0.018518518518518517,2,14,0.125,0.875,107,1,0.9907407407407407,0.009259259259259259,10,80,0,0,18,89,0,1
scenario1,200,scenario1__H200__eta-constant__states-exogenous,cfg_05dcd430b3e055c29664,run_99d9d122eae3a9c1,1,42,constant,constant_eta0_0p15,True,0.35,0.85,0.15,,0.02,0.75,0.99,0.01,A,opposed_binary_state_preferences_v1,binary_stay_switch_a0_0p1_a1_0p9_v1__exogenous,109,A,A,4.1281425898164236e-05,4.1058260394602445e-05,0.01,0.8415,0.0006607840619607774,0.0006575329880449121,2.1816146296167044e-10,agreement,,,a1,a1,0,AI,a1,AI,0.15,0.15,True,True,1.0,0.0,0.81583263046044,0.81583263046044,3.9964102871266807,3.876755124101414,3.9964102871266807,4,105,0.03669724770642202,0.963302752293578,91,16,2,0.8348623853211009,0.14678899082568808,0.01834862385321101,2,14,0.125,0.875,108,1,0.9908256880733946,0.009174311926605505,10,81,0,0,18,90,0,1
scenario1,200,scenario1__H200__eta-constant__states-exogenous,cfg_05dcd430b3e055c29664,run_99d9d122eae3a9c1,1,42,constant,constant_eta0_0p15,True,0.35,0.85,0.15,,0.02,0.75,0.99,0.01,A,opposed_binary_state_preferences_v1,binary_stay_switch_a0_0p1_a1_0p9_v1__exogenous,110,A,A,3.50892120134396e-05,3.4899521335412075e-05,0.01,0.8415,0.0005698938103995626,0.0005670859200081318,1.854361102605201e-10,agreement,,,a1,a1,0,AI,a1,AI,0.15,0.15,True,True,1.0,0.0,0.8195159778512312,0.8195159778512312,3.996410301622321,3.876755124101414,3.996410301622321,4,106,0.03636363636363636,0.9636363636363636,92,16,2,0.8363636363636363,0.14545454545454545,0.01818181818181818,2,14,0.125,0.875,109,1,0.990909090909091,0.00909090909090909,10,82,0,0,18,91,0,1
scenario1,200,scenario1__H200__eta-constant__states-exogenous,cfg_05dcd430b3e055c29664,run_99d9d122eae3a9c1,1,42,constant,constant_eta0_0p15,True,0.35,0.85,0.15,,0.02,0.75,0.99,0.01,A,opposed_binary_state_preferences_v1,binary_stay_switch_a0_0p1_a1_0p9_v1__exogenous,111,A,A,2.9825830211423663e-05,2.9664593135100262e-05,0.01,0.8415,0.000491402972928146,0.0004889784603823653,1.576198784664605e-10,agreement,,,a1,a1,0,AI,a1,AI,0.15,0.15,True,True,1.0,0.0,0.8231256582942066,0.8231256582942066,3.9964103123853336,3.876755124101414,3.9964103123853336,4,107,0.036036036036036036,0.963963963963964,93,16,2,0.8378378378378378,0.14414414414414414,0.018018018018018018,2,14,0.125,0.875,110,1,0.990990990990991,0.009009009009009009,10,83,0,0,18,92,0,1
scenario1,200,scenario1__H200__eta-constant__states-exogenous,cfg_05dcd430b3e055c29664,run_99d9d122eae3a9c1,1,42,constant,constant_eta0_0p15,True,0.35,0.85,0.15,,0.02,0.75,0.99,0.01,A,opposed_binary_state_preferences_v1,binary_stay_switch_a0_0p1_a1_0p9_v1__exogenous,112,A,A,2.5351955679710114e-05,2.5214904164835223e-05,0.01,0.8415,0.00042363676152533007,0.00042154379116100436,1.3397623085270073e-10,agreement,,,a1,a1,0,AI,a1,AI,0.15,0.15,True,True,1.0,0.0,0.8266631451283225,0.8266631451283225,3.996410320376871,3.876755124101414,3.996410320376871,4,108,0.03571428571428571,0.9642857142857143,94,16,2,0.8392857142857143,0.14285714285714285,0.017857142857142856,2,14,0.125,0.875,111,1,0.9910714285714286,0.008928571428571428,10,84,0,0,18,93,0,1
scenario1,200,scenario1__H200__eta-constant__states-exogenous,cfg_05dcd430b3e055c29664,run_99d9d122eae3a9c1,1,42,constant,constant_eta0_0p15,True,0.35,0.85,0.15,,0.02,0.75,0.99,0.01,A,opposed_binary_state_preferences_v1,binary_stay_switch_a0_0p1_a1_0p9_v1__exogenous,113,A,A,2.1549162327753595e-05,2.143266854010994e-05,0.01,0.8415,0.0003651438362205061,0.00036333749702807054,1.1387936427187384e-10,agreement,,,a1,a1,0,AI,a1,AI,0.15,0.15,True,True,1.0,0.0,0.830129882225756,0.830129882225756,3.9964103263105875,3.876755124101414,3.9964103263105875,4,109,0.035398230088495575,0.9646017699115044,95,16,2,0.8407079646017699,0.1415929203539823,0.017699115044247787,2,14,0.125,0.875,112,1,0.9911504424778761,0.008849557522123894,10,85,0,0,18,94,0,1
scenario1,200,scenario1__H200__eta-constant__states-exogenous,cfg_05dcd430b3e055c29664,run_99d9d122eae3a9c1,1,42,constant,constant_eta0_0p15,True,0.35,0.85,0.15,,0.02,0.75,0.99,0.01,A,opposed_binary_state_preferences_v1,binary_stay_switch_a0_0p1_a1_0p9_v1__exogenous,114,A,A,1.8316787978590552e-05,1.8217768259093453e-05,0.01,0.8415,0.00031466695383594313,0.0003131083483779791,9.679714752723438e-11,agreement,,,a1,a1,0,AI,a1,AI,0.15,0.15,True,True,1.0,0.0,0.8335272845812409,0.8335272845812409,3.9964103307163716,3.876755124101414,3.9964103307163716,4,110,0.03508771929824561,0.9649122807017544,96,16,2,0.8421052631578947,0.14035087719298245,0.017543859649122806,2,14,0.125,0.875,113,1,0.9912280701754386,0.008771929824561403,10,86,0,0,18,95,0,1
scenario1,200,scenario1__H200__eta-constant__states-exogenous,cfg_05dcd430b3e055c29664,run_99d9d122eae3a9c1,1,42,constant,constant_eta0_0p15,True,0.35,0.85,0.15,,0.02,0.75,0.99,0.01,A,opposed_binary_state_preferences_v1,binary_stay_switch_a0_0p1_a1_0p9_v1__exogenous,115,A,A,1.556926978180197e-05,1.5485103020229434e-05,0.01,0.8415,0.0002711173944062899,0.0002697728452530978,8.227726987675328e-11,agreement,,,a1,a1,0,AI,a1,AI,0.15,0.15,True,True,1.0,0.0,0.8368567388896161,0.8368567388896161,3.996410333987667,3.876755124101414,3.996410333987667,4,111,0.034782608695652174,0.9652173913043478,97,16,2,0.8434782608695652,0.1391304347826087,0.017391304347826087,2,14,0.125,0.875,114,1,0.991304347826087,0.008695652173913044,10,87,0,0,18,96,0,1
scenario1,200,scenario1__H200__eta-constant__states-exogenous,cfg_05dcd430b3e055c29664,run_99d9d122eae3a9c1,1,42,constant,constant_eta0_0p15,True,0.35,0.85,0.15,,0.02,0.75,0.99,0.01,A,opposed_binary_state_preferences_v1,binary_stay_switch_a0_0p1_a1_0p9_v1__exogenous,116,A,A,1.3233879314531675e-05,1.3162337567195019e-05,0.01,0.8415,0.00023355269240971305,0.0002323930513353386,6.993550446328552e-11,agreement,,,a1,a1,0,AI,a1,AI,0.15,0.15,True,True,1.0,0.0,0.8401196041118237,0.8401196041118237,3.9964103364166035,3.876755124101414,3.9964103364166035,4,112,0.034482758620689655,0.9655172413793104,98,16,2,0.8448275862068966,0.13793103448275862,0.017241379310344827,2,14,0.125,0.875,115,1,0.9913793103448276,0.008620689655172414,10,88,0,0,18,97,0,1
scenario1,200,scenario1__H200__eta-constant__states-exogenous,cfg_05dcd430b3e055c29664,run_99d9d122eae3a9c1,1,42,constant,constant_eta0_0p15,True,0.35,0.85,0.15,,0.02,0.75,0.99,0.01,A,opposed_binary_state_preferences_v1,binary_stay_switch_a0_0p1_a1_0p9_v1__exogenous,117,A,A,1.1248797417351924e-05,1.1187986932115766e-05,0.01,0.8415,0.00020115725679546883,0.00020015730376272929,5.944520928020253e-11,agreement,,,a1,a1,0,AI,a1,AI,0.15,0.15,True,True,1.0,0.0,0.8433172120295873,0.8433172120295873,3.996410338220089,3.876755124101414,3.996410338220089,4,113,0.03418803418803419,0.9658119658119658,99,16,2,0.8461538461538461,0.13675213675213677,0.017094017094017096,2,14,0.125,0.875,116,1,0.9914529914529915,0.008547008547008548,10,89,0,0,18,98,0,1
scenario1,200,scenario1__H200__eta-constant__states-exogenous,cfg_05dcd430b3e055c29664,run_99d9d122eae3a9c1,1,42,constant,constant_eta0_0p15,True,0.35,0.85,0.15,,0.02,0.75,0.99,0.01,A,opposed_binary_state_preferences_v1,binary_stay_switch_a0_0p1_a1_0p9_v1__exogenous,118,A,A,9.561477804749136e-06,9.5097888922984e-06,0.01,0.8415,0.00017322551423257413,0.00017236343477520255,5.0528274815088425e-11,agreement,,,a1,a1,0,AI,a1,AI,0.15,0.15,True,True,1.0,0.0,0.8464508677889956,0.8464508677889956,3.9964103395591764,3.876755124101414,3.9964103395591764,4,114,0.03389830508474576,0.9661016949152542,100,16,2,0.847457627118644,0.13559322033898305,0.01694915254237288,2,14,0.125,0.875,117,1,0.9915254237288136,0.00847457627118644,10,90,0,0,18,99,0,1
scenario1,200,scenario1__H200__eta-constant__states-exogenous,cfg_05dcd430b3e055c29664,run_99d9d122eae3a9c1,1,42,constant,constant_eta0_0p15,True,0.35,0.85,0.15,,0.02,0.75,0.99,0.01,A,opposed_binary_state_preferences_v1,binary_stay_switch_a0_0p1_a1_0p9_v1__exogenous,119,A,A,8.127256134036766e-06,8.08332055845364e-06,0.01,0.8415,0.00014914725467673912,0.00014840418568158056,4.2949052260076066e-11,agreement,,,a1,a1,0,AI,a1,AI,0.15,0.15,True,True,1.0,0.0,0.8495218504332157,0.8495218504332157,3.996410340553449,3.876755124101414,3.996410340553449,4,115,0.03361344537815126,0.9663865546218487,101,16,2,0.8487394957983193,0.13445378151260504,0.01680672268907563,2,14,0.125,0.875,118,1,0.9915966386554622,0.008403361344537815,10,91,0,0,18,100,0,1
scenario1,200,scenario1__H200__eta-constant__states-exogenous,cfg_05dcd430b3e055c29664,run_99d9d122eae3a9c1,1,42,constant,constant_eta0_0p15,True,0.35,0.85,0.15,,0.02,0.75,0.99,0.01,A,opposed_binary_state_preferences_v1,binary_stay_switch_a0_0p1_a1_0p9_v1__exogenous,120,A,A,6.908167713931251e-06,6.870822474685595e-06,0.01,0.8415,0.00012839489784541349,0.00012775453297295998,3.650650188234423e-11,agreement,,,a1,a1,0,AI,a1,AI,0.15,0.15,True,True,1.0,0.0,0.8525314134245514,0.8525314134245514,3.9964103412916963,3.876755124101414,3.9964103412916963,4,116,0.03333333333333333,0.9666666666666667,102,16,2,0.85,0.13333333333333333,0.016666666666666666,2,14,0.125,0.875,119,1,0.9916666666666667,0.008333333333333333,10,92,0,0,18,101,0,1
scenario1,200,scenario1__H200__eta-constant__states-exogenous,cfg_05dcd430b3e055c29664,run_99d9d122eae3a9c1,1,42,constant,constant_eta0_0p15,True,0.35,0.85,0.15,,0.02,0.75,0.99,0.01,A,opposed_binary_state_preferences_v1,binary_stay_switch_a0_0p1_a1_0p9_v1__exogenous,121,A,A,5.871942556841563e-06,5.840199103482756e-06,0.01,0.8415,0.00011051243405863848,0.00010996068113293885,3.1030802832344474e-11,agreement,,,a1,a1,0,AI,a1,AI,0.15,0.15,True,True,1.0,0.0,0.8554807851560604,0.8554807851560604,3.9964103418398453,3.876755124101414,3.9964103418398453,4,117,0.03305785123966942,0.9669421487603306,103,16,2,0.8512396694214877,0.1322314049586777,0.01652892561983471,2,14,0.125,0.875,120,1,0.9917355371900827,0.008264462809917356,10,93,0,0,18,102,0,1
scenario1,200,scenario1__H200__eta-constant__states-exogenous,cfg_05dcd430b3e055c29664,run_99d9d122eae3a9c1,1,42,constant,constant_eta0_0p15,True,0.35,0.85,0.15,,0.02,0.75,0.99,0.01,A,opposed_binary_state_preferences_v1,binary_stay_switch_a0_0p1_a1_0p9_v1__exogenous,122,A,A,4.991151173315329e-06,4.964169237960342e-06,0.01,0.8415,9.510582364683156e-05,9.463050729942037e-05,2.637595503606708e-11,agreement,,,a1,a1,0,AI,a1,AI,0.15,0.15,True,True,1.0,0.0,0.8583711694529392,0.8583711694529392,3.9964103422468455,3.876755124101414,3.9964103422468455,4,118,0.03278688524590164,0.9672131147540983,104,16,2,0.8524590163934426,0.13114754098360656,0.01639344262295082,2,14,0.125,0.875,121,1,0.9918032786885246,0.00819672131147541,10,94,0,0,18,103,0,1
scenario1,200,scenario1__H200__eta-constant__states-exogenous,cfg_05dcd430b3e055c29664,run_99d9d122eae3a9c1,1,42,constant,constant_eta0_0p15,True,0.35,0.85,0.15,,0.02,0.75,0.99,0.01,A,opposed_binary_state_preferences_v1,binary_stay_switch_a0_0p1_a1_0p9_v1__exogenous,123,A,A,4.242478497318029e-06,4.2195438522662905e-06,0.01,0.8415,8.183466618793319e-05,8.142526989052752e-05,2.24195450412531e-11,agreement,,,a1,a1,0,AI,a1,AI,0.15,0.15,True,True,1.0,0.0,0.8612037460638805,0.8612037460638805,3.9964103425490434,3.876755124101414,3.9964103425490434,4,119,0.032520325203252036,0.967479674796748,105,16,2,0.8536585365853658,0.13008130081300814,0.016260162601626018,2,14,0.125,0.875,122,1,0.991869918699187,0.008130081300813009,10,95,0,0,18,104,0,1
scenario1,200,scenario1__H200__eta-constant__states-exogenous,cfg_05dcd430b3e055c29664,run_99d9d122eae3a9c1,1,42,constant,constant_eta0_0p15,True,0.35,0.85,0.15,,0.02,0.75,0.99,0.01,A,opposed_binary_state_preferences_v1,binary_stay_switch_a0_0p1_a1_0p9_v1__exogenous,124,A,A,3.606106722720325e-06,3.5866122744263468e-06,0.01,0.8415,7.040497464247432e-05,7.005241700111441e-05,1.9056601172832803e-11,agreement,,,a1,a1,0,AI,a1,AI,0.15,0.15,True,True,1.0,0.0,0.8639796711426029,0.8639796711426029,3.9964103427734257,3.876755124101414,3.9964103427734257,4,120,0.03225806451612903,0.967741935483871,106,16,2,0.8548387096774194,0.12903225806451613,0.016129032258064516,2,14,0.125,0.875,123,1,0.9919354838709677,0.008064516129032258,10,96,0,0,18,105,0,1
scenario1,200,scenario1__H200__eta-constant__states-exogenous,cfg_05dcd430b3e055c29664,run_99d9d122eae3a9c1,1,42,constant,constant_eta0_0p15,True,0.35,0.85,0.15,,0.02,0.75,0.99,0.01,A,opposed_binary_state_preferences_v1,binary_stay_switch_a0_0p1_a1_0p9_v1__exogenous,125,A,A,3.0651907143122764e-06,3.0486204332623945e-06,0.01,0.8415,6.056291036034479e-05,6.0259351197143504e-05,1.6198182355706744e-11,agreement,,,a1,a1,0,AI,a1,AI,0.15,0.15,True,True,1.0,0.0,0.8667000777197508,0.8667000777197508,3.9964103429400293,3.876755124101414,3.9964103429400293,4,121,0.032,0.968,107,16,2,0.856,0.128,0.016,2,14,0.125,0.875,124,1,0.992,0.008,10,97,0,0,18,106,0,1
scenario1,200,scenario1__H200__eta-constant__states-exogenous,cfg_05dcd430b3e055c29664,run_99d9d122eae3a9c1,1,42,constant,constant_eta0_0p15,True,0.35,0.85,0.15,,0.02,0.75,0.99,0.01,A,opposed_binary_state_preferences_v1,binary_stay_switch_a0_0p1_a1_0p9_v1__exogenous,126,A,A,2.605412107165435e-06,2.5913273682730354e-06,0.01,0.8415,5.208935328086953e-05,5.1828025601042254e-05,1.3768620863260266e-11,agreement,,,a1,a1,0,AI,a1,AI,0.15,0.15,True,True,1.0,0.0,0.8693660761653558,0.8693660761653558,3.996410343063732,3.876755124101414,3.996410343063732,4,122,0.031746031746031744,0.9682539682539683,108,16,2,0.8571428571428571,0.12698412698412698,0.015873015873015872,2,14,0.125,0.875,125,1,0.9920634920634921,0.007936507936507936,10,98,0,0,18,107,0,1
scenario1,200,scenario1__H200__eta-constant__states-exogenous,cfg_05dcd430b3e055c29664,run_99d9d122eae3a9c1,1,42,constant,constant_eta0_0p15,True,0.35,0.85,0.15,,0.02,0.75,0.99,0.01,A,opposed_binary_state_preferences_v1,binary_stay_switch_a0_0p1_a1_0p9_v1__exogenous,127,A,A,2.2146002910906196e-06,2.20262826303208e-06,0.01,0.8415,4.479519773207183e-05,4.4570262172835425e-05,1.1703118963019617e-11,agreement,,,a1,a1,0,AI,a1,AI,0.15,0.15,True,True,1.0,0.0,0.8719787546420487,0.8719787546420487,3.9964103431555817,3.876755124101414,3.9964103431555817,4,123,0.031496062992125984,0.968503937007874,109,16,2,0.8582677165354331,0.12598425196850394,0.015748031496062992,2,14,0.125,0.875,126,1,0.9921259842519685,0.007874015748031496,10,99,0,0,18,108,0,1
scenario1,200,scenario1__H200__eta-constant__states-exogenous,cfg_05dcd430b3e055c29664,run_99d9d122eae3a9c1,1,42,constant,constant_eta0_0p15,True,0.35,0.85,0.15,,0.02,0.75,0.99,0.01,A,opposed_binary_state_preferences_v1,binary_stay_switch_a0_0p1_a1_0p9_v1__exogenous,128,A,A,1.8824102474270266e-06,1.8722340235772681e-06,0.01,0.8415,3.8517278319389065e-05,3.832369711838047e-05,9.947727906846728e-12,agreement,,,a1,a1,0,AI,a1,AI,0.15,0.15,True,True,1.0,0.0,0.8745391795492077,0.8745391795492077,3.99641034322378,3.876755124101414,3.99641034322378,4,124,0.03125,0.96875,110,16,2,0.859375,0.125,0.015625,2,14,0.125,0.875,127,1,0.9921875,0.0078125,10,100,0,0,18,109,0,1
scenario1,200,scenario1__H200__eta-constant__states-exogenous,cfg_05dcd430b3e055c29664,run_99d9d122eae3a9c1,1,42,constant,constant_eta0_0p15,True,0.35,0.85,0.15,,0.02,0.75,0.99,0.01,A,opposed_binary_state_preferences_v1,binary_stay_switch_a0_0p1_a1_0p9_v1__exogenous,129,A,A,1.6000487103129721e-06,1.591398920040678e-06,0.01,0.8415,3.3114842724163485e-05,3.294827062448197e-05,8.455498267837891e-12,agreement,,,a1,a1,0,AI,a1,AI,0.15,0.15,True,True,1.0,0.0,0.8770483959582235,0.8770483959582235,3.9964103432744174,3.876755124101414,3.9964103432744174,4,125,0.031007751937984496,0.9689922480620154,111,16,2,0.8604651162790697,0.12403100775193798,0.015503875968992248,2,14,0.125,0.875,128,1,0.9922480620155039,0.007751937984496124,10,101,0,0,18,110,0,1
scenario1,200,scenario1__H200__eta-constant__states-exogenous,cfg_05dcd430b3e055c29664,run_99d9d122eae3a9c1,1,42,constant,constant_eta0_0p15,True,0.35,0.85,0.15,,0.02,0.75,0.99,0.01,A,opposed_binary_state_preferences_v1,binary_stay_switch_a0_0p1_a1_0p9_v1__exogenous,130,A,A,1.3600414037660266e-06,1.3526890820345763e-06,0.01,0.8415,2.846649900363616e-05,2.8323188852452434e-05,7.187171805305413e-12,agreement,,,a1,a1,0,AI,a1,AI,0.15,0.15,True,True,1.0,0.0,0.879507428039059,0.879507428039059,3.9964103433120157,3.876755124101414,3.9964103433120157,4,126,0.03076923076923077,0.9692307692307692,112,16,2,0.8615384615384616,0.12307692307692308,0.015384615384615385,2,14,0.125,0.875,129,1,0.9923076923076923,0.007692307692307693,10,102,0,0,18,111,0,1
scenario1,200,scenario1__H200__eta-constant__states-exogenous,cfg_05dcd430b3e055c29664,run_99d9d122eae3a9c1,1,42,constant,constant_eta0_0p15,True,0.35,0.85,0.15,,0.02,0.75,0.99,0.01,A,opposed_binary_state_preferences_v1,binary_stay_switch_a0_0p1_a1_0p9_v1__exogenous,131,A,A,1.1560351932011226e-06,1.1497857197293898e-06,0.01,0.8415,2.446757440795147e-05,2.4344295493244303e-05,6.109094790641718e-12,agreement,,,a1,a1,0,AI,a1,AI,0.15,0.15,True,True,1.0,0.0,0.8819172794782778,0.8819172794782778,3.9964103433399325,3.876755124101414,3.9964103433399325,4,127,0.030534351145038167,0.9694656488549618,113,16,2,0.8625954198473282,0.12213740458015267,0.015267175572519083,2,14,0.125,0.875,130,1,0.9923664122137404,0.007633587786259542,10,103,0,0,18,112,0,1
scenario1,200,scenario1__H200__eta-constant__states-exogenous,cfg_05dcd430b3e055c29664,run_99d9d122eae3a9c1,1,42,constant,constant_eta0_0p15,True,0.35,0.85,0.15,,0.02,0.75,0.99,0.01,A,opposed_binary_state_preferences_v1,binary_stay_switch_a0_0p1_a1_0p9_v1__exogenous,132,A,A,9.826299142209538e-07,9.773178617699814e-07,0.01,0.8415,2.1027830941820783e-05,2.092179837114098e-05,5.192809761155699e-12,agreement,,,a1,a1,0,AI,a1,AI,0.15,0.15,True,True,1.0,0.0,0.8842789338887123,0.8842789338887123,3.9964103433606604,3.876755124101414,3.9964103433606604,4,128,0.030303030303030304,0.9696969696969697,114,16,2,0.8636363636363636,0.12121212121212122,0.015151515151515152,2,14,0.125,0.875,131,1,0.9924242424242424,0.007575757575757576,10,104,0,0,18,113,0,1
scenario1,200,scenario1__H200__eta-constant__states-exogenous,cfg_05dcd430b3e055c29664,run_99d9d122eae3a9c1,1,42,constant,constant_eta0_0p15,True,0.35,0.85,0.15,,0.02,0.75,0.99,0.01,A,opposed_binary_state_preferences_v1,binary_stay_switch_a0_0p1_a1_0p9_v1__exogenous,133,A,A,8.352354270878109e-07,8.307201825044841e-07,0.01,0.8415,1.806949007555487e-05,1.797830372167315e-05,4.4137394934528956e-12,agreement,,,a1,a1,0,AI,a1,AI,0.15,0.15,True,True,1.0,0.0,0.886593355210938,0.886593355210938,3.996410343376051,3.876755124101414,3.996410343376051,4,129,0.03007518796992481,0.9699248120300752,115,16,2,0.8646616541353384,0.12030075187969924,0.015037593984962405,2,14,0.125,0.875,132,1,0.9924812030075187,0.007518796992481203,10,105,0,0,18,114,0,1
scenario1,200,scenario1__H200__eta-constant__states-exogenous,cfg_05dcd430b3e055c29664,run_99d9d122eae3a9c1,1,42,constant,constant_eta0_0p15,True,0.35,0.85,0.15,,0.02,0.75,0.99,0.01,A,opposed_binary_state_preferences_v1,binary_stay_switch_a0_0p1_a1_0p9_v1__exogenous,134,A,A,7.099501130246392e-07,7.061121551288116e-07,0.01,0.8415,1.5525525261766907e-05,1.5447116992335944e-05,3.751746168847493e-12,agreement,,,a1,a1,0,AI,a1,AI,0.15,0.15,True,True,1.0,0.0,0.8888614881067192,0.8888614881067192,3.9964103433874785,3.876755124101414,3.9964103433874785,4,130,0.029850746268656716,0.9701492537313433,116,16,2,0.8656716417910447,0.11940298507462686,0.014925373134328358,2,14,0.125,0.875,133,1,0.9925373134328358,0.007462686567164179,10,106,0,0,18,115,0,1
scenario1,200,scenario1__H200__eta-constant__states-exogenous,cfg_05dcd430b3e055c29664,run_99d9d122eae3a9c1,1,42,constant,constant_eta0_0p15,True,0.35,0.85,0.15,,0.02,0.75,0.99,0.01,A,opposed_binary_state_preferences_v1,binary_stay_switch_a0_0p1_a1_0p9_v1__exogenous,135,A,A,6.034575960709433e-07,6.001953318594898e-07,0.01,0.8415,1.3338186357236385e-05,1.3270774439986312e-05,3.189063992942902e-12,agreement,,,a1,a1,0,AI,a1,AI,0.15,0.15,True,True,1.0,0.0,0.8910842583445848,0.8910842583445848,3.9964103433959632,3.876755124101414,3.9964103433959632,4,131,0.02962962962962963,0.9703703703703703,117,16,2,0.8666666666666667,0.11851851851851852,0.014814814814814815,2,14,0.125,0.875,134,1,0.9925925925925926,0.007407407407407408,10,107,0,0,18,116,0,1
scenario1,200,scenario1__H200__eta-constant__states-exogenous,cfg_05dcd430b3e055c29664,run_99d9d122eae3a9c1,1,42,constant,constant_eta0_0p15,True,0.35,0.85,0.15,,0.02,0.75,0.99,0.01,A,opposed_binary_state_preferences_v1,binary_stay_switch_a0_0p1_a1_0p9_v1__exogenous,136,A,A,5.129389566603017e-07,5.101660320805663e-07,0.01,0.8415,1.1457724799637074e-05,1.1399774515188511e-05,2.7107161611525767e-12,agreement,,,a1,a1,0,AI,a1,AI,0.15,0.15,True,True,1.0,0.0,0.8932625731776931,0.8932625731776931,3.9964103434022635,3.876755124101414,3.9964103434022635,4,132,0.029411764705882353,0.9705882352941176,118,16,2,0.8676470588235294,0.11764705882352941,0.014705882352941176,2,14,0.125,0.875,135,1,0.9926470588235294,0.007352941176470588,10,108,0,0,18,117,0,1
scenario1,200,scenario1__H200__eta-constant__states-exogenous,cfg_05dcd430b3e055c29664,run_99d9d122eae3a9c1,1,42,constant,constant_eta0_0p15,True,0.35,0.85,0.15,,0.02,0.75,0.99,0.01,A,opposed_binary_state_preferences_v1,binary_stay_switch_a0_0p1_a1_0p9_v1__exogenous,137,A,A,4.3599811316125646e-07,4.3364112726848136e-07,0.01,0.8415,9.84129251210954e-06,9.791482138812214e-06,2.3040404889093278e-12,agreement,,,a1,a1,0,AI,a1,AI,0.15,0.15,True,True,1.0,0.0,0.8953973217141392,0.8953973217141392,3.996410343406941,3.876755124101414,3.996410343406941,4,133,0.029197080291970802,0.9708029197080292,119,16,2,0.8686131386861314,0.11678832116788321,0.014598540145985401,2,14,0.125,0.875,136,1,0.9927007299270073,0.0072992700729927005,10,109,0,0,18,118,0,1
scenario1,200,scenario1__H200__eta-constant__states-exogenous,cfg_05dcd430b3e055c29664,run_99d9d122eae3a9c1,1,42,constant,constant_eta0_0p15,True,0.35,0.85,0.15,,0.02,0.75,0.99,0.01,A,opposed_binary_state_preferences_v1,binary_stay_switch_a0_0p1_a1_0p9_v1__exogenous,138,A,A,3.7059839618706797e-07,3.6859495817820915e-07,0.01,0.8415,8.45199109973591e-06,8.409182545595722e-06,1.958434287035679e-12,agreement,,,a1,a1,0,AI,a1,AI,0.15,0.15,True,True,1.0,0.0,0.8974893752798564,0.8974893752798564,3.9964103434104143,3.876755124101414,3.9964103434104143,4,134,0.028985507246376812,0.9710144927536232,120,16,2,0.8695652173913043,0.11594202898550725,0.014492753623188406,2,14,0.125,0.875,137,1,0.9927536231884058,0.007246376811594203,10,110,0,0,18,119,0,1
scenario1,200,scenario1__H200__eta-constant__states-exogenous,cfg_05dcd430b3e055c29664,run_99d9d122eae3a9c1,1,42,constant,constant_eta0_0p15,True,0.35,0.85,0.15,,0.02,0.75,0.99,0.01,A,opposed_binary_state_preferences_v1,binary_stay_switch_a0_0p1_a1_0p9_v1__exogenous,139,A,A,3.150086367590078e-07,3.133057144514778e-07,0.01,0.8415,7.258051027274729e-06,7.221264480024622e-06,1.6647491376448108e-12,agreement,,,a1,a1,0,AI,a1,AI,0.15,0.15,True,True,1.0,0.0,0.8995395877742592,0.8995395877742592,3.996410343412993,3.876755124101414,3.996410343412993,4,135,0.02877697841726619,0.9712230215827338,121,16,2,0.8705035971223022,0.11510791366906475,0.014388489208633094,2,14,0.125,0.875,138,1,0.9928057553956835,0.007194244604316547,10,111,0,0,18,120,0,1
scenario1,200,scenario1__H200__eta-constant__states-exogenous,cfg_05dcd430b3e055c29664,run_99d9d122eae3a9c1,1,42,constant,constant_eta0_0p15,True,0.35,0.85,0.15,,0.02,0.75,0.99,0.01,A,opposed_binary_state_preferences_v1,binary_stay_switch_a0_0p1_a1_0p9_v1__exogenous,140,A,A,2.6775734124515664e-07,2.6630985728375606e-07,0.01,0.8415,6.232123175190094e-06,6.200515225371096e-06,1.4149686260562188e-12,agreement,,,a1,a1,0,AI,a1,AI,0.15,0.15,True,True,1.0,0.0,0.901548796018774,0.901548796018774,3.996410343414908,3.876755124101414,3.996410343414908,4,136,0.02857142857142857,0.9714285714285714,122,16,2,0.8714285714285714,0.11428571428571428,0.014285714285714285,2,14,0.125,0.875,139,1,0.9928571428571429,0.007142857142857143,10,112,0,0,18,121,0,1
scenario1,200,scenario1__H200__eta-constant__states-exogenous,cfg_05dcd430b3e055c29664,run_99d9d122eae3a9c1,1,42,constant,constant_eta0_0p15,True,0.35,0.85,0.15,,0.02,0.75,0.99,0.01,A,opposed_binary_state_preferences_v1,binary_stay_switch_a0_0p1_a1_0p9_v1__exogenous,141,A,A,2.2759374005838313e-07,2.2636337869119267e-07,0.01,0.8415,5.3506675294303255e-06,5.323512295119157e-06,1.2026431998875362e-12,agreement,,,a1,a1,0,AI,a1,AI,0.15,0.15,True,True,1.0,0.0,0.9035178200983985,0.9035178200983985,3.99641034341633,3.876755124101414,3.99641034341633,4,137,0.028368794326241134,0.9716312056737588,123,16,2,0.8723404255319149,0.11347517730496454,0.014184397163120567,2,14,0.125,0.875,140,1,0.9929078014184397,0.0070921985815602835,10,113,0,0,18,122,0,1
scenario1,200,scenario1__H200__eta-constant__states-exogenous,cfg_05dcd430b3e055c29664,run_99d9d122eae3a9c1,1,42,constant,constant_eta0_0p15,True,0.35,0.85,0.15,,0.02,0.75,0.99,0.01,A,opposed_binary_state_preferences_v1,binary_stay_switch_a0_0p1_a1_0p9_v1__exogenous,142,A,A,1.9345467904962566e-07,1.9240887188751378e-07,0.01,0.8415,4.593425805130414e-06,4.570098650416971e-06,1.0223948436687382e-12,agreement,,,a1,a1,0,AI,a1,AI,0.15,0.15,True,True,1.0,0.0,0.9054474636964306,0.9054474636964306,3.9964103434173857,3.876755124101414,3.9964103434173857,4,138,0.028169014084507043,0.971830985915493,124,16,2,0.8732394366197183,0.11267605633802817,0.014084507042253521,2,14,0.125,0.875,141,1,0.9929577464788732,0.007042253521126761,10,114,0,0,18,123,0,1
scenario1,200,scenario1__H200__eta-constant__states-exogenous,cfg_05dcd430b3e055c29664,run_99d9d122eae3a9c1,1,42,constant,constant_eta0_0p15,True,0.35,0.85,0.15,,0.02,0.75,0.99,0.01,A,opposed_binary_state_preferences_v1,binary_stay_switch_a0_0p1_a1_0p9_v1__exogenous,143,A,A,1.644364771921818e-07,1.635475411043867e-07,0.01,0.8415,3.942966578134914e-06,3.922930071974091e-06,8.689675184858528e-13,agreement,,,a1,a1,0,AI,a1,AI,0.15,0.15,True,True,1.0,0.0,0.907338514422502,0.907338514422502,3.9964103434181695,3.876755124101414,3.9964103434181695,4,139,0.027972027972027972,0.972027972027972,125,16,2,0.8741258741258742,0.11188811188811189,0.013986013986013986,2,14,0.125,0.875,142,1,0.993006993006993,0.006993006993006993,10,115,0,0,18,124,0,1
scenario1,200,scenario1__H200__eta-constant__states-exogenous,cfg_05dcd430b3e055c29664,run_99d9d122eae3a9c1,1,42,constant,constant_eta0_0p15,True,0.35,0.85,0.15,,0.02,0.75,0.99,0.01,A,opposed_binary_state_preferences_v1,binary_stay_switch_a0_0p1_a1_0p9_v1__exogenous,144,A,A,1.3977100561335454e-07,1.390154099387287e-07,0.01,0.8415,3.38429303819979e-06,3.3670848469086734e-06,7.388626286538707e-13,agreement,,,a1,a1,0,AI,a1,AI,0.15,0.15,True,True,1.0,0.0,0.909191744134052,0.909191744134052,3.9964103434187517,3.876755124101414,3.9964103434187517,4,140,0.027777777777777776,0.9722222222222222,126,16,2,0.875,0.1111111111111111,0.013888888888888888,2,14,0.125,0.875,143,1,0.9930555555555556,0.006944444444444444,10,116,0,0,18,125,0,1
scenario1,200,scenario1__H200__eta-constant__states-exogenous,cfg_05dcd430b3e055c29664,run_99d9d122eae3a9c1,1,42,constant,constant_eta0_0p15,True,0.35,0.85,0.15,,0.02,0.75,0.99,0.01,A,opposed_binary_state_preferences_v1,binary_stay_switch_a0_0p1_a1_0p9_v1__exogenous,145,A,A,1.1880535477135136e-07,1.1816309844791938e-07,0.01,0.8415,2.904504811834401e-06,2.88972726256195e-06,6.278290036901908e-13,agreement,,,a1,a1,0,AI,a1,AI,0.15,0.15,True,True,1.0,0.0,0.911007909251371,0.911007909251371,3.9964103434191838,3.876755124101414,3.9964103434191838,4,141,0.027586206896551724,0.9724137931034482,127,16,2,0.8758620689655172,0.1103448275862069,0.013793103448275862,2,14,0.125,0.875,144,1,0.993103448275862,0.006896551724137931,10,117,0,0,18,126,0,1
scenario1,200,scenario1__H200__eta-constant__states-exogenous,cfg_05dcd430b3e055c29664,run_99d9d122eae3a9c1,1,42,constant,constant_eta0_0p15,True,0.35,0.85,0.15,,0.02,0.75,0.99,0.01,A,opposed_binary_state_preferences_v1,binary_stay_switch_a0_0p1_a1_0p9_v1__exogenous,146,A,A,1.0098455155564865e-07,1.0043863368073147e-07,0.01,0.8415,2.4925064598993644e-06,2.47981754415069e-06,5.337347292174517e-13,agreement,,,a1,a1,0,AI,a1,AI,0.15,0.15,True,True,1.0,0.0,0.9127877510663436,0.9127877510663436,3.9964103434195044,3.876755124101414,3.9964103434195044,4,142,0.0273972602739726,0.9726027397260274,128,16,2,0.8767123287671232,0.1095890410958904,0.0136986301369863,2,14,0.125,0.875,145,1,0.9931506849315068,0.00684931506849315,10,118,0,0,18,127,0,1
scenario1,200,scenario1__H200__eta-constant__states-exogenous,cfg_05dcd430b3e055c29664,run_99d9d122eae3a9c1,1,42,constant,constant_eta0_0p15,True,0.35,0.85,0.15,,0.02,0.75,0.99,0.01,A,opposed_binary_state_preferences_v1,binary_stay_switch_a0_0p1_a1_0p9_v1__exogenous,147,A,A,8.583686882230135e-08,8.537283862862174e-08,0.01,0.8415,2.1387562550001283e-06,2.127861877702646e-06,4.536064400699182e-13,agreement,,,a1,a1,0,AI,a1,AI,0.15,0.15,True,True,1.0,0.0,0.9145319960450167,0.9145319960450167,3.996410343419743,3.876755124101414,3.996410343419743,4,143,0.027210884353741496,0.9727891156462585,129,16,2,0.8775510204081632,0.10884353741496598,0.013605442176870748,2,14,0.125,0.875,146,1,0.9931972789115646,0.006802721088435374,10,119,0,0,18,128,0,1
scenario1,200,scenario1__H200__eta-constant__states-exogenous,cfg_05dcd430b3e055c29664,run_99d9d122eae3a9c1,1,42,constant,constant_eta0_0p15,True,0.35,0.85,0.15,,0.02,0.75,0.99,0.01,A,opposed_binary_state_preferences_v1,binary_stay_switch_a0_0p1_a1_0p9_v1__exogenous,148,A,A,7.296133849895615e-08,7.256691283432847e-08,0.01,0.8415,1.8350497161646091e-06,1.8256970163729784e-06,3.8556546894546903e-13,agreement,,,a1,a1,0,AI,a1,AI,0.15,0.15,True,True,1.0,0.0,0.9162413561241164,0.9162413561241164,3.9964103434199196,3.876755124101414,3.9964103434199196,4,144,0.02702702702702703,0.972972972972973,130,16,2,0.8783783783783784,0.10810810810810811,0.013513513513513514,2,14,0.125,0.875,147,1,0.9932432432432432,0.006756756756756757,10,120,0,0,18,129,0,1
scenario1,200,scenario1__H200__eta-constant__states-exogenous,cfg_05dcd430b3e055c29664,run_99d9d122eae3a9c1,1,42,constant,constant_eta0_0p15,True,0.35,0.85,0.15,,0.02,0.75,0.99,0.01,A,opposed_binary_state_preferences_v1,binary_stay_switch_a0_0p1_a1_0p9_v1__exogenous,149,A,A,6.201713772411273e-08,6.16818759091792e-08,0.01,0.8415,1.5743331231478342e-06,1.5663047211532814e-06,3.27810730830721e-13,agreement,,,a1,a1,0,AI,a1,AI,0.15,0.15,True,True,1.0,0.0,0.9179165290016341,0.9179165290016341,3.9964103434200506,3.876755124101414,3.9964103434200506,4,145,0.026845637583892617,0.9731543624161074,131,16,2,0.8791946308724832,0.10738255033557047,0.013422818791946308,2,14,0.125,0.875,148,1,0.9932885906040269,0.006711409395973154,10,121,0,0,18,130,0,1
scenario1,200,scenario1__H200__eta-constant__states-exogenous,cfg_05dcd430b3e055c29664,run_99d9d122eae3a9c1,1,42,constant,constant_eta0_0p15,True,0.35,0.85,0.15,,0.02,0.75,0.99,0.01,A,opposed_binary_state_preferences_v1,binary_stay_switch_a0_0p1_a1_0p9_v1__exogenous,150,A,A,5.271456706549582e-08,5.2429594522802324e-08,0.01,0.8415,1.35054288943084e-06,1.343651931516094e-06,2.7857104563401016e-13,agreement,,,a1,a1,0,AI,a1,AI,0.15,0.15,True,True,1.0,0.0,0.9195581984216015,0.9195581984216015,3.9964103434201483,3.876755124101414,3.9964103434201483,4,146,0.02666666666666667,0.9733333333333334,132,16,2,0.88,0.10666666666666667,0.013333333333333334,2,14,0.125,0.875,149,1,0.9933333333333333,0.006666666666666667,10,122,0,0,18,131,0,1
scenario1,200,scenario1__H200__eta-constant__states-exogenous,cfg_05dcd430b3e055c29664,run_99d9d122eae3a9c1,1,42,constant,constant_eta0_0p15,True,0.35,0.85,0.15,,0.02,0.75,0.99,0.01,A,opposed_binary_state_preferences_v1,binary_stay_switch_a0_0p1_a1_0p9_v1__exogenous,151,A,A,4.480738200567144e-08,4.456515534438197e-08,0.01,0.8415,1.1584672305146184e-06,1.1525531224526485e-06,2.367853871689581e-13,agreement,,,a1,a1,0,AI,a1,AI,0.15,0.15,True,True,1.0,0.0,0.9211670344531694,0.9211670344531694,3.9964103434202207,3.876755124101414,3.9964103434202207,4,147,0.026490066225165563,0.9735099337748344,133,16,2,0.8807947019867549,0.10596026490066225,0.013245033112582781,2,14,0.125,0.875,150,1,0.9933774834437086,0.006622516556291391,10,123,0,0,18,132,0,1
scenario1,200,scenario1__H200__eta-constant__states-exogenous,cfg_05dcd430b3e055c29664,run_99d9d122eae3a9c1,1,42,constant,constant_eta0_0p15,True,0.35,0.85,0.15,,0.02,0.75,0.99,0.01,A,opposed_binary_state_preferences_v1,binary_stay_switch_a0_0p1_a1_0p9_v1__exogenous,152,A,A,3.8086274704820724e-08,3.7880382042724674e-08,0.01,0.8415,9.93627054132781e-07,9.88551787666944e-07,2.0126757780188916e-13,agreement,,,a1,a1,0,AI,a1,AI,0.15,0.15,True,True,1.0,0.0,0.922743693764106,0.922743693764106,3.9964103434202745,3.876755124101414,3.9964103434202745,4,148,0.02631578947368421,0.9736842105263158,134,16,2,0.881578947368421,0.10526315789473684,0.013157894736842105,2,14,0.125,0.875,151,1,0.993421052631579,0.006578947368421052,10,124,0,0,18,133,0,1
scenario1,200,scenario1__H200__eta-constant__states-exogenous,cfg_05dcd430b3e055c29664,run_99d9d122eae3a9c1,1,42,constant,constant_eta0_0p15,True,0.35,0.85,0.15,,0.02,0.75,0.99,0.01,A,opposed_binary_state_preferences_v1,binary_stay_switch_a0_0p1_a1_0p9_v1__exogenous,153,A,A,3.237333349909761e-08,3.219832473631597e-08,0.01,0.8415,8.521734179561739e-07,8.478184080809224e-07,1.7107744018398768e-13,agreement,,,a1,a1,0,AI,a1,AI,0.15,0.15,True,True,1.0,0.0,0.9242888198888239,0.9242888198888239,3.9964103434203144,3.876755124101414,3.9964103434203144,4,149,0.026143790849673203,0.9738562091503268,135,16,2,0.8823529411764706,0.10457516339869281,0.013071895424836602,2,14,0.125,0.875,152,1,0.9934640522875817,0.006535947712418301,10,125,0,0,18,134,0,1
scenario1,200,scenario1__H200__eta-constant__states-exogenous,cfg_05dcd430b3e055c29664,run_99d9d122eae3a9c1,1,42,constant,constant_eta0_0p15,True,0.35,0.85,0.15,,0.02,0.75,0.99,0.01,A,opposed_binary_state_preferences_v1,binary_stay_switch_a0_0p1_a1_0p9_v1__exogenous,154,A,A,2.751733347423297e-08,2.7368576025868577e-08,0.01,0.8415,7.30799263891545e-07,7.270626270917321e-07,1.4549590904102774e-13,agreement,,,a1,a1,0,AI,a1,AI,0.15,0.15,True,True,1.0,0.0,0.9258030434910475,0.9258030434910475,3.9964103434203437,3.876755124101414,3.9964103434203437,4,150,0.025974025974025976,0.974025974025974,136,16,2,0.8831168831168831,0.1038961038961039,0.012987012987012988,2,14,0.125,0.875,153,1,0.9935064935064936,0.006493506493506494,10,126,0,0,18,135,0,1
scenario1,200,scenario1__H200__eta-constant__states-exogenous,cfg_05dcd430b3e055c29664,run_99d9d122eae3a9c1,1,42,constant,constant_eta0_0p15,True,0.35,0.85,0.15,,0.02,0.75,0.99,0.01,A,opposed_binary_state_preferences_v1,binary_stay_switch_a0_0p1_a1_0p9_v1__exogenous,155,A,A,2.3389733453098025e-08,2.326328962198829e-08,0.01,0.8415,6.266634541239949e-07,6.234576661504624e-07,1.2360344932299747e-13,agreement,,,a1,a1,0,AI,a1,AI,0.15,0.15,True,True,1.0,0.0,0.9272869826212266,0.9272869826212266,3.996410343420366,3.876755124101414,3.996410343420366,4,151,0.025806451612903226,0.9741935483870968,137,16,2,0.8838709677419355,0.1032258064516129,0.012903225806451613,2,14,0.125,0.875,154,1,0.9935483870967742,0.0064516129032258064,10,127,0,0,18,136,0,1
scenario1,200,scenario1__H200__eta-constant__states-exogenous,cfg_05dcd430b3e055c29664,run_99d9d122eae3a9c1,1,42,constant,constant_eta0_0p15,True,0.35,0.85,0.15,,0.02,0.75,0.99,0.01,A,opposed_binary_state_preferences_v1,binary_stay_switch_a0_0p1_a1_0p9_v1__exogenous,156,A,A,1.988127343513332e-08,1.9773796178690047e-08,0.01,0.8415,5.37325403930367e-07,5.345752843740269e-07,1.0498284589906213e-13,agreement,,,a1,a1,0,AI,a1,AI,0.15,0.15,True,True,1.0,0.0,0.928741242968802,0.928741242968802,3.9964103434203824,3.876755124101414,3.9964103434203824,4,152,0.02564102564102564,0.9743589743589743,138,16,2,0.8846153846153846,0.10256410256410256,0.01282051282051282,2,14,0.125,0.875,155,1,0.9935897435897436,0.00641025641025641,10,128,0,0,18,137,0,1
scenario1,200,scenario1__H200__eta-constant__states-exogenous,cfg_05dcd430b3e055c29664,run_99d9d122eae3a9c1,1,42,constant,constant_eta0_0p15,True,0.35,0.85,0.15,,0.02,0.75,0.99,0.01,A,opposed_binary_state_preferences_v1,binary_stay_switch_a0_0p1_a1_0p9_v1__exogenous,157,A,A,1.689908241986332e-08,1.680772675188654e-08,0.01,0.8415,4.606888409669114e-07,4.583298197178784e-07,8.930349156610367e-14,agreement,,,a1,a1,0,AI,a1,AI,0.15,0.15,True,True,1.0,0.0,0.930166418109426,0.930166418109426,3.9964103434203944,3.876755124101414,3.9964103434203944,4,153,0.025477707006369428,0.9745222929936306,139,16,2,0.8853503184713376,0.10191082802547771,0.012738853503184714,2,14,0.125,0.875,156,1,0.9936305732484076,0.006369426751592357,10,129,0,0,18,138,0,1
scenario1,200,scenario1__H200__eta-constant__states-exogenous,cfg_05dcd430b3e055c29664,run_99d9d122eae3a9c1,1,42,constant,constant_eta0_0p15,True,0.35,0.85,0.15,,0.02,0.75,0.99,0.01,A,opposed_binary_state_preferences_v1,binary_stay_switch_a0_0p1_a1_0p9_v1__exogenous,158,A,A,1.4364220056883822e-08,1.4286567739103558e-08,0.01,0.8415,3.949534253951266e-07,3.9293005045066153e-07,7.59079676048715e-14,agreement,,,a1,a1,0,AI,a1,AI,0.15,0.15,True,True,1.0,0.0,0.9315630897472374,0.9315630897472374,3.9964103434204037,3.876755124101414,3.9964103434204037,4,154,0.02531645569620253,0.9746835443037974,140,16,2,0.8860759493670886,0.10126582278481013,0.012658227848101266,2,14,0.125,0.875,157,1,0.9936708860759493,0.006329113924050633,10,130,0,0,18,139,0,1
scenario1,200,scenario1__H200__eta-constant__states-exogenous,cfg_05dcd430b3e055c29664,run_99d9d122eae3a9c1,1,42,constant,constant_eta0_0p15,True,0.35,0.85,0.15,,0.02,0.75,0.99,0.01,A,opposed_binary_state_preferences_v1,binary_stay_switch_a0_0p1_a1_0p9_v1__exogenous,159,A,A,1.2209587048351248e-08,1.2143582578238023e-08,0.01,0.8415,3.385731354968949e-07,3.368377911191544e-07,6.460185795758392e-14,agreement,,,a1,a1,0,AI,a1,AI,0.15,0.15,True,True,1.0,0.0,0.9329318279522927,0.9329318279522927,3.9964103434204103,3.876755124101414,3.9964103434204103,4,155,0.025157232704402517,0.9748427672955975,141,16,2,0.8867924528301887,0.10062893081761007,0.012578616352201259,2,14,0.125,0.875,158,1,0.9937106918238994,0.006289308176100629,10,131,0,0,18,140,0,1
scenario1,200,scenario1__H200__eta-constant__states-exogenous,cfg_05dcd430b3e055c29664,run_99d9d122eae3a9c1,1,42,constant,constant_eta0_0p15,True,0.35,0.85,0.15,,0.02,0.75,0.99,0.01,A,opposed_binary_state_preferences_v1,binary_stay_switch_a0_0p1_a1_0p9_v1__exogenous,160,A,A,1.037814899109856e-08,1.032204519150232e-08,0.01,0.8415,2.902204805936291e-07,2.8873228344075665e-07,5.484350641558395e-14,agreement,,,a1,a1,0,AI,a1,AI,0.15,0.15,True,True,1.0,0.0,0.9342731913932468,0.9342731913932468,3.9964103434204152,3.876755124101414,3.9964103434204152,4,156,0.025,0.975,142,16,2,0.8875,0.1,0.0125,2,14,0.125,0.875,159,1,0.99375,0.00625,10,132,0,0,18,141,0,1
scenario1,200,scenario1__H200__eta-constant__states-exogenous,cfg_05dcd430b3e055c29664,run_99d9d122eae3a9c1,1,42,constant,constant_eta0_0p15,True,0.35,0.85,0.15,,0.02,0.75,0.99,0.01,A,opposed_binary_state_preferences_v1,binary_stay_switch_a0_0p1_a1_0p9_v1__exogenous,161,A,A,8.821426642433778e-09,8.773738412776972e-09,0.01,0.8415,2.4875572645354656e-07,2.474795776886875e-07,4.653689470039937e-14,agreement,,,a1,a1,0,AI,a1,AI,0.15,0.15,True,True,1.0,0.0,0.9355877275653819,0.9355877275653819,3.996410343420419,3.876755124101414,3.996410343420419,4,157,0.024844720496894408,0.9751552795031055,143,16,2,0.8881987577639752,0.09937888198757763,0.012422360248447204,2,14,0.125,0.875,160,1,0.9937888198757764,0.006211180124223602,10,133,0,0,18,142,0,1
scenario1,200,scenario1__H200__eta-constant__states-exogenous,cfg_05dcd430b3e055c29664,run_99d9d122eae3a9c1,1,42,constant,constant_eta0_0p15,True,0.35,0.85,0.15,,0.02,0.75,0.99,0.01,A,opposed_binary_state_preferences_v1,binary_stay_switch_a0_0p1_a1_0p9_v1__exogenous,162,A,A,7.498212646068711e-09,7.457677650860425e-09,0.01,0.8415,2.1320043783056496e-07,2.121062072443307e-07,3.970451894831807e-14,agreement,,,a1,a1,0,AI,a1,AI,0.15,0.15,True,True,1.0,0.0,0.9368759730140742,0.9368759730140742,3.9964103434204215,3.876755124101414,3.9964103434204215,4,158,0.024691358024691357,0.9753086419753086,144,16,2,0.8888888888888888,0.09876543209876543,0.012345679012345678,2,14,0.125,0.875,161,1,0.9938271604938271,0.006172839506172839,10,134,0,0,18,143,0,1
scenario1,200,scenario1__H200__eta-constant__states-exogenous,cfg_05dcd430b3e055c29664,run_99d9d122eae3a9c1,1,42,constant,constant_eta0_0p15,True,0.35,0.85,0.15,,0.02,0.75,0.99,0.01,A,opposed_binary_state_preferences_v1,binary_stay_switch_a0_0p1_a1_0p9_v1__exogenous,163,A,A,6.3734807491584046e-09,6.339026003231361e-09,0.01,0.8415,1.827147319815961e-07,1.8177655753448987e-07,3.3600682586917304e-14,agreement,,,a1,a1,0,AI,a1,AI,0.15,0.15,True,True,1.0,0.0,0.9381384535537928,0.9381384535537928,3.9964103434204237,3.876755124101414,3.9964103434204237,4,159,0.024539877300613498,0.9754601226993865,145,16,2,0.8895705521472392,0.09815950920245399,0.012269938650306749,2,14,0.125,0.875,162,1,0.9938650306748467,0.006134969325153374,10,135,0,0,18,144,0,1
scenario1,200,scenario1__H200__eta-constant__states-exogenous,cfg_05dcd430b3e055c29664,run_99d9d122eae3a9c1,1,42,constant,constant_eta0_0p15,True,0.35,0.85,0.15,,0.02,0.75,0.99,0.01,A,opposed_binary_state_preferences_v1,binary_stay_switch_a0_0p1_a1_0p9_v1__exogenous,164,A,A,5.417458636784644e-09,5.388172102746657e-09,0.01,0.8415,1.5657772794537453e-07,1.5577341296663687e-07,2.862865294665693e-14,agreement,,,a1,a1,0,AI,a1,AI,0.15,0.15,True,True,1.0,0.0,0.9393756844827169,0.9393756844827169,3.9964103434204254,3.876755124101414,3.9964103434204254,4,160,0.024390243902439025,0.975609756097561,146,16,2,0.8902439024390244,0.0975609756097561,0.012195121951219513,2,14,0.125,0.875,163,1,0.9939024390243902,0.006097560975609756,10,136,0,0,18,145,0,1
scenario1,200,scenario1__H200__eta-constant__states-exogenous,cfg_05dcd430b3e055c29664,run_99d9d122eae3a9c1,1,42,constant,constant_eta0_0p15,True,0.35,0.85,0.15,,0.02,0.75,0.99,0.01,A,opposed_binary_state_preferences_v1,binary_stay_switch_a0_0p1_a1_0p9_v1__exogenous,165,A,A,4.604839841266947e-09,4.5799462873346585e-09,0.01,0.8415,1.3417074375366812e-07,1.3348123926818969e-07,2.4334354974218146e-14,agreement,,,a1,a1,0,AI,a1,AI,0.15,0.15,True,True,1.0,0.0,0.9405881707930626,0.9405881707930626,3.9964103434204263,3.876755124101414,3.9964103434204263,4,161,0.024242424242424242,0.9757575757575757,147,16,2,0.8909090909090909,0.09696969696969697,0.012121212121212121,2,14,0.125,0.875,164,1,0.9939393939393939,0.006060606060606061,10,137,0,0,18,146,0,1
scenario1,200,scenario1__H200__eta-constant__states-exogenous,cfg_05dcd430b3e055c29664,run_99d9d122eae3a9c1,1,42,constant,constant_eta0_0p15,True,0.35,0.85,0.15,,0.02,0.75,0.99,0.01,A,opposed_binary_state_preferences_v1,binary_stay_switch_a0_0p1_a1_0p9_v1__exogenous,166,A,A,3.914113865076905e-09,3.892954344234459e-09,0.01,0.8415,1.1496285581262189e-07,1.1437181593964294e-07,2.0684201741982058e-14,agreement,,,a1,a1,0,AI,a1,AI,0.15,0.15,True,True,1.0,0.0,0.9417764073772014,0.9417764073772014,3.9964103434204272,3.876755124101414,3.9964103434204272,4,162,0.024096385542168676,0.9759036144578314,148,16,2,0.891566265060241,0.0963855421686747,0.012048192771084338,2,14,0.125,0.875,165,1,0.9939759036144579,0.006024096385542169,10,138,0,0,18,147,0,1
scenario1,200,scenario1__H200__eta-constant__states-exogenous,cfg_05dcd430b3e055c29664,run_99d9d122eae3a9c1,1,42,constant,constant_eta0_0p15,True,0.35,0.85,0.15,,0.02,0.75,0.99,0.01,A,opposed_binary_state_preferences_v1,binary_stay_switch_a0_0p1_a1_0p9_v1__exogenous,167,A,A,3.3269967853153686e-09,3.3090111925992902e-09,0.01,0.8415,9.849849265933326e-08,9.799189173869372e-08,1.7581571460501542e-14,agreement,,,a1,a1,0,AI,a1,AI,0.15,0.15,True,True,1.0,0.0,0.9429408792296573,0.9429408792296573,3.996410343420428,3.876755124101414,3.996410343420428,4,163,0.023952095808383235,0.9760479041916168,149,16,2,0.8922155688622755,0.09580838323353294,0.011976047904191617,2,14,0.125,0.875,166,1,0.9940119760479041,0.005988023952095809,10,139,0,0,18,148,0,1
scenario1,200,scenario1__H200__eta-constant__states-exogenous,cfg_05dcd430b3e055c29664,run_99d9d122eae3a9c1,1,42,constant,constant_eta0_0p15,True,0.35,0.85,0.15,,0.02,0.75,0.99,0.01,A,opposed_binary_state_preferences_v1,binary_stay_switch_a0_0p1_a1_0p9_v1__exogenous,168,A,A,2.827947267518063e-09,2.8126595137093965e-09,0.01,0.8415,8.438677420687914e-08,8.395257897725026e-08,1.4944335729184038e-14,agreement,,,a1,a1,0,AI,a1,AI,0.15,0.15,True,True,1.0,0.0,0.9440820616450641,0.9440820616450641,3.9964103434204286,3.876755124101414,3.9964103434204286,4,164,0.023809523809523808,0.9761904761904762,150,16,2,0.8928571428571429,0.09523809523809523,0.011904761904761904,2,14,0.125,0.875,167,1,0.9940476190476191,0.005952380952380952,10,140,0,0,18,149,0,1
scenario1,200,scenario1__H200__eta-constant__states-exogenous,cfg_05dcd430b3e055c29664,run_99d9d122eae3a9c1,1,42,constant,constant_eta0_0p15,True,0.35,0.85,0.15,,0.02,0.75,0.99,0.01,A,opposed_binary_state_preferences_v1,binary_stay_switch_a0_0p1_a1_0p9_v1__exogenous,169,A,A,2.4037551773903535e-09,2.390760586652987e-09,0.01,0.8415,7.229235510388809e-08,7.192024237868248e-08,1.2622599726478157e-14,agreement,,,a1,a1,0,AI,a1,AI,0.15,0.15,True,True,1.0,0.0,0.9452004204121629,0.9452004204121629,3.996410343420429,3.876755124101414,3.996410343420429,4,165,0.023668639053254437,0.9763313609467456,151,16,2,0.893491124260355,0.09467455621301775,0.011834319526627219,2,14,0.125,0.875,168,1,0.9940828402366864,0.005917159763313609,10,141,0,0,18,150,0,1
scenario1,200,scenario1__H200__eta-constant__states-exogenous,cfg_05dcd430b3e055c29664,run_99d9d122eae3a9c1,1,42,constant,constant_eta0_0p15,True,0.35,0.85,0.15,,0.02,0.75,0.99,0.01,A,opposed_binary_state_preferences_v1,binary_stay_switch_a0_0p1_a1_0p9_v1__exogenous,170,A,A,2.0431919007818003e-09,2.032146498655039e-09,0.01,0.8415,6.19275593941336e-08,6.160867369456344e-08,1.0717196894785567e-14,agreement,,,a1,a1,0,AI,a1,AI,0.15,0.15,True,True,1.0,0.0,0.9462964120039197,0.9462964120039197,3.996410343420429,3.876755124101414,3.996410343420429,4,166,0.023529411764705882,0.9764705882352941,152,16,2,0.8941176470588236,0.09411764705882353,0.011764705882352941,2,14,0.125,0.875,169,1,0.9941176470588236,0.0058823529411764705,10,142,0,0,18,151,0,1
scenario1,200,scenario1__H200__eta-constant__states-exogenous,cfg_05dcd430b3e055c29664,run_99d9d122eae3a9c1,1,42,constant,constant_eta0_0p15,True,0.35,0.85,0.15,,0.02,0.75,0.99,0.01,A,opposed_binary_state_preferences_v1,binary_stay_switch_a0_0p1_a1_0p9_v1__exogenous,171,A,A,1.7367131156645302e-09,1.7273245238567832e-09,0.01,0.8415,5.304562429447944e-08,5.277237025539253e-08,9.097604509353561e-15,agreement,,,a1,a1,0,AI,a1,AI,0.15,0.15,True,True,1.0,0.0,0.9473704837638413,0.9473704837638413,3.996410343420429,3.876755124101414,3.996410343420429,4,167,0.023391812865497075,0.9766081871345029,153,16,2,0.8947368421052632,0.0935672514619883,0.011695906432748537,2,14,0.125,0.875,170,1,0.9941520467836257,0.005847953216374269,10,143,0,0,18,152,0,1
scenario1,200,scenario1__H200__eta-constant__states-exogenous,cfg_05dcd430b3e055c29664,run_99d9d122eae3a9c1,1,42,constant,constant_eta0_0p15,True,0.35,0.85,0.15,,0.02,0.75,0.99,0.01,A,opposed_binary_state_preferences_v1,binary_stay_switch_a0_0p1_a1_0p9_v1__exogenous,172,A,A,1.4762061483148507e-09,1.4682258452782656e-09,0.01,0.8415,4.54348997235958e-08,4.5200762726636186e-08,7.801036651699847e-15,agreement,,,a1,a1,0,AI,a1,AI,0.15,0.15,True,True,1.0,0.0,0.9484230740885644,0.9484230740885644,3.996410343420429,3.876755124101414,3.996410343420429,4,168,0.023255813953488372,0.9767441860465116,154,16,2,0.8953488372093024,0.09302325581395349,0.011627906976744186,2,14,0.125,0.875,171,1,0.9941860465116279,0.005813953488372093,10,144,0,0,18,153,0,1
scenario1,200,scenario1__H200__eta-constant__states-exogenous,cfg_05dcd430b3e055c29664,run_99d9d122eae3a9c1,1,42,constant,constant_eta0_0p15,True,0.35,0.85,0.15,,0.02,0.75,0.99,0.01,A,opposed_binary_state_preferences_v1,binary_stay_switch_a0_0p1_a1_0p9_v1__exogenous,173,A,A,1.2547752260676232e-09,1.2479919684865259e-09,0.01,0.8415,3.8913865868800027e-08,3.871325898317295e-08,6.630881155764667e-15,agreement,,,a1,a1,0,AI,a1,AI,0.15,0.15,True,True,1.0,0.0,0.9494546126067931,0.9494546126067931,3.996410343420429,3.876755124101414,3.996410343420429,4,169,0.023121387283236993,0.976878612716763,155,16,2,0.8959537572254336,0.09248554913294797,0.011560693641618497,2,14,0.125,0.875,172,1,0.9942196531791907,0.005780346820809248,10,145,0,0,18,154,0,1
scenario1,200,scenario1__H200__eta-constant__states-exogenous,cfg_05dcd430b3e055c29664,run_99d9d122eae3a9c1,1,42,constant,constant_eta0_0p15,True,0.35,0.85,0.15,,0.02,0.75,0.99,0.01,A,opposed_binary_state_preferences_v1,binary_stay_switch_a0_0p1_a1_0p9_v1__exogenous,174,A,A,1.0665589421574797e-09,1.060793173213547e-09,0.01,0.8415,3.3326856921430946e-08,3.315498924421993e-08,5.71633464673863e-15,agreement,,,a1,a1,0,AI,a1,AI,0.15,0.15,True,True,1.0,0.0,0.9504655203546573,0.9504655203546573,3.996410343420429,3.876755124101414,3.996410343420429,4,170,0.022988505747126436,0.9770114942528736,156,16,2,0.896551724137931,0.09195402298850575,0.011494252873563218,2,14,0.125,0.875,173,1,0.9942528735632183,0.005747126436781609,10,146,0,0,18,155,0,1
scenario1,200,scenario1__H200__eta-constant__states-exogenous,cfg_05dcd430b3e055c29664,run_99d9d122eae3a9c1,1,42,constant,constant_eta0_0p15,True,0.35,0.85,0.15,,0.02,0.75,0.99,0.01,A,opposed_binary_state_preferences_v1,binary_stay_switch_a0_0p1_a1_0p9_v1__exogenous,175,A,A,9.065751008338577e-10,9.016741972315148e-10,0.01,0.8415,2.8540388776313214e-08,2.8393152167085107e-08,4.710725968128778e-15,agreement,,,a1,a1,0,AI,a1,AI,0.15,0.15,True,True,1.0,0.0,0.9514562099475641,0.9514562099475641,3.996410343420429,3.876755124101414,3.996410343420429,4,171,0.022857142857142857,0.9771428571428571,157,16,2,0.8971428571428571,0.09142857142857143,0.011428571428571429,2,14,0.125,0.875,174,1,0.9942857142857143,0.005714285714285714,10,147,0,0,18,156,0,1
scenario1,200,scenario1__H200__eta-constant__states-exogenous,cfg_05dcd430b3e055c29664,run_99d9d122eae3a9c1,1,42,constant,constant_eta0_0p15,True,0.35,0.85,0.15,,0.02,0.75,0.99,0.01,A,opposed_binary_state_preferences_v1,binary_stay_switch_a0_0p1_a1_0p9_v1__exogenous,176,A,A,7.70588835708779e-10,7.664230676467876e-10,0.01,0.8415,2.4440006814807537e-08,2.4313878897020487e-08,4.072189884710464e-15,agreement,,,a1,a1,0,AI,a1,AI,0.15,0.15,True,True,1.0,0.0,0.9524270857486128,0.9524270857486128,3.996410343420429,3.876755124101414,3.996410343420429,4,172,0.022727272727272728,0.9772727272727273,158,16,2,0.8977272727272727,0.09090909090909091,0.011363636363636364,2,14,0.125,0.875,175,1,0.9943181818181818,0.005681818181818182,10,148,0,0,18,157,0,1
scenario1,200,scenario1__H200__eta-constant__states-exogenous,cfg_05dcd430b3e055c29664,run_99d9d122eae3a9c1,1,42,constant,constant_eta0_0p15,True,0.35,0.85,0.15,,0.02,0.75,0.99,0.01,A,opposed_binary_state_preferences_v1,binary_stay_switch_a0_0p1_a1_0p9_v1__exogenous,177,A,A,6.550005103524622e-10,6.514596074997694e-10,0.01,0.8415,2.0927580661441757e-08,2.0819541664585316e-08,3.4613614004322513e-15,agreement,,,a1,a1,0,AI,a1,AI,0.15,0.15,True,True,1.0,0.0,0.9533785440336405,0.9533785440336405,3.996410343420429,3.876755124101414,3.996410343420429,4,173,0.022598870056497175,0.9774011299435028,159,16,2,0.8983050847457628,0.0903954802259887,0.011299435028248588,2,14,0.125,0.875,176,1,0.9943502824858758,0.005649717514124294,10,149,0,0,18,158,0,1
scenario1,200,scenario1__H200__eta-constant__states-exogenous,cfg_05dcd430b3e055c29664,run_99d9d122eae3a9c1,1,42,constant,constant_eta0_0p15,True,0.35,0.85,0.15,,0.02,0.75,0.99,0.01,A,opposed_binary_state_preferences_v1,binary_stay_switch_a0_0p1_a1_0p9_v1__exogenous,178,A,A,5.567504337995928e-10,5.53740666374804e-10,0.01,0.8415,1.7918982193938296e-08,1.7826443344710122e-08,2.9421571913600303e-15,agreement,,,a1,a1,0,AI,a1,AI,0.15,0.15,True,True,1.0,0.0,0.9543109731529678,0.9543109731529678,3.996410343420429,3.876755124101414,3.996410343420429,4,174,0.02247191011235955,0.9775280898876404,160,16,2,0.898876404494382,0.0898876404494382,0.011235955056179775,2,14,0.125,0.875,177,1,0.9943820224719101,0.0056179775280898875,10,150,0,0,18,159,0,1
scenario1,200,scenario1__H200__eta-constant__states-exogenous,cfg_05dcd430b3e055c29664,run_99d9d122eae3a9c1,1,42,constant,constant_eta0_0p15,True,0.35,0.85,0.15,,0.02,0.75,0.99,0.01,A,opposed_binary_state_preferences_v1,binary_stay_switch_a0_0p1_a1_0p9_v1__exogenous,179,A,A,4.732378687296539e-10,4.706795664185834e-10,0.01,0.8415,1.53420927498498e-08,1.5262834814919638e-08,2.5008336119115632e-15,agreement,,,a1,a1,0,AI,a1,AI,0.15,0.15,True,True,1.0,0.0,0.9552247536899084,0.9552247536899084,3.996410343420429,3.876755124101414,3.996410343420429,4,175,0.0223463687150838,0.9776536312849162,161,16,2,0.8994413407821229,0.0893854748603352,0.0111731843575419,2,14,0.125,0.875,178,1,0.994413407821229,0.00558659217877095,10,151,0,0,18,160,0,1
scenario1,200,scenario1__H200__eta-constant__states-exogenous,cfg_05dcd430b3e055c29664,run_99d9d122eae3a9c1,1,42,constant,constant_eta0_0p15,True,0.35,0.85,0.15,,0.02,0.75,0.99,0.01,A,opposed_binary_state_preferences_v1,binary_stay_switch_a0_0p1_a1_0p9_v1__exogenous,180,A,A,4.022521884202058e-10,4.000776314557959e-10,0.01,0.8415,1.3135093030811182e-08,1.306721383196732e-08,2.125708570621137e-15,agreement,,,a1,a1,0,AI,a1,AI,0.15,0.15,True,True,1.0,0.0,0.9561202586161103,0.9561202586161103,3.996410343420429,3.876755124101414,3.996410343420429,4,176,0.022222222222222223,0.9777777777777777,162,16,2,0.9,0.08888888888888889,0.011111111111111112,2,14,0.125,0.875,179,1,0.9944444444444445,0.005555555555555556,10,152,0,0,18,161,0,1
scenario1,200,scenario1__H200__eta-constant__states-exogenous,cfg_05dcd430b3e055c29664,run_99d9d122eae3a9c1,1,42,constant,constant_eta0_0p15,True,0.35,0.85,0.15,,0.02,0.75,0.99,0.01,A,opposed_binary_state_preferences_v1,binary_stay_switch_a0_0p1_a1_0p9_v1__exogenous,181,A,B,3.419143601571749e-10,3.400659867374265e-10,0.01,0.8415,1.1244996097363646e-08,1.1186865527140586e-08,1.7267666213510482e-15,agreement,,,a1,a1,0,AI,a1,AI,0.15,0.15,True,True,1.0,0.0,0.9569978534437881,0.9569978534437881,3.996410343420429,3.876755124101414,3.996410343420429,4,177,0.022099447513812154,0.9779005524861878,163,16,2,0.9005524861878453,0.08839779005524862,0.011049723756906077,2,14,0.125,0.875,180,1,0.994475138121547,0.0055248618784530384,10,153,0,0,18,162,0,1
scenario1,200,scenario1__H200__eta-constant__states-exogenous,cfg_05dcd430b3e055c29664,run_99d9d122eae3a9c1,1,42,constant,constant_eta0_0p15,True,0.35,0.85,0.15,,0.02,0.75,0.99,0.01,A,opposed_binary_state_preferences_v1,binary_stay_switch_a0_0p1_a1_0p9_v1__exogenous,182,B,A,2.906272061335987e-10,2.890560887268126e-10,0.01,0.8415,0.08079313589591118,0.6307089716758388,0.6282826230367999,contextual,0.5565652460735999,0.4434347539264001,a1,a0,1,H,a1,H,0.0,0.15,False,True,1.0,0.02170063545932019,0.0,0.02170063545932019,3.996410343420429,3.996410343420429,3.996410343420429,5,177,0.027472527472527472,0.9725274725274725,163,17,2,0.8956043956043956,0.09340659340659341,0.01098901098901099,3,14,0.17647058823529413,0.8235294117647058,180,2,0.989010989010989,0.01098901098901099,10,153,0,0,18,162,0,2
scenario1,200,scenario1__H200__eta-constant__states-exogenous,cfg_05dcd430b3e055c29664,run_99d9d122eae3a9c1,1,42,constant,constant_eta0_0p15,True,0.35,0.85,0.15,,0.02,0.75,0.99,0.01,A,opposed_binary_state_preferences_v1,binary_stay_switch_a0_0p1_a1_0p9_v1__exogenous,183,A,A,2.906272061335987e-10,2.890560887268126e-10,0.01,0.715275,9.62638860830982e-09,9.57660935529019e-09,1.4557387818559449e-15,agreement,,,a1,a1,0,AI,a1,AI,0.15,0.15,True,True,1.0,0.0,0.9391007384474142,0.9391007384474142,3.9973077575653218,3.996410343420429,3.9973077575653218,5,178,0.0273224043715847,0.9726775956284153,164,17,2,0.8961748633879781,0.09289617486338798,0.01092896174863388,3,14,0.17647058823529413,0.8235294117647058,181,2,0.9890710382513661,0.01092896174863388,10,154,0,0,18,163,0,2
scenario1,200,scenario1__H200__eta-constant__states-exogenous,cfg_05dcd430b3e055c29664,run_99d9d122eae3a9c1,1,42,constant,constant_eta0_0p15,True,0.35,0.85,0.15,,0.02,0.75,0.99,0.01,A,opposed_binary_state_preferences_v1,binary_stay_switch_a0_0p1_a1_0p9_v1__exogenous,184,A,A,2.470331252135589e-10,2.456976754177907e-10,0.01,0.715275,8.240350929353964e-09,8.197725503772073e-09,1.3054507757168117e-15,agreement,,,a1,a1,0,AI,a1,AI,0.15,0.15,True,True,1.0,0.0,0.9403187236784659,0.9403187236784659,3.9979740875679046,3.996410343420429,3.9979740875679046,5,179,0.02717391304347826,0.9728260869565217,165,17,2,0.8967391304347826,0.09239130434782608,0.010869565217391304,3,14,0.17647058823529413,0.8235294117647058,182,2,0.9891304347826086,0.010869565217391304,10,155,0,0,18,164,0,2
scenario1,200,scenario1__H200__eta-constant__states-exogenous,cfg_05dcd430b3e055c29664,run_99d9d122eae3a9c1,1,42,constant,constant_eta0_0p15,True,0.35,0.85,0.15,,0.02,0.75,0.99,0.01,A,opposed_binary_state_preferences_v1,binary_stay_switch_a0_0p1_a1_0p9_v1__exogenous,185,A,A,2.0997815643152506e-10,2.0884302410512208e-10,0.01,0.715275,7.053530935730963e-09,7.01703314286321e-09,1.1096331596488031e-15,agreement,,,a1,a1,0,AI,a1,AI,0.15,0.15,True,True,1.0,0.0,0.9415123492048966,0.9415123492048966,3.9984688375948223,3.996410343420429,3.9984688375948223,5,180,0.02702702702702703,0.972972972972973,166,17,2,0.8972972972972973,0.0918918918918919,0.010810810810810811,3,14,0.17647058823529413,0.8235294117647058,183,2,0.9891891891891892,0.010810810810810811,10,156,0,0,18,165,0,2
scenario1,200,scenario1__H200__eta-constant__states-exogenous,cfg_05dcd430b3e055c29664,run_99d9d122eae3a9c1,1,42,constant,constant_eta0_0p15,True,0.35,0.85,0.15,,0.02,0.75,0.99,0.01,A,opposed_binary_state_preferences_v1,binary_stay_switch_a0_0p1_a1_0p9_v1__exogenous,186,A,A,1.784814329667963e-10,1.7751657048935376e-10,0.01,0.715275,6.037349029868265e-09,6.006099583102336e-09,8.631025217350511e-16,agreement,,,a1,a1,0,AI,a1,AI,0.15,0.15,True,True,1.0,0.0,0.9426821022207986,0.9426821022207986,3.9988361894898086,3.996410343420429,3.9988361894898086,5,181,0.026881720430107527,0.9731182795698925,167,17,2,0.8978494623655914,0.0913978494623656,0.010752688172043012,3,14,0.17647058823529413,0.8235294117647058,184,2,0.989247311827957,0.010752688172043012,10,157,0,0,18,166,0,2
scenario1,200,scenario1__H200__eta-constant__states-exogenous,cfg_05dcd430b3e055c29664,run_99d9d122eae3a9c1,1,42,constant,constant_eta0_0p15,True,0.35,0.85,0.15,,0.02,0.75,0.99,0.01,A,opposed_binary_state_preferences_v1,binary_stay_switch_a0_0p1_a1_0p9_v1__exogenous,187,A,A,1.5170921802177686e-10,1.5088908491595069e-10,0.01,0.715275,5.167317167622108e-09,5.140562901214327e-09,8.81795619883293e-16,agreement,,,a1,a1,0,AI,a1,AI,0.15,0.15,True,True,1.0,0.0,0.9438284601763827,0.9438284601763827,3.999108948271836,3.996410343420429,3.999108948271836,5,182,0.026737967914438502,0.9732620320855615,168,17,2,0.8983957219251337,0.09090909090909091,0.0106951871657754,3,14,0.17647058823529413,0.8235294117647058,185,2,0.9893048128342246,0.0106951871657754,10,158,0,0,18,167,0,2
scenario1,200,scenario1__H200__eta-constant__states-exogenous,cfg_05dcd430b3e055c29664,run_99d9d122eae3a9c1,1,42,constant,constant_eta0_0p15,True,0.35,0.85,0.15,,0.02,0.75,0.99,0.01,A,opposed_binary_state_preferences_v1,binary_stay_switch_a0_0p1_a1_0p9_v1__exogenous,188,A,A,1.2895283531851033e-10,1.2825572217855808e-10,0.01,0.715275,4.422454591763908e-09,4.399550008499531e-09,6.013677999959912e-16,agreement,,,a1,a1,0,AI,a1,AI,0.15,0.15,True,True,1.0,0.0,0.944951890972855,0.944951890972855,3.9993114716674913,3.996410343420429,3.9993114716674913,5,183,0.026595744680851064,0.973404255319149,169,17,2,0.898936170212766,0.09042553191489362,0.010638297872340425,3,14,0.17647058823529413,0.8235294117647058,186,2,0.9893617021276596,0.010638297872340425,10,159,0,0,18,168,0,2
scenario1,200,scenario1__H200__eta-constant__states-exogenous,cfg_05dcd430b3e055c29664,run_99d9d122eae3a9c1,1,42,constant,constant_eta0_0p15,True,0.35,0.85,0.15,,0.02,0.75,0.99,0.01,A,opposed_binary_state_preferences_v1,binary_stay_switch_a0_0p1_a1_0p9_v1__exogenous,189,A,A,1.0960991002073378e-10,1.0901736385177437e-10,0.01,0.715275,3.784786054286463e-09,3.765178251049629e-09,6.593211072736317e-16,agreement,,,a1,a1,0,AI,a1,AI,0.15,0.15,True,True,1.0,0.0,0.9460528531533979,0.9460528531533979,3.9994618452887654,3.996410343420429,3.9994618452887654,5,184,0.026455026455026454,0.9735449735449735,170,17,2,0.8994708994708994,0.08994708994708994,0.010582010582010581,3,14,0.17647058823529413,0.8235294117647058,187,2,0.9894179894179894,0.010582010582010581,10,160,0,0,18,169,0,2
scenario1,200,scenario1__H200__eta-constant__states-exogenous,cfg_05dcd430b3e055c29664,run_99d9d122eae3a9c1,1,42,constant,constant_eta0_0p15,True,0.35,0.85,0.15,,0.02,0.75,0.99,0.01,A,opposed_binary_state_preferences_v1,binary_stay_switch_a0_0p1_a1_0p9_v1__exogenous,190,A,A,9.316842351762371e-11,9.266475927400821e-11,0.01,0.715275,3.2389128561442227e-09,3.22212820370537e-09,4.923501277685817e-16,agreement,,,a1,a1,0,AI,a1,AI,0.15,0.15,True,True,1.0,0.0,0.9471317960903299,0.9471317960903299,3.9995734977025617,3.996410343420429,3.9995734977025617,5,185,0.02631578947368421,0.9736842105263158,171,17,2,0.9,0.08947368421052632,0.010526315789473684,3,14,0.17647058823529413,0.8235294117647058,188,2,0.9894736842105263,0.010526315789473684,10,161,0,0,18,170,0,2
scenario1,200,scenario1__H200__eta-constant__states-exogenous,cfg_05dcd430b3e055c29664,run_99d9d122eae3a9c1,1,42,constant,constant_eta0_0p15,True,0.35,0.85,0.15,,0.02,0.75,0.99,0.01,A,opposed_binary_state_preferences_v1,binary_stay_switch_a0_0p1_a1_0p9_v1__exogenous,191,A,A,7.919315998998016e-11,7.876504538290698e-11,0.01,0.715275,2.771643956049623e-09,2.7572765594081272e-09,4.184976079932487e-16,agreement,,,a1,a1,0,AI,a1,AI,0.15,0.15,True,True,1.0,0.0,0.9481891601685234,0.9481891601685234,3.999656399619805,3.996410343420429,3.999656399619805,5,186,0.02617801047120419,0.9738219895287958,172,17,2,0.900523560209424,0.08900523560209424,0.010471204188481676,3,14,0.17647058823529413,0.8235294117647058,189,2,0.9895287958115183,0.010471204188481676,10,162,0,0,18,171,0,2
scenario1,200,scenario1__H200__eta-constant__states-exogenous,cfg_05dcd430b3e055c29664,run_99d9d122eae3a9c1,1,42,constant,constant_eta0_0p15,True,0.35,0.85,0.15,,0.02,0.75,0.99,0.01,A,opposed_binary_state_preferences_v1,binary_stay_switch_a0_0p1_a1_0p9_v1__exogenous,192,A,A,6.731418599148313e-11,6.695028857547093e-11,0.01,0.715275,2.3716802323688838e-09,2.3593825598551334e-09,3.5572296746634566e-16,agreement,,,a1,a1,0,AI,a1,AI,0.15,0.15,True,True,1.0,0.0,0.949225376965153,0.949225376965153,3.9997179542933585,3.996410343420429,3.9997179542933585,5,187,0.026041666666666668,0.9739583333333334,173,17,2,0.9010416666666666,0.08854166666666667,0.010416666666666666,3,14,0.17647058823529413,0.8235294117647058,190,2,0.9895833333333334,0.010416666666666666,10,163,0,0,18,172,0,2
scenario1,200,scenario1__H200__eta-constant__states-exogenous,cfg_05dcd430b3e055c29664,run_99d9d122eae3a9c1,1,42,constant,constant_eta0_0p15,True,0.35,0.85,0.15,,0.02,0.75,0.99,0.01,A,opposed_binary_state_preferences_v1,binary_stay_switch_a0_0p1_a1_0p9_v1__exogenous,193,A,A,5.721705809276065e-11,5.690774528915029e-11,0.01,0.715275,2.029343577517786e-09,2.01881808082754e-09,3.0236452213959866e-16,agreement,,,a1,a1,0,AI,a1,AI,0.15,0.15,True,True,1.0,0.0,0.95024086942585,0.95024086942585,3.999763658638472,3.996410343420429,3.999763658638472,5,188,0.025906735751295335,0.9740932642487047,174,17,2,0.9015544041450777,0.08808290155440414,0.010362694300518135,3,14,0.17647058823529413,0.8235294117647058,191,2,0.9896373056994818,0.010362694300518135,10,164,0,0,18,173,0,2
scenario1,200,scenario1__H200__eta-constant__states-exogenous,cfg_05dcd430b3e055c29664,run_99d9d122eae3a9c1,1,42,constant,constant_eta0_0p15,True,0.35,0.85,0.15,,0.02,0.75,0.99,0.01,A,opposed_binary_state_preferences_v1,binary_stay_switch_a0_0p1_a1_0p9_v1__exogenous,194,A,A,4.863449937884655e-11,4.837158349577775e-11,0.01,0.715275,1.736345101079959e-09,1.7273368002711696e-09,2.5700984384967813e-16,agreement,,,a1,a1,0,AI,a1,AI,0.15,0.15,True,True,1.0,0.0,0.951236052037333,0.951236052037333,3.999797594114719,3.996410343420429,3.999797594114719,5,189,0.02577319587628866,0.9742268041237113,175,17,2,0.9020618556701031,0.08762886597938144,0.010309278350515464,3,14,0.17647058823529413,0.8235294117647058,192,2,0.9896907216494846,0.010309278350515464,10,165,0,0,18,174,0,2
scenario1,200,scenario1__H200__eta-constant__states-exogenous,cfg_05dcd430b3e055c29664,run_99d9d122eae3a9c1,1,42,constant,constant_eta0_0p15,True,0.35,0.85,0.15,,0.02,0.75,0.99,0.01,A,opposed_binary_state_preferences_v1,binary_stay_switch_a0_0p1_a1_0p9_v1__exogenous,195,A,A,4.1339324472019566e-11,4.111584597141109e-11,0.01,0.715275,1.485585971115698e-09,1.4778764854506323e-09,4.587153544721011e-16,agreement,,,a1,a1,0,AI,a1,AI,0.15,0.15,True,True,1.0,0.0,0.9522113309965863,0.9522113309965863,3.999822791205832,3.996410343420429,3.999822791205832,5,190,0.02564102564102564,0.9743589743589743,176,17,2,0.9025641025641026,0.08717948717948718,0.010256410256410256,3,14,0.17647058823529413,0.8235294117647058,193,2,0.9897435897435898,0.010256410256410256,10,166,0,0,18,175,0,2
scenario1,200,scenario1__H200__eta-constant__states-exogenous,cfg_05dcd430b3e055c29664,run_99d9d122eae3a9c1,1,42,constant,constant_eta0_0p15,True,0.35,0.85,0.15,,0.02,0.75,0.99,0.01,A,opposed_binary_state_preferences_v1,binary_stay_switch_a0_0p1_a1_0p9_v1__exogenous,196,A,A,3.513842580121663e-11,3.494846907569942e-11,0.01,0.715275,1.2709867593064244e-09,1.2643891662478548e-09,4.2594659977908933e-16,agreement,,,a1,a1,0,AI,a1,AI,0.15,0.15,True,True,1.0,0.0,0.9531671043766545,0.9531671043766545,3.9998415000459833,3.996410343420429,3.9998415000459833,5,191,0.025510204081632654,0.9744897959183674,177,17,2,0.9030612244897959,0.08673469387755102,0.01020408163265306,3,14,0.17647058823529413,0.8235294117647058,194,2,0.9897959183673469,0.01020408163265306,10,167,0,0,18,176,0,2
scenario1,200,scenario1__H200__eta-constant__states-exogenous,cfg_05dcd430b3e055c29664,run_99d9d122eae3a9c1,1,42,constant,constant_eta0_0p15,True,0.35,0.85,0.15,,0.02,0.75,0.99,0.01,A,opposed_binary_state_preferences_v1,binary_stay_switch_a0_0p1_a1_0p9_v1__exogenous,197,A,A,2.9867661931034137e-11,2.970619871434451e-11,0.01,0.715275,1.0873416262893816e-09,1.0816958707355055e-09,1.57836170262974e-16,agreement,,,a1,a1,0,AI,a1,AI,0.15,0.15,True,True,1.0,0.0,0.9541037622891214,0.9541037622891214,3.9998553913597954,3.996410343420429,3.9998553913597954,5,192,0.025380710659898477,0.9746192893401016,178,17,2,0.9035532994923858,0.08629441624365482,0.01015228426395939,3,14,0.17647058823529413,0.8235294117647058,195,2,0.9898477157360406,0.01015228426395939,10,168,0,0,18,177,0,2
scenario1,200,scenario1__H200__eta-constant__states-exogenous,cfg_05dcd430b3e055c29664,run_99d9d122eae3a9c1,1,42,constant,constant_eta0_0p15,True,0.35,0.85,0.15,,0.02,0.75,0.99,0.01,A,opposed_binary_state_preferences_v1,binary_stay_switch_a0_0p1_a1_0p9_v1__exogenous,198,A,A,2.5387512641379016e-11,2.525026890719283e-11,0.01,0.715275,9.301929440138266e-10,9.253618568889528e-10,1.3416074480624596e-16,agreement,,,a1,a1,0,AI,a1,AI,0.15,0.15,True,True,1.0,0.0,0.955021687043339,0.955021687043339,3.9998657056603015,3.996410343420429,3.9998657056603015,5,193,0.025252525252525252,0.9747474747474747,179,17,2,0.9040404040404041,0.08585858585858586,0.010101010101010102,3,14,0.17647058823529413,0.8235294117647058,196,2,0.98989898989899,0.010101010101010102,10,169,0,0,18,178,0,2
scenario1,200,scenario1__H200__eta-constant__states-exogenous,cfg_05dcd430b3e055c29664,run_99d9d122eae3a9c1,1,42,constant,constant_eta0_0p15,True,0.35,0.85,0.15,,0.02,0.75,0.99,0.01,A,opposed_binary_state_preferences_v1,binary_stay_switch_a0_0p1_a1_0p9_v1__exogenous,199,A,A,2.1579385745172164e-11,2.1462728571113904e-11,0.01,0.715275,7.957235384782225e-10,7.915898584709697e-10,1.1403663303878016e-16,agreement,,,a1,a1,0,AI,a1,AI,0.15,0.15,True,True,1.0,0.0,0.9559212533024722,0.9559212533024722,3.999873364028427,3.996410343420429,3.999873364028427,5,194,0.02512562814070352,0.9748743718592965,180,17,2,0.9045226130653267,0.08542713567839195,0.010050251256281407,3,14,0.17647058823529413,0.8235294117647058,197,2,0.9899497487437185,0.010050251256281407,10,170,0,0,18,179,0,2
scenario1,200,scenario1__H200__eta-constant__states-exogenous,cfg_05dcd430b3e055c29664,run_99d9d122eae3a9c1,1,42,constant,constant_eta0_0p15,True,0.35,0.85,0.15,,0.02,0.75,0.99,0.01,A,opposed_binary_state_preferences_v1,binary_stay_switch_a0_0p1_a1_0p9_v1__exogenous,200,A,A,1.834247788339634e-11,1.8243319285446817e-11,0.01,0.715275,6.806657374957577e-10,6.771287801581113e-10,1.7701680075434e-16,agreement,,,a1,a1,0,AI,a1,AI,0.15,0.15,True,True,1.0,0.0,0.9568028282364228,0.9568028282364228,3.99987905036676,3.996410343420429,3.99987905036676,5,195,0.025,0.975,181,17,2,0.905,0.085,0.01,3,14,0.17647058823529413,0.8235294117647058,198,2,0.99,0.01,10,171,0,0,18,180,0,2
scenario1,200,scenario1__H200__eta-global_decay__states-endogenous,cfg_0739fea987606a25da0a,run_a29d33a380df7770,1,42,global_decay,global_decay_eta0_0p15_c_0p0005,False,0.35,0.85,0.15,0.0005,0.02,0.75,,,A,opposed_binary_state_preferences_v1,binary_stay_switch_a0_0p1_a1_0p9_v1,1,A,A,0.99,0.01,0.01,0.99,0.08079313589591118,0.08079313589591118,0.9192068641040889,disagreement,,,a0,a1,1,H,a0,H,0.0,0.14992503748125938,False,True,1.0,0.02,0.0,0.02,1.0,0.0,1.0,1,0,1.0,0.0,0,0,1,0.0,0.0,1.0,0,0,,,1,0,1.0,0.0,0,0,0,0,1,0,0,0
scenario1,200,scenario1__H200__eta-global_decay__states-endogenous,cfg_0739fea987606a25da0a,run_a29d33a380df7770,1,42,global_decay,global_decay_eta0_0p15_c_0p0005,False,0.35,0.85,0.15,0.0005,0.02,0.75,,,A,opposed_binary_state_preferences_v1,binary_stay_switch_a0_0p1_a1_0p9_v1,2,A,B,0.99,0.15842578710644678,0.01,0.99,0.08079313589591118,0.6305302015836717,0.6283880218502085,contextual,0.556776043700417,0.443223956299583,a0,a0,1,H,a0,H,0.0,0.14985014985014986,False,True,1.0,0.039599999999999996,0.0,0.039599999999999996,1.675,0.0,1.675,2,0,1.0,0.0,0,1,1,0.0,0.5,0.5,1,0,1.0,0.0,2,0,1.0,0.0,0,0,0,0,2,0,0,0
scenario1,200,scenario1__H200__eta-global_decay__states-endogenous,cfg_0739fea987606a25da0a,run_a29d33a380df7770,1,42,global_decay,global_decay_eta0_0p15_c_0p0005,False,0.35,0.85,0.15,0.0005,0.02,0.75,,,A,opposed_binary_state_preferences_v1,binary_stay_switch_a0_0p1_a1_0p9_v1,3,B,A,0.99,0.2845358090185677,0.01,0.99,0.08079313589591118,0.08079313589591118,0.9192068641040889,disagreement,,,a1,a0,1,H,a1,H,0.0,0.14977533699450823,False,True,1.0,0.02,0.0,0.02,1.675,2.130625,2.130625,3,0,1.0,0.0,0,1,2,0.0,0.3333333333333333,0.6666666666666666,1,0,1.0,0.0,2,1,0.6666666666666666,0.3333333333333333,0,0,0,0,2,0,0,1
scenario1,200,scenario1__H200__eta-global_decay__states-endogenous,cfg_0739fea987606a25da0a,run_a29d33a380df7770,1,42,global_decay,global_decay_eta0_0p15_c_0p0005,False,0.35,0.85,0.15,0.0005,0.02,0.75,,,A,opposed_binary_state_preferences_v1,binary_stay_switch_a0_0p1_a1_0p9_v1,4,A,B,0.99,0.2845358090185677,0.01,0.8417224163754369,0.08079313589591118,0.8615577941709665,0.47375222434192144,contextual,0.24750444868384291,0.7524955513161571,a0,a1,0,AI,a1,AI,0.0,0.1497005988023952,False,True,1.0,0.0,0.02,0.02,2.5637968750000004,2.130625,2.5637968750000004,3,1,0.75,0.25,0,2,2,0.0,0.5,0.5,1,1,0.5,0.5,3,1,0.75,0.25,0,0,0,0,2,1,0,1
scenario1,200,scenario1__H200__eta-global_decay__states-endogenous,cfg_0739fea987606a25da0a,run_a29d33a380df7770,1,42,global_decay,global_decay_eta0_0p15_c_0p0005,False,0.35,0.85,0.15,0.0005,0.02,0.75,,,A,opposed_binary_state_preferences_v1,binary_stay_switch_a0_0p1_a1_0p9_v1,5,B,A,0.99,0.24194062802776414,0.01,0.8417224163754369,0.08079313589591118,0.6301730185427091,0.6285985686228535,contextual,0.557197137245707,0.44280286275429304,a1,a0,1,H,a1,H,0.0,0.14962593516209477,False,True,1.0,0.039208,0.0,0.039208,2.5637968750000004,2.8903597656250004,2.8903597656250004,4,1,0.8,0.2,0,3,2,0.0,0.6,0.4,2,1,0.6666666666666666,0.3333333333333333,3,2,0.6,0.4,0,0,0,0,2,1,0,2
scenario1,200,scenario1__H200__eta-global_decay__states-endogenous,cfg_0739fea987606a25da0a,run_a29d33a380df7770,1,42,global_decay,global_decay_eta0_0p15_c_0p0005,False,0.35,0.85,0.15,0.0005,0.02,0.75,,,A,opposed_binary_state_preferences_v1,binary_stay_switch_a0_0p1_a1_0p9_v1,6,A,A,0.99,0.24194062802776414,0.01,0.715778912678364,0.08079313589591118,0.7982526094787727,0.5213155405613534,contextual,0.3426310811227069,0.6573689188772931,a0,a1,0,AI,a1,AI,0.0,0.14955134596211367,False,True,1.0,0.0,0.039208,0.039208,3.1432776074218753,2.8903597656250004,3.1432776074218753,4,2,0.6666666666666666,0.3333333333333333,0,4,2,0.0,0.6666666666666666,0.3333333333333333,2,2,0.5,0.5,4,2,0.6666666666666666,0.3333333333333333,0,0,0,0,2,2,0,2
scenario1,200,scenario1__H200__eta-global_decay__states-endogenous,cfg_0739fea987606a25da0a,run_a29d33a380df7770,1,42,global_decay,global_decay_eta0_0p15_c_0p0005,False,0.35,0.85,0.15,0.0005,0.02,0.75,,,A,opposed_binary_state_preferences_v1,binary_stay_switch_a0_0p1_a1_0p9_v1,7,A,B,0.99,0.20575808146329294,0.01,0.715778912678364,0.08079313589591118,0.7332958382094749,0.5651332762940473,contextual,0.43026655258809465,0.5697334474119053,a0,a1,0,AI,a1,AI,0.0,0.14947683109118085,False,True,1.0,0.0,0.058423840000000005,0.058423840000000005,3.186738662353516,2.8903597656250004,3.186738662353516,4,3,0.5714285714285714,0.42857142857142855,0,5,2,0.0,0.7142857142857143,0.2857142857142857,2,3,0.4,0.6,5,2,0.7142857142857143,0.2857142857142857,0,0,0,0,2,3,0,2
scenario1,200,scenario1__H200__eta-global_decay__states-endogenous,cfg_0739fea987606a25da0a,run_a29d33a380df7770,1,42,global_decay,global_decay_eta0_0p15_c_0p0005,False,0.35,0.85,0.15,0.0005,0.02,0.75,,,A,opposed_binary_state_preferences_v1,binary_stay_switch_a0_0p1_a1_0p9_v1,8,B,A,0.99,0.17500201547475888,0.01,0.715778912678364,0.08079313589591118,0.861138778498395,0.4740895885867399,contextual,0.24817917717347981,0.7518208228265202,a1,a1,0,AI,a1,AI,0.0,0.14940239043824702,False,True,0.0,0.036902255936,0.02,0.02,3.186738662353516,2.3678255795104985,2.3678255795104985,4,4,0.5,0.5,0,6,2,0.0,0.75,0.25,2,4,0.3333333333333333,0.6666666666666666,5,3,0.625,0.375,0,0,0,0,2,3,0,3
scenario1,200,scenario1__H200__eta-global_decay__states-endogenous,cfg_0739fea987606a25da0a,run_a29d33a380df7770,1,42,global_decay,global_decay_eta0_0p15_c_0p0005,False,0.35,0.85,0.15,0.0005,0.02,0.75,,,A,opposed_binary_state_preferences_v1,binary_stay_switch_a0_0p1_a1_0p9_v1,9,A,A,0.99,0.17500201547475888,0.01,0.6088398320989272,0.08079313589591118,0.6690203437322985,0.6053639943890499,contextual,0.5107279887780998,0.4892720112219002,a0,a1,1,H,a0,H,0.0,0.1493280238924838,False,True,1.0,0.054377771116570106,0.0,0.054377771116570106,3.3286355155519107,2.3678255795104985,3.3286355155519107,5,4,0.5555555555555556,0.4444444444444444,0,7,2,0.0,0.7777777777777778,0.2222222222222222,3,4,0.42857142857142855,0.5714285714285714,6,3,0.6666666666666666,0.3333333333333333,0,0,0,0,3,3,0,3
scenario1,200,scenario1__H200__eta-global_decay__states-endogenous,cfg_0739fea987606a25da0a,run_a29d33a380df7770,1,42,global_decay,global_decay_eta0_0p15_c_0p0005,False,0.35,0.85,0.15,0.0005,0.02,0.75,,,A,opposed_binary_state_preferences_v1,binary_stay_switch_a0_0p1_a1_0p9_v1,10,A,A,0.99,0.2981973342191951,0.01,0.6088398320989272,0.08079313589591118,0.8790761590641953,0.45929365714155346,contextual,0.21858731428310696,0.781412685716893,a0,a0,0,AI,a0,AI,0.0,0.1492537313432836,False,True,0.0,0.0532902156942387,0.02,0.02,2.4244158914608276,2.3678255795104985,2.4244158914608276,5,5,0.5,0.5,0,8,2,0.0,0.8,0.2,3,5,0.375,0.625,7,3,0.7,0.3,0,0,0,0,4,3,0,3
scenario1,200,scenario1__H200__eta-global_decay__states-endogenous,cfg_0739fea987606a25da0a,run_a29d33a380df7770,1,42,global_decay,global_decay_eta0_0p15_c_0p0005,False,0.35,0.85,0.15,0.0005,0.02,0.75,,,A,opposed_binary_state_preferences_v1,binary_stay_switch_a0_0p1_a1_0p9_v1,11,A,B,0.99,0.40294400075364356,0.01,0.6088398320989272,0.08079313589591118,0.9726466955339708,0.35884092400136547,contextual,0.017681848002730982,0.982318151997269,a0,a1,0,AI,a1,AI,0.0,0.14917951268025856,False,True,1.0,0.0,0.0738882898009344,0.0738882898009344,2.780113458029149,2.3678255795104985,2.780113458029149,5,6,0.45454545454545453,0.5454545454545454,0,9,2,0.0,0.8181818181818182,0.18181818181818182,3,6,0.3333333333333333,0.6666666666666666,8,3,0.7272727272727273,0.2727272727272727,0,0,0,0,4,4,0,3
scenario1,200,scenario1__H200__eta-global_decay__states-endogenous,cfg_0739fea987606a25da0a,run_a29d33a380df7770,1,42,global_decay,global_decay_eta0_0p15_c_0p0005,False,0.35,0.85,0.15,0.0005,0.02,0.75,,,A,opposed_binary_state_preferences_v1,binary_stay_switch_a0_0p1_a1_0p9_v1,12,B,B,0.99,0.3428330110837813,0.01,0.6088398320989272,0.08079313589591118,0.9655441658133819,0.3693340651116319,contextual,0.038668130223263875,0.9613318697767361,a1,a0,0,AI,a0,AI,0.0,0.14910536779324055,False,True,1.0,0.0,0.02,0.02,2.780113458029149,2.806790775521773,2.806790775521773,5,7,0.4166666666666667,0.5833333333333334,0,10,2,0.0,0.8333333333333334,0.16666666666666666,3,7,0.3,0.7,8,4,0.6666666666666666,0.3333333333333333,0,0,0,0,4,4,1,3
scenario1,200,scenario1__H200__eta-global_decay__states-endogenous,cfg_0739fea987606a25da0a,run_a29d33a380df7770,1,42,global_decay,global_decay_eta0_0p15_c_0p0005,False,0.35,0.85,0.15,0.0005,0.02,0.75,,,A,opposed_binary_state_preferences_v1,binary_stay_switch_a0_0p1_a1_0p9_v1,13,B,B,0.99,0.3428330110837813,0.01,0.6671639127998824,0.08079313589591118,0.9177977851201544,0.4241598058264787,contextual,0.14831961165295748,0.8516803883470425,a1,a0,0,AI,a0,AI,0.0,0.14903129657228018,False,True,1.0,0.0,0.039599999999999996,0.039599999999999996,2.780113458029149,3.103092282829383,3.103092282829383,5,8,0.38461538461538464,0.6153846153846154,0,11,2,0.0,0.8461538461538461,0.15384615384615385,3,8,0.2727272727272727,0.7272727272727273,8,5,0.6153846153846154,0.38461538461538464,0,0,0,0,4,4,2,3
scenario1,200,scenario1__H200__eta-global_decay__states-endogenous,cfg_0739fea987606a25da0a,run_a29d33a380df7770,1,42,global_decay,global_decay_eta0_0p15_c_0p0005,False,0.35,0.85,0.15,0.0005,0.02,0.75,,,A,opposed_binary_state_preferences_v1,binary_stay_switch_a0_0p1_a1_0p9_v1,14,B,B,0.99,0.3428330110837813,0.01,0.7167669064213604,0.08079313589591118,0.8598188128446318,0.4751499423426241,contextual,0.2502998846852482,0.7497001153147518,a1,a0,0,AI,a0,AI,0.0,0.14895729890764647,False,True,1.0,0.0,0.058808,0.058808,2.780113458029149,3.30309580026202,3.30309580026202,5,9,0.35714285714285715,0.6428571428571429,0,12,2,0.0,0.8571428571428571,0.14285714285714285,3,9,0.25,0.75,8,6,0.5714285714285714,0.42857142857142855,0,0,0,0,4,4,3,3
scenario1,200,scenario1__H200__eta-global_decay__states-endogenous,cfg_0739fea987606a25da0a,run_a29d33a380df7770,1,42,global_decay,global_decay_eta0_0p15_c_0p0005,False,0.35,0.85,0.15,0.0005,0.02,0.75,,,A,opposed_binary_state_preferences_v1,binary_stay_switch_a0_0p1_a1_0p9_v1,15,B,B,0.99,0.3428330110837813,0.01,0.7589565430020913,0.08079313589591118,0.7967712101750482,0.5223614018375341,contextual,0.34472280367506825,0.6552771963249318,a1,a0,0,AI,a0,AI,0.0,0.1488833746898263,False,True,1.0,0.0,0.07763184,0.07763184,2.780113458029149,3.43809817452905,3.43809817452905,5,10,0.3333333333333333,0.6666666666666666,0,13,2,0.0,0.8666666666666667,0.13333333333333333,3,10,0.23076923076923078,0.7692307692307693,8,7,0.5333333333333333,0.4666666666666667,0,0,0,0,4,4,4,3
scenario1,200,scenario1__H200__eta-global_decay__states-endogenous,cfg_0739fea987606a25da0a,run_a29d33a380df7770,1,42,global_decay,global_decay_eta0_0p15_c_0p0005,False,0.35,0.85,0.15,0.0005,0.02,0.75,,,A,opposed_binary_state_preferences_v1,binary_stay_switch_a0_0p1_a1_0p9_v1,16,B,B,0.99,0.3428330110837813,0.01,0.7948439063268419,0.08079313589591118,0.7321211863440449,0.5658925663851572,contextual,0.4317851327703144,0.5682148672296856,a1,a0,0,AI,a0,AI,0.0,0.1488095238095238,False,True,1.0,0.0,0.09607920319999999,0.09607920319999999,2.780113458029149,3.5292247771592953,3.5292247771592953,5,11,0.3125,0.6875,0,14,2,0.0,0.875,0.125,3,11,0.21428571428571427,0.7857142857142857,8,8,0.5,0.5,0,0,0,0,4,4,5,3
scenario1,200,scenario1__H200__eta-global_decay__states-endogenous,cfg_0739fea987606a25da0a,run_a29d33a380df7770,1,42,global_decay,global_decay_eta0_0p15_c_0p0005,False,0.35,0.85,0.15,0.0005,0.02,0.75,,,A,opposed_binary_state_preferences_v1,binary_stay_switch_a0_0p1_a1_0p9_v1,17,B,A,0.99,0.3428330110837813,0.01,0.8253730869329666,0.08079313589591118,0.6681805291129352,0.6058739134386716,contextual,0.5117478268773432,0.4882521731226568,a1,a0,1,H,a1,H,0.0,0.1487357461576599,False,True,1.0,0.05076717330419403,0.01667495524260299,0.05076717330419403,2.780113458029149,3.1412684424566226,3.1412684424566226,6,11,0.35294117647058826,0.6470588235294118,0,15,2,0.0,0.8823529411764706,0.11764705882352941,4,11,0.26666666666666666,0.7333333333333333,8,9,0.47058823529411764,0.5294117647058824,0,0,0,0,4,4,5,4
scenario1,200,scenario1__H200__eta-global_decay__states-endogenous,cfg_0739fea987606a25da0a,run_a29d33a380df7770,1,42,global_decay,global_decay_eta0_0p15_c_0p0005,False,0.35,0.85,0.15,0.0005,0.02,0.75,,,A,opposed_binary_state_preferences_v1,binary_stay_switch_a0_0p1_a1_0p9_v1,18,A,B,0.99,0.3428330110837813,0.01,0.7026106049895408,0.08079313589591118,0.9275039364978745,0.41439725586718235,contextual,0.12879451173436474,0.8712054882656353,a0,a1,0,AI,a1,AI,0.0,0.14866204162537167,False,True,1.0,0.0,0.08414431098412437,0.08414431098412437,3.3288647080104066,3.1412684424566226,3.3288647080104066,6,12,0.3333333333333333,0.6666666666666666,0,16,2,0.0,0.8888888888888888,0.1111111111111111,4,12,0.25,0.75,9,9,0.5,0.5,0,0,0,0,4,5,5,4
scenario1,200,scenario1__H200__eta-global_decay__states-endogenous,cfg_0739fea987606a25da0a,run_a29d33a380df7770,1,42,global_decay,global_decay_eta0_0p15_c_0p0005,False,0.35,0.85,0.15,0.0005,0.02,0.75,,,A,opposed_binary_state_preferences_v1,binary_stay_switch_a0_0p1_a1_0p9_v1,19,B,A,0.99,0.29186675571949267,0.01,0.7026106049895408,0.08079313589591118,0.878076266116794,0.4601388091320705,contextual,0.22027761826414105,0.779722381735859,a1,a1,0,AI,a1,AI,0.0,0.14858841010401186,False,True,0.0,0.04875679324134794,0.036014627014995915,0.036014627014995915,3.3288647080104066,2.482578811091271,2.482578811091271,6,13,0.3157894736842105,0.6842105263157895,0,17,2,0.0,0.8947368421052632,0.10526315789473684,4,13,0.23529411764705882,0.7647058823529411,9,10,0.47368421052631576,0.5263157894736842,0,0,0,0,4,5,5,5
scenario1,200,scenario1__H200__eta-global_decay__states-endogenous,cfg_0739fea987606a25da0a,run_a29d33a380df7770,1,42,global_decay,global_decay_eta0_0p15_c_0p0005,False,0.35,0.85,0.15,0.0005,0.02,0.75,,,A,opposed_binary_state_preferences_v1,binary_stay_switch_a0_0p1_a1_0p9_v1,20,A,A,0.99,0.29186675571949267,0.01,0.5982108122719271,0.08079313589591118,0.871120465048246,0.46594888654697153,contextual,0.2318977730939431,0.7681022269060569,a0,a0,0,AI,a0,AI,0.0,0.1485148514851485,False,True,0.0,0.04354198611693441,0.03634145613775093,0.03634145613775093,2.4331770887388697,2.482578811091271,2.4331770887388697,6,14,0.3,0.7,0,18,2,0.0,0.9,0.1,4,14,0.2222222222222222,0.7777777777777778,10,10,0.5,0.5,0,0,0,0,5,5,5,5
scenario1,200,scenario1__H200__eta-global_decay__states-endogenous,cfg_0739fea987606a25da0a,run_a29d33a380df7770,1,42,global_decay,global_decay_eta0_0p15_c_0p0005,False,0.35,0.85,0.15,0.0005,0.02,0.75,,,A,opposed_binary_state_preferences_v1,binary_stay_switch_a0_0p1_a1_0p9_v1,21,A,B,0.99,0.3970350593255086,0.01,0.5982108122719271,0.08079313589591118,0.9691897714160755,0.3640798073884699,contextual,0.028159614776939845,0.9718403852230602,a0,a1,0,AI,a1,AI,0.0,0.14844136566056407,False,True,1.0,0.0,0.09919595234376997,0.09919595234376997,2.858228979142023,2.482578811091271,2.858228979142023,6,15,0.2857142857142857,0.7142857142857143,0,19,2,0.0,0.9047619047619048,0.09523809523809523,4,15,0.21052631578947367,0.7894736842105263,11,10,0.5238095238095238,0.47619047619047616,0,0,0,0,5,6,5,5
scenario1,200,scenario1__H200__eta-global_decay__states-endogenous,cfg_0739fea987606a25da0a,run_a29d33a380df7770,1,42,global_decay,global_decay_eta0_0p15_c_0p0005,False,0.35,0.85,0.15,0.0005,0.02,0.75,,,A,opposed_binary_state_preferences_v1,binary_stay_switch_a0_0p1_a1_0p9_v1,22,B,A,0.99,0.338098632904107,0.01,0.5982108122719271,0.08079313589591118,0.9719875853874926,0.3598612109638414,contextual,0.01972242192768281,0.9802775780723172,a1,a1,0,AI,a1,AI,0.0,0.1483679525222552,False,True,0.0,0.045889503744410746,0.05389667882949803,0.05389667882949803,2.858228979142023,2.115497971752711,2.115497971752711,6,16,0.2727272727272727,0.7272727272727273,0,20,2,0.0,0.9090909090909091,0.09090909090909091,4,16,0.2,0.8,11,11,0.5,0.5,0,0,0,0,5,6,5,6
scenario1,200,scenario1__H200__eta-global_decay__states-endogenous,cfg_0739fea987606a25da0a,run_a29d33a380df7770,1,42,global_decay,global_decay_eta0_0p15_c_0p0005,False,0.35,0.85,0.15,0.0005,0.02,0.75,,,A,opposed_binary_state_preferences_v1,binary_stay_switch_a0_0p1_a1_0p9_v1,23,A,A,0.99,0.338098632904107,0.01,0.5094554988784661,0.08079313589591118,0.9229875955076787,0.4190006102656735,contextual,0.138001220531347,0.861998779468653,a0,a0,0,AI,a0,AI,0.0,0.14829461196243202,False,True,0.0,0.04098136899736973,0.054204287785202074,0.054204287785202074,2.0879669088023194,2.115497971752711,2.0879669088023194,6,17,0.2608695652173913,0.7391304347826086,0,21,2,0.0,0.9130434782608695,0.08695652173913043,4,17,0.19047619047619047,0.8095238095238095,12,11,0.5217391304347826,0.4782608695652174,0,0,0,0,6,6,5,6
scenario1,200,scenario1__H200__eta-global_decay__states-endogenous,cfg_0739fea987606a25da0a,run_a29d33a380df7770,1,42,global_decay,global_decay_eta0_0p15_c_0p0005,False,0.35,0.85,0.15,0.0005,0.02,0.75,,,A,opposed_binary_state_preferences_v1,binary_stay_switch_a0_0p1_a1_0p9_v1,24,A,A,0.99,0.43625503929499576,0.01,0.5094554988784661,0.08079313589591118,0.9882434786932788,0.3301285737691487,agreement,,,a0,a0,0,AI,a0,AI,0.1482213438735178,0.1482213438735178,True,True,0.0,0.040161741617422336,0.07312020202949804,0.07312020202949804,1.5680400113230188,2.115497971752711,1.5680400113230188,6,18,0.25,0.75,1,21,2,0.041666666666666664,0.875,0.08333333333333333,4,17,0.19047619047619047,0.8095238095238095,13,11,0.5416666666666666,0.4583333333333333,1,0,0,0,7,6,5,6
scenario1,200,scenario1__H200__eta-global_decay__states-endogenous,cfg_0739fea987606a25da0a,run_a29d33a380df7770,1,42,global_decay,global_decay_eta0_0p15_c_0p0005,False,0.35,0.85,0.15,0.0005,0.02,0.75,,,A,opposed_binary_state_preferences_v1,binary_stay_switch_a0_0p1_a1_0p9_v1,25,A,A,0.9914822134387352,0.519814074972615,0.01,0.5094554988784661,0.07079847004075891,0.9988669061986606,0.2673699840112054,agreement,,,a0,a0,0,AI,a0,AI,0.14814814814814814,0.14814814814814814,True,True,0.0,0.03935850678507389,0.09165779798890808,0.09165779798890808,1.2170893555244913,2.115497971752711,1.2170893555244913,6,19,0.24,0.76,2,21,2,0.08,0.84,0.08,4,17,0.19047619047619047,0.8095238095238095,14,11,0.56,0.44,2,0,0,0,8,6,5,6
scenario1,200,scenario1__H200__eta-global_decay__states-endogenous,cfg_0739fea987606a25da0a,run_a29d33a380df7770,1,42,global_decay,global_decay_eta0_0p15_c_0p0005,False,0.35,0.85,0.15,0.0005,0.02,0.75,,,A,opposed_binary_state_preferences_v1,binary_stay_switch_a0_0p1_a1_0p9_v1,26,A,A,0.9927441077441078,0.5909527305322275,0.01,0.5094554988784661,0.061994920765365134,0.9759974910913999,0.2189384605508808,agreement,,,a0,a0,0,AI,a0,AI,0.1480750246791708,0.1480750246791708,True,True,0.0,0.03857133664937241,0.10982464202912992,0.10982464202912992,0.980197662860485,2.115497971752711,0.980197662860485,6,20,0.23076923076923078,0.7692307692307693,3,21,2,0.11538461538461539,0.8076923076923077,0.07692307692307693,4,17,0.19047619047619047,0.8095238095238095,15,11,0.5769230769230769,0.4230769230769231,3,0,0,0,9,6,5,6
scenario1,200,scenario1__H200__eta-global_decay__states-endogenous,cfg_0739fea987606a25da0a,run_a29d33a380df7770,1,42,global_decay,global_decay_eta0_0p15_c_0p0005,False,0.35,0.85,0.15,0.0005,0.02,0.75,,,A,opposed_binary_state_preferences_v1,binary_stay_switch_a0_0p1_a1_0p9_v1,27,A,B,0.9938185241689684,0.6515224150536154,0.01,0.5094554988784661,0.05424900150529445,0.932701055684914,0.18072503764709513,agreement,,,a0,a1,0,AI,a1,AI,0.14800197335964477,0.14800197335964477,True,True,1.0,0.0,0.10787197859627708,0.10787197859627708,2.5014759556476163,2.115497971752711,2.5014759556476163,6,21,0.2222222222222222,0.7777777777777778,4,21,2,0.14814814814814814,0.7777777777777778,0.07407407407407407,4,17,0.19047619047619047,0.8095238095238095,16,11,0.5925925925925926,0.4074074074074074,3,1,0,0,9,7,5,6
scenario1,200,scenario1__H200__eta-global_decay__states-endogenous,cfg_0739fea987606a25da0a,run_a29d33a380df7770,1,42,global_decay,global_decay_eta0_0p15_c_0p0005,False,0.35,0.85,0.15,0.0005,0.02,0.75,,,A,opposed_binary_state_preferences_v1,binary_stay_switch_a0_0p1_a1_0p9_v1,28,B,A,0.8467314214305913,0.5550958119376388,0.01,0.5094554988784661,0.08079313589591118,0.9997420121113647,0.28606769072165306,agreement,,,a1,a1,0,AI,a1,AI,0.14792899408284024,0.14792899408284024,True,True,0.0,0.040650867253616246,0.06774396229498489,0.06774396229498489,2.5014759556476163,1.8471586179435941,1.8471586179435941,6,22,0.21428571428571427,0.7857142857142857,5,21,2,0.17857142857142858,0.75,0.07142857142857142,4,17,0.19047619047619047,0.8095238095238095,16,12,0.5714285714285714,0.42857142857142855,3,1,0,1,9,7,5,7
scenario1,200,scenario1__H200__eta-global_decay__states-endogenous,cfg_0739fea987606a25da0a,run_a29d33a380df7770,1,42,global_decay,global_decay_eta0_0p15_c_0p0005,False,0.35,0.85,0.15,0.0005,0.02,0.75,,,A,opposed_binary_state_preferences_v1,binary_stay_switch_a0_0p1_a1_0p9_v1,29,A,A,0.8467314214305913,0.5550958119376388,0.008520710059171599,0.43409225939940305,0.6179598373577897,0.991223446776264,0.07557959021747507,agreement,,,a0,a0,0,AI,a0,AI,0.14785608674223755,0.14785608674223755,True,True,0.0,0.03630303348369611,0.12336607448068085,0.12336607448068085,1.8270331664079107,1.8471586179435941,1.8270331664079107,6,23,0.20689655172413793,0.7931034482758621,6,21,2,0.20689655172413793,0.7241379310344828,0.06896551724137931,4,17,0.19047619047619047,0.8095238095238095,17,12,0.5862068965517241,0.41379310344827586,4,1,0,1,10,7,5,7
scenario1,200,scenario1__H200__eta-global_decay__states-endogenous,cfg_0739fea987606a25da0a,run_a29d33a380df7770,1,42,global_decay,global_decay_eta0_0p15_c_0p0005,False,0.35,0.85,0.15,0.0005,0.02,0.75,,,A,opposed_binary_state_preferences_v1,binary_stay_switch_a0_0p1_a1_0p9_v1,30,A,A,0.8693931136784092,0.620877604159772,0.008520710059171599,0.43409225939940305,0.559100227085718,0.9574198389640585,0.0606377117399699,agreement,,,a0,a0,0,AI,a0,AI,0.1477832512315271,0.1477832512315271,True,True,0.0,0.03557697281402219,0.14089875299106722,0.14089875299106722,1.3717842836711094,1.8471586179435941,1.3717842836711094,6,24,0.2,0.8,7,21,2,0.23333333333333334,0.7,0.06666666666666667,4,17,0.19047619047619047,0.8095238095238095,18,12,0.6,0.4,5,1,0,1,11,7,5,7
scenario1,200,scenario1__H200__eta-global_decay__states-endogenous,cfg_0739fea987606a25da0a,run_a29d33a380df7770,1,42,global_decay,global_decay_eta0_0p15_c_0p0005,False,0.35,0.85,0.15,0.0005,0.02,0.75,,,A,opposed_binary_state_preferences_v1,binary_stay_switch_a0_0p1_a1_0p9_v1,31,A,B,0.8886946239722404,0.6769055444317269,0.008520710059171599,0.43409225939940305,0.5038408540348539,0.9077148735173763,0.04924370799789102,agreement,,,a0,a1,0,AI,a1,AI,0.14771048744460855,0.14771048744460855,True,True,1.0,0.0,0.11949767841340747,0.11949767841340747,2.3497158883872595,1.8471586179435941,2.3497158883872595,6,25,0.1935483870967742,0.8064516129032258,8,21,2,0.25806451612903225,0.6774193548387096,0.06451612903225806,4,17,0.19047619047619047,0.8095238095238095,19,12,0.6129032258064516,0.3870967741935484,5,2,0,1,11,8,5,7
scenario1,200,scenario1__H200__eta-global_decay__states-endogenous,cfg_0739fea987606a25da0a,run_a29d33a380df7770,1,42,global_decay,global_decay_eta0_0p15_c_0p0005,False,0.35,0.85,0.15,0.0005,0.02,0.75,,,A,opposed_binary_state_preferences_v1,binary_stay_switch_a0_0p1_a1_0p9_v1,32,B,B,0.7574251078758977,0.5769194965097584,0.008520710059171599,0.43409225939940305,0.0708185331731718,0.9874298045660626,0.23342177172976253,agreement,,,a1,a0,0,AI,a0,AI,0.14763779527559054,0.14763779527559054,True,True,1.0,0.0,0.08954190827250322,0.08954190827250322,2.3497158883872595,2.4230607587409705,2.4230607587409705,6,26,0.1875,0.8125,9,21,2,0.28125,0.65625,0.0625,4,17,0.19047619047619047,0.8095238095238095,19,13,0.59375,0.40625,5,2,1,1,11,8,6,7
scenario1,200,scenario1__H200__eta-global_decay__states-endogenous,cfg_0739fea987606a25da0a,run_a29d33a380df7770,1,42,global_decay,global_decay_eta0_0p15_c_0p0005,False,0.35,0.85,0.15,0.0005,0.02,0.75,,,A,opposed_binary_state_preferences_v1,binary_stay_switch_a0_0p1_a1_0p9_v1,33,B,B,0.7574251078758977,0.5769194965097584,0.15490052648744349,0.5176416305510659,0.6219692033353397,0.9991018019136719,0.11067010283844092,agreement,,,a1,a0,0,AI,a0,AI,0.14756517461878996,0.14756517461878996,True,True,1.0,0.0,0.10775107010705316,0.10775107010705316,2.3497158883872595,2.8117947037791997,2.8117947037791997,6,27,0.18181818181818182,0.8181818181818182,10,21,2,0.30303030303030304,0.6363636363636364,0.06060606060606061,4,17,0.19047619047619047,0.8095238095238095,19,14,0.5757575757575758,0.42424242424242425,5,2,2,1,11,8,7,7
scenario1,200,scenario1__H200__eta-global_decay__states-endogenous,cfg_0739fea987606a25da0a,run_a29d33a380df7770,1,42,global_decay,global_decay_eta0_0p15_c_0p0005,False,0.35,0.85,0.15,0.0005,0.02,0.75,,,A,opposed_binary_state_preferences_v1,binary_stay_switch_a0_0p1_a1_0p9_v1,34,B,A,0.7574251078758977,0.5769194965097584,0.2796077778665713,0.5888209275676327,0.8549158298090174,0.9771154447195876,0.07146083218160382,agreement,,,a1,a1,0,AI,a1,AI,0.14749262536873156,0.14749262536873156,True,True,0.0,0.03601026103212982,0.08001047284855047,0.08001047284855047,2.3497158883872595,1.7969428274448402,1.7969428274448402,6,28,0.17647058823529413,0.8235294117647058,11,21,2,0.3235294117647059,0.6176470588235294,0.058823529411764705,4,17,0.19047619047619047,0.8095238095238095,19,15,0.5588235294117647,0.4411764705882353,5,2,2,2,11,8,7,8
scenario1,200,scenario1__H200__eta-global_decay__states-endogenous,cfg_0739fea987606a25da0a,run_a29d33a380df7770,1,42,global_decay,global_decay_eta0_0p15_c_0p0005,False,0.35,0.85,0.15,0.0005,0.02,0.75,,,A,opposed_binary_state_preferences_v1,binary_stay_switch_a0_0p1_a1_0p9_v1,35,A,B,0.7574251078758977,0.5769194965097584,0.2383676926355136,0.5019741830886308,0.799296078357121,0.9828602917629008,0.026711183345931255,agreement,,,a0,a1,0,AI,a1,AI,0.14742014742014742,0.14742014742014742,True,True,1.0,0.0,0.13022085376244635,0.13022085376244635,2.3891651001543117,1.7969428274448402,2.3891651001543117,6,29,0.17142857142857143,0.8285714285714286,12,21,2,0.34285714285714286,0.6,0.05714285714285714,4,17,0.19047619047619047,0.8095238095238095,20,15,0.5714285714285714,0.42857142857142855,5,3,2,2,11,9,7,8
scenario1,200,scenario1__H200__eta-global_decay__states-endogenous,cfg_0739fea987606a25da0a,run_a29d33a380df7770,1,42,global_decay,global_decay_eta0_0p15_c_0p0005,False,0.35,0.85,0.15,0.0005,0.02,0.75,,,A,opposed_binary_state_preferences_v1,binary_stay_switch_a0_0p1_a1_0p9_v1,36,B,B,0.6457653868131118,0.49186993928473255,0.2383676926355136,0.5019741830886308,0.792315255778159,0.9999887544547441,0.0546512477836254,agreement,,,a1,a0,0,AI,a0,AI,0.14734774066797643,0.14734774066797643,True,True,1.0,0.0,0.12141444517619758,0.12141444517619758,2.3891651001543117,2.3921237910368403,2.3921237910368403,6,30,0.16666666666666666,0.8333333333333334,13,21,2,0.3611111111111111,0.5833333333333334,0.05555555555555555,4,17,0.19047619047619047,0.8095238095238095,20,16,0.5555555555555556,0.4444444444444444,5,3,3,2,11,9,8,8
scenario1,200,scenario1__H200__eta-global_decay__states-endogenous,cfg_0739fea987606a25da0a,run_a29d33a380df7770,1,42,global_decay,global_decay_eta0_0p15_c_0p0005,False,0.35,0.85,0.15,0.0005,0.02,0.75,,,A,opposed_binary_state_preferences_v1,binary_stay_switch_a0_0p1_a1_0p9_v1,37,B,A,0.6457653868131118,0.49186993928473255,0.35059249234540846,0.5753571620048443,0.9345960884846911,0.9835521280152748,0.03696679312966911,agreement,,,a0,a1,0,AI,a1,AI,0.14727540500736377,0.14727540500736377,True,True,0.0,0.033892569601352326,0.0953052169612729,0.0953052169612729,2.3891651001543117,2.793870941461441,2.793870941461441,6,31,0.16216216216216217,0.8378378378378378,14,21,2,0.3783783783783784,0.5675675675675675,0.05405405405405406,4,17,0.19047619047619047,0.8095238095238095,20,17,0.5405405405405406,0.4594594594594595,5,3,3,3,11,9,8,9
scenario1,200,scenario1__H200__eta-global_decay__states-endogenous,cfg_0739fea987606a25da0a,run_a29d33a380df7770,1,42,global_decay,global_decay_eta0_0p15_c_0p0005,False,0.35,0.85,0.15,0.0005,0.02,0.75,,,A,opposed_binary_state_preferences_v1,binary_stay_switch_a0_0p1_a1_0p9_v1,38,A,A,0.6457653868131118,0.49186993928473255,0.2989588410426973,0.4906212029466935,0.937793170950765,0.9998092734068136,0.017490469807140308,agreement,,,a0,a0,0,AI,a0,AI,0.14720314033366047,0.14720314033366047,True,True,0.0,0.030267572925567525,0.13987144897268472,0.13987144897268472,1.8222267632137688,2.793870941461441,1.8222267632137688,6,32,0.15789473684210525,0.8421052631578947,15,21,2,0.39473684210526316,0.5526315789473685,0.05263157894736842,4,17,0.19047619047619047,0.8095238095238095,21,17,0.5526315789473685,0.4473684210526316,6,3,3,3,12,9,8,9
scenario1,200,scenario1__H200__eta-global_decay__states-endogenous,cfg_0739fea987606a25da0a,run_a29d33a380df7770,1,42,global_decay,global_decay_eta0_0p15_c_0p0005,False,0.35,0.85,0.15,0.0005,0.02,0.75,,,A,opposed_binary_state_preferences_v1,binary_stay_switch_a0_0p1_a1_0p9_v1,39,A,B,0.6979098342891012,0.5666682799199535,0.2989588410426973,0.4906212029466935,0.88383091502766,0.9871371499982153,0.013414232511476554,agreement,,,a0,a1,0,AI,a1,AI,0.14713094654242273,0.14713094654242273,True,True,1.0,0.0,0.14011156927849672,0.14011156927849672,3.0225298927275053,2.793870941461441,3.0225298927275053,6,33,0.15384615384615385,0.8461538461538461,16,21,2,0.41025641025641024,0.5384615384615384,0.05128205128205128,4,17,0.19047619047619047,0.8095238095238095,22,17,0.5641025641025641,0.4358974358974359,6,4,3,3,12,10,8,9
scenario1,200,scenario1__H200__eta-global_decay__states-endogenous,cfg_0739fea987606a25da0a,run_a29d33a380df7770,1,42,global_decay,global_decay_eta0_0p15_c_0p0005,False,0.35,0.85,0.15,0.0005,0.02,0.75,,,A,opposed_binary_state_preferences_v1,binary_stay_switch_a0_0p1_a1_0p9_v1,40,B,B,0.5952256997688804,0.4832938395197642,0.2989588410426973,0.4906212029466935,0.8800144683764147,0.9997461809106354,0.027940924159524316,agreement,,,a1,a0,0,AI,a0,AI,0.14705882352941177,0.14705882352941177,True,True,1.0,0.0,0.13198881839459023,0.13198881839459023,3.0225298927275053,3.1125526274410356,3.1125526274410356,6,34,0.15,0.85,17,21,2,0.425,0.525,0.05,4,17,0.19047619047619047,0.8095238095238095,22,18,0.55,0.45,6,4,4,3,12,10,9,9
scenario1,200,scenario1__H200__eta-global_decay__states-endogenous,cfg_0739fea987606a25da0a,run_a29d33a380df7770,1,42,global_decay,global_decay_eta0_0p15_c_0p0005,False,0.35,0.85,0.15,0.0005,0.02,0.75,,,A,opposed_binary_state_preferences_v1,binary_stay_switch_a0_0p1_a1_0p9_v1,41,B,A,0.5952256997688804,0.4832938395197642,0.40205312912465363,0.5655298495721798,0.9721389354988965,0.9875739532170665,0.0193853852062687,agreement,,,a1,a1,0,AI,a1,AI,0.14698677119059284,0.14698677119059284,True,True,0.0,0.031261427060871275,0.10790649760697009,0.10790649760697009,3.0225298927275053,2.2736491246491437,2.2736491246491437,6,35,0.14634146341463414,0.8536585365853658,18,21,2,0.43902439024390244,0.5121951219512195,0.04878048780487805,4,17,0.19047619047619047,0.8095238095238095,22,19,0.5365853658536586,0.4634146341463415,6,4,4,4,12,10,9,10
scenario1,200,scenario1__H200__eta-global_decay__states-endogenous,cfg_0739fea987606a25da0a,run_a29d33a380df7770,1,42,global_decay,global_decay_eta0_0p15_c_0p0005,False,0.35,0.85,0.15,0.0005,0.02,0.75,,,A,opposed_binary_state_preferences_v1,binary_stay_switch_a0_0p1_a1_0p9_v1,42,A,A,0.5952256997688804,0.4832938395197642,0.34295663782754626,0.48240444297166346,0.973674960846221,0.9991945498483825,0.009113326582849912,agreement,,,a0,a0,0,AI,a0,AI,0.14691478942213518,0.14691478942213518,True,True,0.0,0.027917845547021532,0.14901297102546907,0.14901297102546907,2.210731361939752,2.2736491246491437,2.210731361939752,6,36,0.14285714285714285,0.8571428571428571,19,21,2,0.4523809523809524,0.5,0.047619047619047616,4,17,0.19047619047619047,0.8095238095238095,23,19,0.5476190476190477,0.4523809523809524,7,4,4,4,13,10,9,10
scenario1,200,scenario1__H200__eta-global_decay__states-endogenous,cfg_0739fea987606a25da0a,run_a29d33a380df7770,1,42,global_decay,global_decay_eta0_0p15_c_0p0005,False,0.35,0.85,0.15,0.0005,0.02,0.75,,,A,opposed_binary_state_preferences_v1,binary_stay_switch_a0_0p1_a1_0p9_v1,43,A,A,0.6546930308508274,0.559205616279838,0.34295663782754626,0.48240444297166346,0.9298068007437,0.9898620586523723,0.00690563471156902,agreement,,,a0,a0,0,AI,a0,AI,0.14684287812041114,0.14684287812041114,True,True,0.0,0.027359488636081102,0.16603271160495967,0.16603271160495967,1.6627673536580183,2.2736491246491437,1.6627673536580183,6,37,0.13953488372093023,0.8604651162790697,20,21,2,0.46511627906976744,0.4883720930232558,0.046511627906976744,4,17,0.19047619047619047,0.8095238095238095,24,19,0.5581395348837209,0.4418604651162791,8,4,4,4,14,10,9,10
scenario1,200,scenario1__H200__eta-global_decay__states-endogenous,cfg_0739fea987606a25da0a,run_a29d33a380df7770,1,42,global_decay,global_decay_eta0_0p15_c_0p0005,False,0.35,0.85,0.15,0.0005,0.02,0.75,,,A,opposed_binary_state_preferences_v1,binary_stay_switch_a0_0p1_a1_0p9_v1,44,A,B,0.705398900035728,0.6239331322446194,0.34295663782754626,0.48240444297166346,0.8745908539585643,0.9552167459641159,0.005379704854897582,agreement,,,a0,a0,0,AI,a0,AI,0.14677103718199608,0.14677103718199608,True,True,0.0,0.02681229886335948,0.18271205737286045,0.18271205737286045,1.292891648067848,2.2736491246491437,1.292891648067848,6,38,0.13636363636363635,0.8636363636363636,21,21,2,0.4772727272727273,0.4772727272727273,0.045454545454545456,4,17,0.19047619047619047,0.8095238095238095,25,19,0.5681818181818182,0.4318181818181818,9,4,4,4,15,10,9,10
scenario1,200,scenario1__H200__eta-global_decay__states-endogenous,cfg_0739fea987606a25da0a,run_a29d33a380df7770,1,42,global_decay,global_decay_eta0_0p15_c_0p0005,False,0.35,0.85,0.15,0.0005,0.02,0.75,,,A,opposed_binary_state_preferences_v1,binary_stay_switch_a0_0p1_a1_0p9_v1,45,B,B,0.748637809032441,0.6791288564748612,0.34295663782754626,0.48240444297166346,0.9276199426644083,0.999106488288675,0.01452336855985431,agreement,,,a1,a0,0,AI,a0,AI,0.1466992665036675,0.1466992665036675,True,True,1.0,0.0,0.13930743789192848,0.13930743789192848,1.292891648067848,2.6316800327432603,2.6316800327432603,6,39,0.13333333333333333,0.8666666666666667,22,21,2,0.4888888888888889,0.4666666666666667,0.044444444444444446,4,17,0.19047619047619047,0.8095238095238095,25,20,0.5555555555555556,0.4444444444444444,9,4,5,4,15,10,10,10
scenario1,200,scenario1__H200__eta-global_decay__states-endogenous,cfg_0739fea987606a25da0a,run_a29d33a380df7770,1,42,global_decay,global_decay_eta0_0p15_c_0p0005,False,0.35,0.85,0.15,0.0005,0.02,0.75,,,A,opposed_binary_state_preferences_v1,binary_stay_switch_a0_0p1_a1_0p9_v1,46,B,A,0.748637809032441,0.6791288564748612,0.4393444171193488,0.5583353315332776,0.9893581702991197,0.9901585877637535,0.010237737542866387,agreement,,,a0,a1,0,AI,a1,AI,0.1466275659824047,0.1466275659824047,True,True,0.0,0.028257854057967838,0.11753892729678968,0.11753892729678968,1.292891648067848,2.873350895706789,2.873350895706789,6,40,0.13043478260869565,0.8695652173913043,23,21,2,0.5,0.45652173913043476,0.043478260869565216,4,17,0.19047619047619047,0.8095238095238095,25,21,0.5434782608695652,0.45652173913043476,9,4,5,5,15,10,10,11
scenario1,200,scenario1__H200__eta-global_decay__states-endogenous,cfg_0739fea987606a25da0a,run_a29d33a380df7770,1,42,global_decay,global_decay_eta0_0p15_c_0p0005,False,0.35,0.85,0.15,0.0005,0.02,0.75,,,A,opposed_binary_state_preferences_v1,binary_stay_switch_a0_0p1_a1_0p9_v1,47,A,A,0.748637809032441,0.6791288564748612,0.37492441460918036,0.47646798086857417,0.8134300159757716,0.9053262794076531,0.004273768197349315,agreement,,,a1,a0,0,AI,a0,AI,0.14655593551538837,0.14655593551538837,True,True,0.0,0.025235521191803036,0.19196712670287724,0.19196712670287724,3.036478728207171,2.873350895706789,3.036478728207171,6,41,0.1276595744680851,0.8723404255319149,24,21,2,0.5106382978723404,0.44680851063829785,0.0425531914893617,4,17,0.19047619047619047,0.8095238095238095,26,21,0.5531914893617021,0.44680851063829785,10,4,5,5,16,10,10,11
scenario1,200,scenario1__H200__eta-global_decay__states-endogenous,cfg_0739fea987606a25da0a,run_a29d33a380df7770,1,42,global_decay,global_decay_eta0_0p15_c_0p0005,False,0.35,0.85,0.15,0.0005,0.02,0.75,,,A,opposed_binary_state_preferences_v1,binary_stay_switch_a0_0p1_a1_0p9_v1,48,A,B,0.7854764300828894,0.7261544270940804,0.37492441460918036,0.47646798086857417,0.7500408679708799,0.8469288290291002,0.0034452490874434805,agreement,,,a0,a1,0,AI,a1,AI,0.146484375,0.146484375,True,True,1.0,0.0,0.13681770733449009,0.13681770733449009,3.1672477592176205,2.873350895706789,3.1672477592176205,6,42,0.125,0.875,25,21,2,0.5208333333333334,0.4375,0.041666666666666664,4,17,0.19047619047619047,0.8095238095238095,27,21,0.5625,0.4375,10,5,5,5,16,11,10,11
scenario1,200,scenario1__H200__eta-global_decay__states-endogenous,cfg_0739fea987606a25da0a,run_a29d33a380df7770,1,42,global_decay,global_decay_eta0_0p15_c_0p0005,False,0.35,0.85,0.15,0.0005,0.02,0.75,,,A,opposed_binary_state_preferences_v1,binary_stay_switch_a0_0p1_a1_0p9_v1,49,B,B,0.6704164061449661,0.619784149687721,0.37492441460918036,0.47646798086857417,0.9543782815083885,0.998401607763267,0.007620498693771738,agreement,,,a1,a0,0,AI,a0,AI,0.14641288433382138,0.14641288433382138,True,True,1.0,0.0,0.1484927451626923,0.1484927451626923,3.1672477592176205,3.1770554365434043,3.1770554365434043,6,43,0.12244897959183673,0.8775510204081632,26,21,2,0.5306122448979592,0.42857142857142855,0.04081632653061224,4,17,0.19047619047619047,0.8095238095238095,27,22,0.5510204081632653,0.4489795918367347,10,5,6,5,16,11,11,11
scenario1,200,scenario1__H200__eta-global_decay__states-endogenous,cfg_0739fea987606a25da0a,run_a29d33a380df7770,1,42,global_decay,global_decay_eta0_0p15_c_0p0005,False,0.35,0.85,0.15,0.0005,0.02,0.75,,,A,opposed_binary_state_preferences_v1,binary_stay_switch_a0_0p1_a1_0p9_v1,50,B,A,0.6704164061449661,0.619784149687721,0.4664435339929021,0.5531198138307156,0.9967485022677463,0.9918428672580939,0.005428220198711697,agreement,,,a1,a0,0,AI,a0,AI,0.14634146341463417,0.14634146341463417,True,True,1.0,0.0,0.16552289025943845,0.16552289025943845,3.1672477592176205,3.3820560016081194,3.3820560016081194,6,44,0.12,0.88,27,21,2,0.54,0.42,0.04,4,17,0.19047619047619047,0.8095238095238095,27,23,0.54,0.46,10,5,7,5,16,11,12,11
scenario1,200,scenario1__H200__eta-global_decay__states-endogenous,cfg_0739fea987606a25da0a,run_a29d33a380df7770,1,42,global_decay,global_decay_eta0_0p15_c_0p0005,False,0.35,0.85,0.15,0.0005,0.02,0.75,,,A,opposed_binary_state_preferences_v1,binary_stay_switch_a0_0p1_a1_0p9_v1,51,A,B,0.6704164061449661,0.619784149687721,0.5445249680427213,0.6185169142457329,0.9145003668479244,0.9581943279261882,0.002020616102484496,agreement,,,a1,a1,0,AI,a1,AI,0.1462701121404193,0.1462701121404193,True,True,1.0,0.0,0.14877173160156337,0.14877173160156337,3.520431383026802,3.3820560016081194,3.520431383026802,6,45,0.11764705882352941,0.8823529411764706,28,21,2,0.5490196078431373,0.4117647058823529,0.0392156862745098,4,17,0.19047619047619047,0.8095238095238095,28,23,0.5490196078431373,0.45098039215686275,10,6,7,5,16,12,12,11
scenario1,200,scenario1__H200__eta-global_decay__states-endogenous,cfg_0739fea987606a25da0a,run_a29d33a380df7770,1,42,global_decay,global_decay_eta0_0p15_c_0p0005,False,0.35,0.85,0.15,0.0005,0.02,0.75,,,A,opposed_binary_state_preferences_v1,binary_stay_switch_a0_0p1_a1_0p9_v1,52,B,B,0.572354523237365,0.5291282526100436,0.5445249680427213,0.6185169142457329,0.9942722085192877,0.9590827483515516,0.004061317394947195,agreement,,,a1,a0,0,AI,a0,AI,0.14619883040935672,0.14619883040935672,True,True,1.0,0.0,0.1789681838051647,0.1789681838051647,3.520431383026802,3.5469201548124905,3.5469201548124905,6,46,0.11538461538461539,0.8846153846153846,29,21,2,0.5576923076923077,0.40384615384615385,0.038461538461538464,4,17,0.19047619047619047,0.8095238095238095,28,24,0.5384615384615384,0.46153846153846156,10,6,8,5,16,12,13,11
scenario1,200,scenario1__H200__eta-global_decay__states-endogenous,cfg_0739fea987606a25da0a,run_a29d33a380df7770,1,42,global_decay,global_decay_eta0_0p15_c_0p0005,False,0.35,0.85,0.15,0.0005,0.02,0.75,,,A,opposed_binary_state_preferences_v1,binary_stay_switch_a0_0p1_a1_0p9_v1,53,B,B,0.572354523237365,0.5291282526100436,0.6111148849955399,0.674289295203959,0.9640763039029084,0.9104838633842015,0.003137283755754061,agreement,,,a0,a0,0,AI,a0,AI,0.14612761811982464,0.14612761811982464,True,True,1.0,0.0,0.1953888201290614,0.1953888201290614,3.520431383026802,3.658203458225441,3.658203458225441,6,47,0.11320754716981132,0.8867924528301887,30,21,2,0.5660377358490566,0.39622641509433965,0.03773584905660377,4,17,0.19047619047619047,0.8095238095238095,28,25,0.5283018867924528,0.4716981132075472,10,6,9,5,16,12,14,11
scenario1,200,scenario1__H200__eta-global_decay__states-endogenous,cfg_0739fea987606a25da0a,run_a29d33a380df7770,1,42,global_decay,global_decay_eta0_0p15_c_0p0005,False,0.35,0.85,0.15,0.0005,0.02,0.75,,,A,opposed_binary_state_preferences_v1,binary_stay_switch_a0_0p1_a1_0p9_v1,54,B,B,0.572354523237365,0.5291282526100436,0.6679417405733957,0.7218846246919338,0.9170154792791805,0.8528701510684422,0.002477572173746556,agreement,,,a1,a0,0,AI,a0,AI,0.14605647517039924,0.14605647517039924,True,True,1.0,0.0,0.21148104372648016,0.21148104372648016,3.520431383026802,3.733319688029183,3.733319688029183,6,48,0.1111111111111111,0.8888888888888888,31,21,2,0.5740740740740741,0.3888888888888889,0.037037037037037035,4,17,0.19047619047619047,0.8095238095238095,28,26,0.5185185185185185,0.48148148148148145,10,6,10,5,16,12,15,11
scenario1,200,scenario1__H200__eta-global_decay__states-endogenous,cfg_0739fea987606a25da0a,run_a29d33a380df7770,1,42,global_decay,global_decay_eta0_0p15_c_0p0005,False,0.35,0.85,0.15,0.0005,0.02,0.75,,,A,opposed_binary_state_preferences_v1,binary_stay_switch_a0_0p1_a1_0p9_v1,55,B,B,0.572354523237365,0.5291282526100436,0.7164409994964636,0.7625051761001227,0.8602549924744427,0.7908493800539522,0.0019882634706585023,agreement,,,a0,a0,0,AI,a0,AI,0.145985401459854,0.145985401459854,True,True,1.0,0.0,0.22725142285195055,0.22725142285195055,3.520431383026802,3.7840231431467086,3.7840231431467086,6,49,0.10909090909090909,0.8909090909090909,32,21,2,0.5818181818181818,0.38181818181818183,0.03636363636363636,4,17,0.19047619047619047,0.8095238095238095,28,27,0.509090909090909,0.4909090909090909,10,6,11,5,16,12,16,11
scenario1,200,scenario1__H200__eta-global_decay__states-endogenous,cfg_0739fea987606a25da0a,run_a29d33a380df7770,1,42,global_decay,global_decay_eta0_0p15_c_0p0005,False,0.35,0.85,0.15,0.0005,0.02,0.75,,,A,opposed_binary_state_preferences_v1,binary_stay_switch_a0_0p1_a1_0p9_v1,56,B,A,0.572354523237365,0.5291282526100436,0.7578364740225272,0.7971759533117836,0.7986196736540059,0.7275403584807525,0.0016149954785547038,agreement,,,a0,a1,0,AI,a1,AI,0.14591439688715951,0.14591439688715951,True,True,0.0,0.023088724131762432,0.11603786124493923,0.11603786124493923,3.520431383026802,3.8182479753510385,3.8182479753510385,6,50,0.10714285714285714,0.8928571428571429,33,21,2,0.5892857142857143,0.375,0.03571428571428571,4,17,0.19047619047619047,0.8095238095238095,28,28,0.5,0.5,10,6,11,6,16,12,16,12
scenario1,200,scenario1__H200__eta-global_decay__states-endogenous,cfg_0739fea987606a25da0a,run_a29d33a380df7770,1,42,global_decay,global_decay_eta0_0p15_c_0p0005,False,0.35,0.85,0.15,0.0005,0.02,0.75,,,A,opposed_binary_state_preferences_v1,binary_stay_switch_a0_0p1_a1_0p9_v1,57,A,B,0.572354523237365,0.5291282526100436,0.6472572219764386,0.6808565048713483,0.9848413054200698,0.997550489437212,0.0013623176967247907,agreement,,,a0,a1,0,AI,a1,AI,0.14584346135148274,0.14584346135148274,True,True,1.0,0.0,0.15178830492718887,0.15178830492718887,3.841349737088961,3.8182479753510385,3.841349737088961,6,51,0.10526315789473684,0.8947368421052632,34,21,2,0.5964912280701754,0.3684210526315789,0.03508771929824561,4,17,0.19047619047619047,0.8095238095238095,29,28,0.5087719298245614,0.49122807017543857,10,7,11,6,16,13,16,12
scenario1,200,scenario1__H200__eta-global_decay__states-endogenous,cfg_0739fea987606a25da0a,run_a29d33a380df7770,1,42,global_decay,global_decay_eta0_0p15_c_0p0005,False,0.35,0.85,0.15,0.0005,0.02,0.75,,,A,opposed_binary_state_preferences_v1,binary_stay_switch_a0_0p1_a1_0p9_v1,58,B,B,0.48888035844825006,0.45195835675053314,0.6472572219764386,0.6808565048713483,0.9364937642222718,0.9034476074548536,0.0009128709625703668,agreement,,,a0,a0,0,AI,a0,AI,0.1457725947521866,0.1457725947521866,True,True,1.0,0.0,0.23388722117687302,0.23388722117687302,3.841349737088961,3.865418613643623,3.865418613643623,6,52,0.10344827586206896,0.896551724137931,35,21,2,0.603448275862069,0.3620689655172414,0.034482758620689655,4,17,0.19047619047619047,0.8095238095238095,29,29,0.5,0.5,10,7,12,6,16,13,17,12
scenario1,200,scenario1__H200__eta-global_decay__states-endogenous,cfg_0739fea987606a25da0a,run_a29d33a380df7770,1,42,global_decay,global_decay_eta0_0p15_c_0p0005,False,0.35,0.85,0.15,0.0005,0.02,0.75,,,A,opposed_binary_state_preferences_v1,binary_stay_switch_a0_0p1_a1_0p9_v1,59,B,B,0.48888035844825006,0.45195835675053314,0.6986774520090278,0.7273788802545337,0.8829015686504078,0.8452006851881475,0.000726245071913878,agreement,,,a0,a0,0,AI,a0,AI,0.1457017969888295,0.1457017969888295,True,True,1.0,0.0,0.24920947675333555,0.24920947675333555,3.841349737088961,3.8972587944911177,3.8972587944911177,6,53,0.1016949152542373,0.8983050847457628,36,21,2,0.6101694915254238,0.3559322033898305,0.03389830508474576,4,17,0.19047619047619047,0.8095238095238095,29,30,0.4915254237288136,0.5084745762711864,10,7,13,6,16,13,18,12
scenario1,200,scenario1__H200__eta-global_decay__states-endogenous,cfg_0739fea987606a25da0a,run_a29d33a380df7770,1,42,global_decay,global_decay_eta0_0p15_c_0p0005,False,0.35,0.85,0.15,0.0005,0.02,0.75,,,A,opposed_binary_state_preferences_v1,binary_stay_switch_a0_0p1_a1_0p9_v1,60,B,A,0.48888035844825006,0.45195835675053314,0.7425806887245652,0.767100267298555,0.8228270545312586,0.7830320405779825,0.0005860680375214811,agreement,,,a1,a1,0,AI,a1,AI,0.14563106796116504,0.14563106796116504,True,True,0.0,0.021296303994161308,0.1270296285668299,0.1270296285668299,3.841349737088961,2.8852054821218824,2.8852054821218824,6,54,0.1,0.9,37,21,2,0.6166666666666667,0.35,0.03333333333333333,4,17,0.19047619047619047,0.8095238095238095,29,31,0.48333333333333334,0.5166666666666667,10,7,13,7,16,13,18,13
scenario1,200,scenario1__H200__eta-global_decay__states-endogenous,cfg_0739fea987606a25da0a,run_a29d33a380df7770,1,42,global_decay,global_decay_eta0_0p15_c_0p0005,False,0.35,0.85,0.15,0.0005,0.02,0.75,,,A,opposed_binary_state_preferences_v1,binary_stay_switch_a0_0p1_a1_0p9_v1,61,A,B,0.48888035844825006,0.45195835675053314,0.6344378699782693,0.6553866361385713,0.9996432024077506,0.9933302364309403,0.0009870478300306185,agreement,,,a1,a1,0,AI,a1,AI,0.14556040756914118,0.14556040756914118,True,True,1.0,0.0,0.16000469952521013,0.16000469952521013,3.235614930713943,2.8852054821218824,3.235614930713943,6,55,0.09836065573770492,0.9016393442622951,38,21,2,0.6229508196721312,0.3442622950819672,0.03278688524590164,4,17,0.19047619047619047,0.8095238095238095,30,31,0.4918032786885246,0.5081967213114754,10,8,13,7,16,14,18,13
scenario1,200,scenario1__H200__eta-global_decay__states-endogenous,cfg_0739fea987606a25da0a,run_a29d33a380df7770,1,42,global_decay,global_decay_eta0_0p15_c_0p0005,False,0.35,0.85,0.15,0.0005,0.02,0.75,,,A,opposed_binary_state_preferences_v1,binary_stay_switch_a0_0p1_a1_0p9_v1,62,B,A,0.4177187342199749,0.3861711141376462,0.6344378699782693,0.6553866361385713,0.9472035297103625,0.9291651097053919,0.00034563088667249886,agreement,,,a0,a1,0,AI,a1,AI,0.1454898157129001,0.1454898157129001,True,True,0.0,0.02045297035599252,0.14199925527558344,0.14199925527558344,3.235614930713943,3.1901848202358165,3.1901848202358165,6,56,0.0967741935483871,0.9032258064516129,39,21,2,0.6290322580645161,0.3387096774193548,0.03225806451612903,4,17,0.19047619047619047,0.8095238095238095,30,32,0.4838709677419355,0.5161290322580645,10,8,13,8,16,14,18,14
scenario1,200,scenario1__H200__eta-global_decay__states-endogenous,cfg_0739fea987606a25da0a,run_a29d33a380df7770,1,42,global_decay,global_decay_eta0_0p15_c_0p0005,False,0.35,0.85,0.15,0.0005,0.02,0.75,,,A,opposed_binary_state_preferences_v1,binary_stay_switch_a0_0p1_a1_0p9_v1,63,A,A,0.4177187342199749,0.3861711141376462,0.5421336211938461,0.560034555226073,0.9803761743217372,0.9622841286032549,0.0007467873821923598,agreement,,,a0,a0,0,AI,a0,AI,0.1454192922927775,0.1454192922927775,True,True,0.0,0.018265412716590653,0.15894536873623333,0.15894536873623333,2.423303939749598,3.1901848202358165,2.423303939749598,6,57,0.09523809523809523,0.9047619047619048,40,21,2,0.6349206349206349,0.3333333333333333,0.031746031746031744,4,17,0.19047619047619047,0.8095238095238095,31,32,0.49206349206349204,0.5079365079365079,11,8,13,8,17,14,18,14
scenario1,200,scenario1__H200__eta-global_decay__states-endogenous,cfg_0739fea987606a25da0a,run_a29d33a380df7770,1,42,global_decay,global_decay_eta0_0p15_c_0p0005,False,0.35,0.85,0.15,0.0005,0.02,0.75,,,A,opposed_binary_state_preferences_v1,binary_stay_switch_a0_0p1_a1_0p9_v1,64,A,B,0.5023936638050489,0.47543367630861383,0.5421336211938461,0.560034555226073,0.9999834677296302,0.9982579535111699,0.0005246265093075686,agreement,,,a0,a1,0,AI,a1,AI,0.1453488372093023,0.1453488372093023,True,True,1.0,0.0,0.17059514315553156,0.17059514315553156,3.335122549140396,3.1901848202358165,3.335122549140396,6,58,0.09375,0.90625,41,21,2,0.640625,0.328125,0.03125,4,17,0.19047619047619047,0.8095238095238095,32,32,0.5,0.5,11,9,13,8,17,15,18,14
scenario1,200,scenario1__H200__eta-global_decay__states-endogenous,cfg_0739fea987606a25da0a,run_a29d33a380df7770,1,42,global_decay,global_decay_eta0_0p15_c_0p0005,False,0.35,0.85,0.15,0.0005,0.02,0.75,,,A,opposed_binary_state_preferences_v1,binary_stay_switch_a0_0p1_a1_0p9_v1,65,B,A,0.4293713289496639,0.40632994428701297,0.5421336211938461,0.560034555226073,0.9948716547806818,0.9895754951579531,0.00023360250540360727,agreement,,,a0,a1,0,AI,a1,AI,0.14527845036319612,0.14527845036319612,True,True,0.0,0.01925017207529731,0.1536485630713369,0.1536485630713369,3.335122549140396,3.4035089448447056,3.4035089448447056,6,59,0.09230769230769231,0.9076923076923077,42,21,2,0.6461538461538462,0.3230769230769231,0.03076923076923077,4,17,0.19047619047619047,0.8095238095238095,32,33,0.49230769230769234,0.5076923076923077,11,9,13,9,17,15,18,15
scenario1,200,scenario1__H200__eta-global_decay__states-endogenous,cfg_0739fea987606a25da0a,run_a29d33a380df7770,1,42,global_decay,global_decay_eta0_0p15_c_0p0005,False,0.35,0.85,0.15,0.0005,0.02,0.75,,,A,opposed_binary_state_preferences_v1,binary_stay_switch_a0_0p1_a1_0p9_v1,66,A,B,0.4293713289496639,0.40632994428701297,0.46337328881701617,0.47867360289298727,0.9855582403270979,0.9745331528071757,0.00039363172368711563,agreement,,,a0,a1,0,AI,a1,AI,0.14520813165537272,0.14520813165537272,True,True,1.0,0.0,0.1838395754865725,0.1838395754865725,3.547502728955706,3.4035089448447056,3.547502728955706,6,60,0.09090909090909091,0.9090909090909091,43,21,2,0.6515151515151515,0.3181818181818182,0.030303030303030304,4,17,0.19047619047619047,0.8095238095238095,33,33,0.5,0.5,11,10,13,9,17,16,18,15
scenario1,200,scenario1__H200__eta-global_decay__states-endogenous,cfg_0739fea987606a25da0a,run_a29d33a380df7770,1,42,global_decay,global_decay_eta0_0p15_c_0p0005,False,0.35,0.85,0.15,0.0005,0.02,0.75,,,A,opposed_binary_state_preferences_v1,binary_stay_switch_a0_0p1_a1_0p9_v1,67,B,B,0.36702312048649877,0.3473275322414641,0.46337328881701617,0.47867360289298727,0.9961257338437364,0.998687282495369,0.00016944295920062746,agreement,,,a0,a0,0,AI,a0,AI,0.14513788098693758,0.14513788098693758,True,True,1.0,0.0,0.2320182076986929,0.2320182076986929,3.547502728955706,3.5634312424418546,3.5634312424418546,6,61,0.08955223880597014,0.9104477611940298,44,21,2,0.6567164179104478,0.31343283582089554,0.029850746268656716,4,17,0.19047619047619047,0.8095238095238095,33,34,0.4925373134328358,0.5074626865671642,11,10,14,9,17,16,19,15
scenario1,200,scenario1__H200__eta-global_decay__states-endogenous,cfg_0739fea987606a25da0a,run_a29d33a380df7770,1,42,global_decay,global_decay_eta0_0p15_c_0p0005,False,0.35,0.85,0.15,0.0005,0.02,0.75,,,A,opposed_binary_state_preferences_v1,binary_stay_switch_a0_0p1_a1_0p9_v1,68,B,B,0.36702312048649877,0.3473275322414641,0.5412581525591038,0.5543378114716538,0.9950827985246633,0.9914637544268206,0.00012454819108320692,agreement,,,a1,a0,0,AI,a0,AI,0.1450676982591876,0.1450676982591876,True,True,1.0,0.0,0.24737784354471903,0.24737784354471903,3.547502728955706,3.67137879331993,3.67137879331993,6,62,0.08823529411764706,0.9117647058823529,45,21,2,0.6617647058823529,0.3088235294117647,0.029411764705882353,4,17,0.19047619047619047,0.8095238095238095,33,35,0.4852941176470588,0.5147058823529411,11,10,15,9,17,16,20,15
scenario1,200,scenario1__H200__eta-global_decay__states-endogenous,cfg_0739fea987606a25da0a,run_a29d33a380df7770,1,42,global_decay,global_decay_eta0_0p15_c_0p0005,False,0.35,0.85,0.15,0.0005,0.02,0.75,,,A,opposed_binary_state_preferences_v1,binary_stay_switch_a0_0p1_a1_0p9_v1,69,B,B,0.36702312048649877,0.3473275322414641,0.607806776462522,0.6189889993626132,0.9662003371607869,0.9587529320221584,9.509243213184915e-05,agreement,,,a0,a0,0,AI,a0,AI,0.14499758337361043,0.14499758337361043,True,True,1.0,0.0,0.2624302866738247,0.2624302866738247,3.547502728955706,3.7442433901626306,3.7442433901626306,6,63,0.08695652173913043,0.9130434782608695,46,21,2,0.6666666666666666,0.30434782608695654,0.028985507246376812,4,17,0.19047619047619047,0.8095238095238095,33,36,0.4782608695652174,0.5217391304347826,11,10,16,9,17,16,21,15
scenario1,200,scenario1__H200__eta-global_decay__states-endogenous,cfg_0739fea987606a25da0a,run_a29d33a380df7770,1,42,global_decay,global_decay_eta0_0p15_c_0p0005,False,0.35,0.85,0.15,0.0005,0.02,0.75,,,A,opposed_binary_state_preferences_v1,binary_stay_switch_a0_0p1_a1_0p9_v1,70,B,B,0.36702312048649877,0.3473275322414641,0.6646738460909625,0.6742346736937954,0.9202757762144929,0.9105411939661494,7.449624937372334e-05,agreement,,,a1,a0,0,AI,a0,AI,0.14492753623188406,0.14492753623188406,True,True,1.0,0.0,0.2771816809403482,0.2771816809403482,3.547502728955706,3.7934269930314537,3.7934269930314537,6,64,0.08571428571428572,0.9142857142857143,47,21,2,0.6714285714285714,0.3,0.02857142857142857,4,17,0.19047619047619047,0.8095238095238095,33,37,0.4714285714285714,0.5285714285714286,11,10,17,9,17,16,22,15
scenario1,200,scenario1__H200__eta-global_decay__states-endogenous,cfg_0739fea987606a25da0a,run_a29d33a380df7770,1,42,global_decay,global_decay_eta0_0p15_c_0p0005,False,0.35,0.85,0.15,0.0005,0.02,0.75,,,A,opposed_binary_state_preferences_v1,binary_stay_switch_a0_0p1_a1_0p9_v1,71,B,B,0.36702312048649877,0.3473275322414641,0.7132718394111128,0.7214470398251294,0.8644572074532825,0.8534716171808152,5.9445856731177305e-05,agreement,,,a0,a0,0,AI,a0,AI,0.14485755673587636,0.14485755673587636,True,True,1.0,0.0,0.29163804732154125,0.29163804732154125,3.547502728955706,3.8266259249679093,3.8266259249679093,6,65,0.08450704225352113,0.9154929577464789,48,21,2,0.676056338028169,0.29577464788732394,0.028169014084507043,4,17,0.19047619047619047,0.8095238095238095,33,38,0.4647887323943662,0.5352112676056338,11,10,18,9,17,16,23,15
scenario1,200,scenario1__H200__eta-global_decay__states-endogenous,cfg_0739fea987606a25da0a,run_a29d33a380df7770,1,42,global_decay,global_decay_eta0_0p15_c_0p0005,False,0.35,0.85,0.15,0.0005,0.02,0.75,,,A,opposed_binary_state_preferences_v1,binary_stay_switch_a0_0p1_a1_0p9_v1,72,B,B,0.36702312048649877,0.3473275322414641,0.754806580201391,0.761797541057607,0.8035706086489878,0.7920382311492014,4.809002041816779e-05,agreement,,,a1,a0,0,AI,a0,AI,0.14478764478764478,0.14478764478764478,True,True,1.0,0.0,0.30580528637511045,0.30580528637511045,3.547502728955706,3.8490352040250166,3.8490352040250166,6,66,0.08333333333333333,0.9166666666666666,49,21,2,0.6805555555555556,0.2916666666666667,0.027777777777777776,4,17,0.19047619047619047,0.8095238095238095,33,39,0.4583333333333333,0.5416666666666666,11,10,19,9,17,16,24,15
scenario1,200,scenario1__H200__eta-global_decay__states-endogenous,cfg_0739fea987606a25da0a,run_a29d33a380df7770,1,42,global_decay,global_decay_eta0_0p15_c_0p0005,False,0.35,0.85,0.15,0.0005,0.02,0.75,,,A,opposed_binary_state_preferences_v1,binary_stay_switch_a0_0p1_a1_0p9_v1,73,B,B,0.36702312048649877,0.3473275322414641,0.7903075579714599,0.7962863140705018,0.74089444270709,0.7292935747742865,3.9312961199577945e-05,agreement,,,a0,a0,0,AI,a0,AI,0.1447178002894356,0.1447178002894356,True,True,1.0,0.0,0.31968918064760826,0.31968918064760826,3.547502728955706,3.8641614673885645,3.8641614673885645,6,67,0.0821917808219178,0.9178082191780822,50,21,2,0.684931506849315,0.2876712328767123,0.0273972602739726,4,17,0.19047619047619047,0.8095238095238095,33,40,0.4520547945205479,0.547945205479452,11,10,20,9,17,16,25,15
scenario1,200,scenario1__H200__eta-global_decay__states-endogenous,cfg_0739fea987606a25da0a,run_a29d33a380df7770,1,42,global_decay,global_decay_eta0_0p15_c_0p0005,False,0.35,0.85,0.15,0.0005,0.02,0.75,,,A,opposed_binary_state_preferences_v1,binary_stay_switch_a0_0p1_a1_0p9_v1,74,B,B,0.36702312048649877,0.3473275322414641,0.8206537869191503,0.8257673105870716,0.6786447128693642,0.6672963861248976,3.240189461067855e-05,agreement,,,a0,a0,0,AI,a0,AI,0.14464802314368372,0.14464802314368372,True,True,1.0,0.0,0.3332953970346561,0.3332953970346561,3.547502728955706,3.8743716951589593,3.8743716951589593,6,68,0.08108108108108109,0.918918918918919,51,21,2,0.6891891891891891,0.28378378378378377,0.02702702702702703,4,17,0.19047619047619047,0.8095238095238095,33,41,0.44594594594594594,0.5540540540540541,11,10,21,9,17,16,26,15
scenario1,200,scenario1__H200__eta-global_decay__states-endogenous,cfg_0739fea987606a25da0a,run_a29d33a380df7770,1,42,global_decay,global_decay_eta0_0p15_c_0p0005,False,0.35,0.85,0.15,0.0005,0.02,0.75,,,A,opposed_binary_state_preferences_v1,binary_stay_switch_a0_0p1_a1_0p9_v1,75,B,A,0.36702312048649877,0.3473275322414641,0.846595862099601,0.8509697246776592,0.6182940031953061,0.6074082386665614,2.688004335960059e-05,agreement,,,a0,a1,0,AI,a1,AI,0.14457831325301204,0.14457831325301204,True,True,0.0,0.01572879213063144,0.14554206270293546,0.14554206270293546,3.547502728955706,3.881263598903976,3.881263598903976,6,69,0.08,0.92,52,21,2,0.6933333333333334,0.28,0.02666666666666667,4,17,0.19047619047619047,0.8095238095238095,33,42,0.44,0.56,11,10,21,10,17,16,26,16
scenario1,200,scenario1__H200__eta-global_decay__states-endogenous,cfg_0739fea987606a25da0a,run_a29d33a380df7770,1,42,global_decay,global_decay_eta0_0p15_c_0p0005,False,0.35,0.85,0.15,0.0005,0.02,0.75,,,A,opposed_binary_state_preferences_v1,binary_stay_switch_a0_0p1_a1_0p9_v1,76,A,A,0.36702312048649877,0.3473275322414641,0.7241964603502611,0.7279379572543832,0.948358911339342,0.9316586424619566,0.0003047122567811922,agreement,,,a1,a0,0,AI,a0,AI,0.1445086705202312,0.1445086705202312,True,True,0.0,0.014046511328134427,0.14223254722736633,0.14223254722736633,3.8859156339318615,3.881263598903976,3.8859156339318615,6,70,0.07894736842105263,0.9210526315789473,53,21,2,0.6973684210526315,0.27631578947368424,0.02631578947368421,4,17,0.19047619047619047,0.8095238095238095,34,42,0.4473684210526316,0.5526315789473685,12,10,21,10,18,16,26,16
scenario1,200,scenario1__H200__eta-global_decay__states-endogenous,cfg_0739fea987606a25da0a,run_a29d33a380df7770,1,42,global_decay,global_decay_eta0_0p15_c_0p0005,False,0.35,0.85,0.15,0.0005,0.02,0.75,,,A,opposed_binary_state_preferences_v1,binary_stay_switch_a0_0p1_a1_0p9_v1,77,A,A,0.4584937678150394,0.4416443628424086,0.7241964603502611,0.7279379572543832,0.995023419409789,0.9901517195929481,0.00020686545386211508,agreement,,,a1,a0,0,AI,a0,AI,0.14443909484833894,0.14443909484833894,True,True,0.0,0.013765581101571738,0.159387896282819,0.159387896282819,3.9112966018050734,3.881263598903976,3.9112966018050734,6,71,0.07792207792207792,0.922077922077922,54,21,2,0.7012987012987013,0.2727272727272727,0.025974025974025976,4,17,0.19047619047619047,0.8095238095238095,35,42,0.45454545454545453,0.5454545454545454,13,10,21,10,19,16,26,16
scenario1,200,scenario1__H200__eta-global_decay__states-endogenous,cfg_0739fea987606a25da0a,run_a29d33a380df7770,1,42,global_decay,global_decay_eta0_0p15_c_0p0005,False,0.35,0.85,0.15,0.0005,0.02,0.75,,,A,opposed_binary_state_preferences_v1,binary_stay_switch_a0_0p1_a1_0p9_v1,78,A,B,0.5367084378465696,0.5222927456769186,0.7241964603502611,0.7279379572543832,0.9961084093378814,0.9985655823025938,0.00015043376563506072,agreement,,,a0,a1,0,AI,a1,AI,0.14436958614051973,0.14436958614051973,True,True,1.0,0.0,0.1642619893686196,0.1642619893686196,3.9132001743955644,3.881263598903976,3.9132001743955644,6,72,0.07692307692307693,0.9230769230769231,55,21,2,0.7051282051282052,0.2692307692307692,0.02564102564102564,4,17,0.19047619047619047,0.8095238095238095,36,42,0.46153846153846156,0.5384615384615384,13,11,21,10,19,17,26,16
scenario1,200,scenario1__H200__eta-global_decay__states-endogenous,cfg_0739fea987606a25da0a,run_a29d33a380df7770,1,42,global_decay,global_decay_eta0_0p15_c_0p0005,False,0.35,0.85,0.15,0.0005,0.02,0.75,,,A,opposed_binary_state_preferences_v1,binary_stay_switch_a0_0p1_a1_0p9_v1,79,B,A,0.4592240627965355,0.4468895581393462,0.7241964603502611,0.7279379572543832,0.8496696334964134,0.8444080010399786,1.2692789250146053e-05,agreement,,,a1,a1,0,AI,a1,AI,0.1443001443001443,0.1443001443001443,True,True,0.0,0.014507737056553,0.15424336457791119,0.15424336457791119,3.9132001743955644,2.9325048876348045,2.9325048876348045,6,73,0.0759493670886076,0.9240506329113924,56,21,2,0.7088607594936709,0.26582278481012656,0.02531645569620253,4,17,0.19047619047619047,0.8095238095238095,36,43,0.45569620253164556,0.5443037974683544,13,11,21,11,19,17,26,17
scenario1,200,scenario1__H200__eta-global_decay__states-endogenous,cfg_0739fea987606a25da0a,run_a29d33a380df7770,1,42,global_decay,global_decay_eta0_0p15_c_0p0005,False,0.35,0.85,0.15,0.0005,0.02,0.75,,,A,opposed_binary_state_preferences_v1,binary_stay_switch_a0_0p1_a1_0p9_v1,80,A,A,0.4592240627965355,0.4468895581393462,0.6196948066200647,0.6228964049810234,0.9951971961551669,0.9918457507939114,0.00011072472298379044,agreement,,,a1,a0,0,AI,a0,AI,0.14423076923076922,0.14423076923076922,True,True,0.0,0.012956054808150506,0.17001461287821898,0.17001461287821898,3.2729308122331604,2.9325048876348045,3.2729308122331604,6,74,0.075,0.925,57,21,2,0.7125,0.2625,0.025,4,17,0.19047619047619047,0.8095238095238095,37,43,0.4625,0.5375,14,11,21,11,20,17,26,17
scenario1,200,scenario1__H200__eta-global_decay__states-endogenous,cfg_0739fea987606a25da0a,run_a29d33a380df7770,1,42,global_decay,global_decay_eta0_0p15_c_0p0005,False,0.35,0.85,0.15,0.0005,0.02,0.75,,,A,opposed_binary_state_preferences_v1,binary_stay_switch_a0_0p1_a1_0p9_v1,81,A,B,0.5372205922008813,0.526665102638479,0.6196948066200647,0.6228964049810234,0.9959989598980403,0.9979474341295826,8.070225761580563e-05,agreement,,,a1,a1,0,AI,a1,AI,0.14416146083613646,0.14416146083613646,True,True,1.0,0.0,0.17460207029782981,0.17460207029782981,3.2249106100709803,2.9325048876348045,3.2249106100709803,6,75,0.07407407407407407,0.9259259259259259,58,21,2,0.7160493827160493,0.25925925925925924,0.024691358024691357,4,17,0.19047619047619047,0.8095238095238095,38,43,0.4691358024691358,0.5308641975308642,14,12,21,11,20,18,26,17
scenario1,200,scenario1__H200__eta-global_decay__states-endogenous,cfg_0739fea987606a25da0a,run_a29d33a380df7770,1,42,global_decay,global_decay_eta0_0p15_c_0p0005,False,0.35,0.85,0.15,0.0005,0.02,0.75,,,A,opposed_binary_state_preferences_v1,binary_stay_switch_a0_0p1_a1_0p9_v1,82,B,B,0.45977408683794785,0.4507402920707021,0.6196948066200647,0.6228964049810234,0.9582572856368421,0.9559706708244994,7.856346128709557e-06,agreement,,,a0,a0,0,AI,a0,AI,0.1440922190201729,0.1440922190201729,True,True,1.0,0.0,0.30355539939380033,0.30355539939380033,3.2249106100709803,3.2213090949088166,3.2213090949088166,6,76,0.07317073170731707,0.926829268292683,59,21,2,0.7195121951219512,0.25609756097560976,0.024390243902439025,4,17,0.19047619047619047,0.8095238095238095,38,44,0.4634146341463415,0.5365853658536586,14,12,22,11,20,18,27,17
scenario1,200,scenario1__H200__eta-global_decay__states-endogenous,cfg_0739fea987606a25da0a,run_a29d33a380df7770,1,42,global_decay,global_decay_eta0_0p15_c_0p0005,False,0.35,0.85,0.15,0.0005,0.02,0.75,,,A,opposed_binary_state_preferences_v1,binary_stay_switch_a0_0p1_a1_0p9_v1,83,B,B,0.45977408683794785,0.4507402920707021,0.6744938258390756,0.6772340987877924,0.9102690145043723,0.9073639503937803,6.181395910520582e-06,agreement,,,a0,a0,0,AI,a0,AI,0.1440230436869899,0.1440230436869899,True,True,1.0,0.0,0.3174842914059243,0.3174842914059243,3.2249106100709803,3.4162519348187743,3.4162519348187743,6,77,0.07228915662650602,0.927710843373494,60,21,2,0.7228915662650602,0.25301204819277107,0.024096385542168676,4,17,0.19047619047619047,0.8095238095238095,38,45,0.4578313253012048,0.5421686746987951,14,12,23,11,20,18,28,17
scenario1,200,scenario1__H200__eta-global_decay__states-endogenous,cfg_0739fea987606a25da0a,run_a29d33a380df7770,1,42,global_decay,global_decay_eta0_0p15_c_0p0005,False,0.35,0.85,0.15,0.0005,0.02,0.75,,,A,opposed_binary_state_preferences_v1,binary_stay_switch_a0_0p1_a1_0p9_v1,84,B,B,0.45977408683794785,0.4507402920707021,0.7213742157806393,0.7237198262787489,0.8535715813235865,0.8503326407363728,4.949277739030311e-06,agreement,,,a0,a0,0,AI,a0,AI,0.14395393474088292,0.14395393474088292,True,True,1.0,0.0,0.33113460557780583,0.33113460557780583,3.2249106100709803,3.547838351757996,3.547838351757996,6,78,0.07142857142857142,0.9285714285714286,61,21,2,0.7261904761904762,0.25,0.023809523809523808,4,17,0.19047619047619047,0.8095238095238095,38,46,0.4523809523809524,0.5476190476190477,14,12,24,11,20,18,29,17
scenario1,200,scenario1__H200__eta-global_decay__states-endogenous,cfg_0739fea987606a25da0a,run_a29d33a380df7770,1,42,global_decay,global_decay_eta0_0p15_c_0p0005,False,0.35,0.85,0.15,0.0005,0.02,0.75,,,A,opposed_binary_state_preferences_v1,binary_stay_switch_a0_0p1_a1_0p9_v1,85,B,B,0.45977408683794785,0.4507402920707021,0.7614834937392805,0.7634914443768176,0.792564565442085,0.7891857590402882,4.014878378755249e-06,agreement,,,a0,a0,0,AI,a0,AI,0.14388489208633093,0.14388489208633093,True,True,1.0,0.0,0.3445119134662497,0.3445119134662497,3.2249106100709803,3.636659183191971,3.636659183191971,6,79,0.07058823529411765,0.9294117647058824,62,21,2,0.7294117647058823,0.24705882352941178,0.023529411764705882,4,17,0.19047619047619047,0.8095238095238095,38,47,0.4470588235294118,0.5529411764705883,14,12,25,11,20,18,30,17
scenario1,200,scenario1__H200__eta-global_decay__states-endogenous,cfg_0739fea987606a25da0a,run_a29d33a380df7770,1,42,global_decay,global_decay_eta0_0p15_c_0p0005,False,0.35,0.85,0.15,0.0005,0.02,0.75,,,A,opposed_binary_state_preferences_v1,binary_stay_switch_a0_0p1_a1_0p9_v1,86,B,A,0.45977408683794785,0.4507402920707021,0.7958024155034128,0.7975214523801532,0.7302442388912929,0.7268575792325398,3.2897525410469086e-06,agreement,,,a0,a1,0,AI,a1,AI,0.14381591562799617,0.14381591562799617,True,True,0.0,0.012594536968423274,0.15390260312396736,0.15390260312396736,3.2249106100709803,3.696613244409904,3.696613244409904,6,80,0.06976744186046512,0.9302325581395349,63,21,2,0.7325581395348837,0.2441860465116279,0.023255813953488372,4,17,0.19047619047619047,0.8095238095238095,38,48,0.4418604651162791,0.5581395348837209,14,12,25,12,20,18,30,18
scenario1,200,scenario1__H200__eta-global_decay__states-endogenous,cfg_0739fea987606a25da0a,run_a29d33a380df7770,1,42,global_decay,global_decay_eta0_0p15_c_0p0005,False,0.35,0.85,0.15,0.0005,0.02,0.75,,,A,opposed_binary_state_preferences_v1,binary_stay_switch_a0_0p1_a1_0p9_v1,87,A,B,0.45977408683794785,0.4507402920707021,0.6813533624588185,0.6828251744731321,0.9953260311215492,0.9929871763398673,5.934482026448418e-05,agreement,,,a0,a1,0,AI,a1,AI,0.1437470052707235,0.1437470052707235,True,True,1.0,0.0,0.17466991365641302,0.17466991365641302,3.7370822357320086,3.696613244409904,3.7370822357320086,6,81,0.06896551724137931,0.9310344827586207,64,21,2,0.735632183908046,0.2413793103448276,0.022988505747126436,4,17,0.19047619047619047,0.8095238095238095,39,48,0.4482758620689655,0.5517241379310345,14,13,25,12,20,19,30,18
scenario1,200,scenario1__H200__eta-global_decay__states-endogenous,cfg_0739fea987606a25da0a,run_a29d33a380df7770,1,42,global_decay,global_decay_eta0_0p15_c_0p0005,False,0.35,0.85,0.15,0.0005,0.02,0.75,,,A,opposed_binary_state_preferences_v1,binary_stay_switch_a0_0p1_a1_0p9_v1,88,B,B,0.3936829387539113,0.38594772493068735,0.6813533624588185,0.6828251744731321,0.9029036500442772,0.9012826848132885,1.801536749335142e-06,agreement,,,a1,a0,0,AI,a0,AI,0.14367816091954022,0.14367816091954022,True,True,1.0,0.0,0.3442518568591265,0.3442518568591265,3.7370822357320086,3.775495107656586,3.775495107656586,6,82,0.06818181818181818,0.9318181818181818,65,21,2,0.7386363636363636,0.23863636363636365,0.022727272727272728,4,17,0.19047619047619047,0.8095238095238095,39,49,0.4431818181818182,0.5568181818181818,14,13,26,12,20,19,31,18
scenario1,200,scenario1__H200__eta-global_decay__states-endogenous,cfg_0739fea987606a25da0a,run_a29d33a380df7770,1,42,global_decay,global_decay_eta0_0p15_c_0p0005,False,0.35,0.85,0.15,0.0005,0.02,0.75,,,A,opposed_binary_state_preferences_v1,binary_stay_switch_a0_0p1_a1_0p9_v1,89,B,B,0.3936829387539113,0.38594772493068735,0.7271359253239308,0.7283962700948085,0.8455444484552982,0.8437564865459497,1.4458710017595244e-06,agreement,,,a1,a0,0,AI,a0,AI,0.14360938247965532,0.14360938247965532,True,True,1.0,0.0,0.357366819721944,0.357366819721944,3.7370822357320086,3.8287403653480965,3.8287403653480965,6,83,0.06741573033707865,0.9325842696629213,66,21,2,0.7415730337078652,0.23595505617977527,0.02247191011235955,4,17,0.19047619047619047,0.8095238095238095,39,50,0.43820224719101125,0.5617977528089888,14,13,27,12,20,19,32,18
scenario1,200,scenario1__H200__eta-global_decay__states-endogenous,cfg_0739fea987606a25da0a,run_a29d33a380df7770,1,42,global_decay,global_decay_eta0_0p15_c_0p0005,False,0.35,0.85,0.15,0.0005,0.02,0.75,,,A,opposed_binary_state_preferences_v1,binary_stay_switch_a0_0p1_a1_0p9_v1,90,B,A,0.3936829387539113,0.38594772493068735,0.7663217665890436,0.7674011140256641,0.7843683879124723,0.7825143070541607,1.1751041948393492e-06,agreement,,,a0,a0,0,AI,a0,AI,0.14354066985645933,0.14354066985645933,True,True,1.0,0.0,0.37021948332750515,0.37021948332750515,3.7370822357320086,3.864680914289866,3.864680914289866,6,84,0.06666666666666667,0.9333333333333333,67,21,2,0.7444444444444445,0.23333333333333334,0.022222222222222223,4,17,0.19047619047619047,0.8095238095238095,39,51,0.43333333333333335,0.5666666666666667,14,13,28,12,20,19,33,18
scenario1,200,scenario1__H200__eta-global_decay__states-endogenous,cfg_0739fea987606a25da0a,run_a29d33a380df7770,1,42,global_decay,global_decay_eta0_0p15_c_0p0005,False,0.35,0.85,0.15,0.0005,0.02,0.75,,,A,opposed_binary_state_preferences_v1,binary_stay_switch_a0_0p1_a1_0p9_v1,91,A,A,0.3936829387539113,0.38594772493068735,0.7998640967437264,0.8007885139262865,0.9671351963037955,0.9621346195391272,4.536432702972881e-05,agreement,,,a0,a0,0,AI,a0,AI,0.14347202295552366,0.14347202295552366,True,True,0.0,0.01037431926691874,0.15613603061717993,0.15613603061717993,2.8123815776908456,3.864680914289866,2.8123815776908456,6,85,0.06593406593406594,0.9340659340659341,68,21,2,0.7472527472527473,0.23076923076923078,0.02197802197802198,4,17,0.19047619047619047,0.8095238095238095,40,51,0.43956043956043955,0.5604395604395604,15,13,28,12,21,19,33,18
scenario1,200,scenario1__H200__eta-global_decay__states-endogenous,cfg_0739fea987606a25da0a,run_a29d33a380df7770,1,42,global_decay,global_decay_eta0_0p15_c_0p0005,False,0.35,0.85,0.15,0.0005,0.02,0.75,,,A,opposed_binary_state_preferences_v1,binary_stay_switch_a0_0p1_a1_0p9_v1,92,A,B,0.4806724740833358,0.4740470470353233,0.7998640967437264,0.8007885139262865,0.9989218845514802,0.9980556552360387,3.172976558474261e-05,agreement,,,a1,a1,0,AI,a1,AI,0.14340344168260036,0.14340344168260036,True,True,1.0,0.0,0.177887767529292,0.177887767529292,3.819588235472473,3.864680914289866,3.819588235472473,6,86,0.06521739130434782,0.9347826086956522,69,21,2,0.75,0.22826086956521738,0.021739130434782608,4,17,0.19047619047619047,0.8095238095238095,41,51,0.44565217391304346,0.5543478260869565,15,14,28,12,21,20,33,18
scenario1,200,scenario1__H200__eta-global_decay__states-endogenous,cfg_0739fea987606a25da0a,run_a29d33a380df7770,1,42,global_decay,global_decay_eta0_0p15_c_0p0005,False,0.35,0.85,0.15,0.0005,0.02,0.75,,,A,opposed_binary_state_preferences_v1,binary_stay_switch_a0_0p1_a1_0p9_v1,93,B,B,0.41174238697769494,0.40606706897098443,0.7998640967437264,0.8007885139262865,0.7221998181448706,0.7203482611356218,9.643461259534192e-07,agreement,,,a0,a0,0,AI,a0,AI,0.1433349259436216,0.1433349259436216,True,True,1.0,0.0,0.3684476159519812,0.3684476159519812,3.819588235472473,3.8951287348060952,3.8951287348060952,6,87,0.06451612903225806,0.9354838709677419,70,21,2,0.7526881720430108,0.22580645161290322,0.021505376344086023,4,17,0.19047619047619047,0.8095238095238095,41,52,0.44086021505376344,0.5591397849462365,15,14,29,12,21,20,34,18
scenario1,200,scenario1__H200__eta-global_decay__states-endogenous,cfg_0739fea987606a25da0a,run_a29d33a380df7770,1,42,global_decay,global_decay_eta0_0p15_c_0p0005,False,0.35,0.85,0.15,0.0005,0.02,0.75,,,A,opposed_binary_state_preferences_v1,binary_stay_switch_a0_0p1_a1_0p9_v1,94,B,B,0.41174238697769494,0.40606706897098443,0.8285505616156242,0.8293424775297811,0.6610097639094352,0.6592067037794711,7.975989797515126e-07,agreement,,,a1,a0,0,AI,a0,AI,0.14326647564469913,0.14326647564469913,True,True,1.0,0.0,0.3810786636329416,0.3810786636329416,3.819588235472473,3.9156810136545497,3.9156810136545497,6,88,0.06382978723404255,0.9361702127659575,71,21,2,0.7553191489361702,0.22340425531914893,0.02127659574468085,4,17,0.19047619047619047,0.8095238095238095,41,53,0.43617021276595747,0.5638297872340425,15,14,30,12,21,20,35,18
scenario1,200,scenario1__H200__eta-global_decay__states-endogenous,cfg_0739fea987606a25da0a,run_a29d33a380df7770,1,42,global_decay,global_decay_eta0_0p15_c_0p0005,False,0.35,0.85,0.15,0.0005,0.02,0.75,,,A,opposed_binary_state_preferences_v1,binary_stay_switch_a0_0p1_a1_0p9_v1,95,B,B,0.41174238697769494,0.40606706897098443,0.8531135184042167,0.8537919793163453,0.6019935629133969,0.6002689514878752,6.63708516313033e-07,agreement,,,a0,a0,0,AI,a0,AI,0.14319809069212408,0.14319809069212408,True,True,1.0,0.0,0.3934570903602828,0.3934570903602828,3.819588235472473,3.9295538018772564,3.9295538018772564,6,89,0.06315789473684211,0.9368421052631579,72,21,2,0.7578947368421053,0.22105263157894736,0.021052631578947368,4,17,0.19047619047619047,0.8095238095238095,41,54,0.43157894736842106,0.5684210526315789,15,14,31,12,21,20,36,18
scenario1,200,scenario1__H200__eta-global_decay__states-endogenous,cfg_0739fea987606a25da0a,run_a29d33a380df7770,1,42,global_decay,global_decay_eta0_0p15_c_0p0005,False,0.35,0.85,0.15,0.0005,0.02,0.75,,,A,opposed_binary_state_preferences_v1,binary_stay_switch_a0_0p1_a1_0p9_v1,96,B,B,0.41174238697769494,0.40606706897098443,0.8741473821172167,0.8747286887221193,0.5459532591085149,0.5443256250819428,5.550195297243654e-07,agreement,,,a0,a0,0,AI,a0,AI,0.1431297709923664,0.1431297709923664,True,True,1.0,0.0,0.40558794855307717,0.40558794855307717,3.819588235472473,3.9389179339275837,3.9389179339275837,6,90,0.0625,0.9375,73,21,2,0.7604166666666666,0.21875,0.020833333333333332,4,17,0.19047619047619047,0.8095238095238095,41,55,0.4270833333333333,0.5729166666666666,15,14,32,12,21,20,37,18
scenario1,200,scenario1__H200__eta-global_decay__states-endogenous,cfg_0739fea987606a25da0a,run_a29d33a380df7770,1,42,global_decay,global_decay_eta0_0p15_c_0p0005,False,0.35,0.85,0.15,0.0005,0.02,0.75,,,A,opposed_binary_state_preferences_v1,binary_stay_switch_a0_0p1_a1_0p9_v1,97,B,B,0.41174238697769494,0.40606706897098443,0.8921606384935693,0.8926587428172358,0.49336422355090837,0.49184392980242764,4.6600232977977996e-07,agreement,,,a0,a0,0,AI,a0,AI,0.14306151645207438,0.14306151645207438,True,True,1.0,0.0,0.41747618958201566,0.41747618958201566,3.819588235472473,3.9452387230615544,3.9452387230615544,6,91,0.061855670103092786,0.9381443298969072,74,21,2,0.7628865979381443,0.21649484536082475,0.020618556701030927,4,17,0.19047619047619047,0.8095238095238095,41,56,0.422680412371134,0.5773195876288659,15,14,33,12,21,20,38,18
scenario1,200,scenario1__H200__eta-global_decay__states-endogenous,cfg_0739fea987606a25da0a,run_a29d33a380df7770,1,42,global_decay,global_decay_eta0_0p15_c_0p0005,False,0.35,0.85,0.15,0.0005,0.02,0.75,,,A,opposed_binary_state_preferences_v1,binary_stay_switch_a0_0p1_a1_0p9_v1,98,B,A,0.41174238697769494,0.40606706897098443,0.9075883010839028,0.9080151458476742,0.44446893255041364,0.44306052973284205,3.9256449246849456e-07,agreement,,,a0,a1,0,AI,a1,AI,0.14299332697807435,0.14299332697807435,True,True,0.0,0.009883143786817929,0.14076994649769684,0.14076994649769684,3.819588235472473,3.9495052557269847,3.9495052557269847,6,92,0.061224489795918366,0.9387755102040817,75,21,2,0.7653061224489796,0.21428571428571427,0.02040816326530612,4,17,0.19047619047619047,0.8095238095238095,41,57,0.41836734693877553,0.5816326530612245,15,14,33,13,21,20,38,19
scenario1,200,scenario1__H200__eta-global_decay__states-endogenous,cfg_0739fea987606a25da0a,run_a29d33a380df7770,1,42,global_decay,global_decay_eta0_0p15_c_0p0005,False,0.35,0.85,0.15,0.0005,0.02,0.75,,,A,opposed_binary_state_preferences_v1,binary_stay_switch_a0_0p1_a1_0p9_v1,99,A,B,0.41174238697769494,0.40606706897098443,0.7778092303855373,0.7781750391964338,0.9774063313350709,0.974389150813298,2.4031898433807264e-05,agreement,,,a1,a1,0,AI,a1,AI,0.14292520247737014,0.14292520247737014,True,True,1.0,0.0,0.17442891304443517,0.17442891304443517,3.95238516527615,3.9495052557269847,3.95238516527615,6,93,0.06060606060606061,0.9393939393939394,76,21,2,0.7676767676767676,0.21212121212121213,0.020202020202020204,4,17,0.19047619047619047,0.8095238095238095,42,57,0.42424242424242425,0.5757575757575758,15,15,33,13,21,21,38,19
scenario1,200,scenario1__H200__eta-global_decay__states-endogenous,cfg_0739fea987606a25da0a,run_a29d33a380df7770,1,42,global_decay,global_decay_eta0_0p15_c_0p0005,False,0.35,0.85,0.15,0.0005,0.02,0.75,,,A,opposed_binary_state_preferences_v1,binary_stay_switch_a0_0p1_a1_0p9_v1,100,B,A,0.3528940229503922,0.34802985091891425,0.7778092303855373,0.7781750391964338,0.7641476563543211,0.7634858551982371,1.3971703066717467e-07,agreement,,,a1,a1,0,AI,a1,AI,0.14285714285714285,0.14285714285714285,True,True,0.0,0.009491771292859939,0.15519545661638803,0.15519545661638803,3.95238516527615,2.9640728807409253,2.9640728807409253,6,94,0.06,0.94,77,21,2,0.77,0.21,0.02,4,17,0.19047619047619047,0.8095238095238095,42,58,0.42,0.58,15,15,33,14,21,21,38,20
scenario1,200,scenario1__H200__eta-global_decay__states-endogenous,cfg_0739fea987606a25da0a,run_a29d33a380df7770,1,42,global_decay,global_decay_eta0_0p15_c_0p0005,False,0.35,0.85,0.15,0.0005,0.02,0.75,,,A,opposed_binary_state_preferences_v1,binary_stay_switch_a0_0p1_a1_0p9_v1,101,A,A,0.3528940229503922,0.34802985091891425,0.6666936260447462,0.6670071764540861,0.9366261405571427,0.9322962272195838,1.8743882863991868e-05,agreement,,,a1,a0,0,AI,a0,AI,0.14278914802475012,0.14278914802475012,True,True,0.0,0.008476574162968849,0.14757450479265913,0.14757450479265913,3.2971780818958356,2.9640728807409253,3.2971780818958356,6,95,0.0594059405940594,0.9405940594059405,78,21,2,0.7722772277227723,0.2079207920792079,0.019801980198019802,4,17,0.19047619047619047,0.8095238095238095,43,58,0.42574257425742573,0.5742574257425742,16,15,33,14,22,21,38,20
scenario1,200,scenario1__H200__eta-global_decay__states-endogenous,cfg_0739fea987606a25da0a,run_a29d33a380df7770,1,42,global_decay,global_decay_eta0_0p15_c_0p0005,False,0.35,0.85,0.15,0.0005,0.02,0.75,,,A,opposed_binary_state_preferences_v1,binary_stay_switch_a0_0p1_a1_0p9_v1,102,A,B,0.4452937340950291,0.4411241130437718,0.6666936260447462,0.6670071764540861,0.9913473630782597,0.9899749276810929,1.270510634671096e-05,agreement,,,a1,a1,0,AI,a1,AI,0.142721217887726,0.142721217887726,True,True,1.0,0.0,0.184171097526118,0.184171097526118,3.2480375506423123,2.9640728807409253,3.2480375506423123,6,96,0.058823529411764705,0.9411764705882353,79,21,2,0.7745098039215687,0.20588235294117646,0.0196078431372549,4,17,0.19047619047619047,0.8095238095238095,44,58,0.43137254901960786,0.5686274509803921,16,16,33,14,22,22,38,20
scenario1,200,scenario1__H200__eta-global_decay__states-endogenous,cfg_0739fea987606a25da0a,run_a29d33a380df7770,1,42,global_decay,global_decay_eta0_0p15_c_0p0005,False,0.35,0.85,0.15,0.0005,0.02,0.75,,,A,opposed_binary_state_preferences_v1,binary_stay_switch_a0_0p1_a1_0p9_v1,103,B,B,0.38174087004721335,0.37816634239052177,0.6666936260447462,0.6670071764540861,0.9182688723171127,0.9179549478318525,7.98052746664446e-08,agreement,,,a0,a0,0,AI,a0,AI,0.1426533523537803,0.1426533523537803,True,True,1.0,0.0,0.38981810173336334,0.38981810173336334,3.2480375506423123,3.2443520107982984,3.2443520107982984,6,97,0.05825242718446602,0.941747572815534,80,21,2,0.7766990291262136,0.20388349514563106,0.019417475728155338,4,17,0.19047619047619047,0.8095238095238095,44,59,0.42718446601941745,0.5728155339805825,16,16,34,14,22,22,39,20
scenario1,200,scenario1__H200__eta-global_decay__states-endogenous,cfg_0739fea987606a25da0a,run_a29d33a380df7770,1,42,global_decay,global_decay_eta0_0p15_c_0p0005,False,0.35,0.85,0.15,0.0005,0.02,0.75,,,A,opposed_binary_state_preferences_v1,binary_stay_switch_a0_0p1_a1_0p9_v1,104,B,B,0.38174087004721335,0.37816634239052177,0.7142408976503459,0.7145097190426616,0.8631798058369069,0.8628242729974442,6.386898754318082e-08,agreement,,,a0,a0,0,AI,a0,AI,0.14258555133079848,0.14258555133079848,True,True,1.0,0.0,0.4020217396986961,0.4020217396986961,3.2480375506423123,3.433540423587025,3.433540423587025,6,98,0.057692307692307696,0.9423076923076923,81,21,2,0.7788461538461539,0.20192307692307693,0.019230769230769232,4,17,0.19047619047619047,0.8095238095238095,44,60,0.4230769230769231,0.5769230769230769,16,16,35,14,22,22,40,20
scenario1,200,scenario1__H200__eta-global_decay__states-endogenous,cfg_0739fea987606a25da0a,run_a29d33a380df7770,1,42,global_decay,global_decay_eta0_0p15_c_0p0005,False,0.35,0.85,0.15,0.0005,0.02,0.75,,,A,opposed_binary_state_preferences_v1,binary_stay_switch_a0_0p1_a1_0p9_v1,105,B,B,0.38174087004721335,0.37816634239052177,0.7549860168066653,0.7552165081525483,0.8032794034532025,0.8029049737559981,5.180862538978204e-08,agreement,,,a0,a0,0,AI,a0,AI,0.14251781472684086,0.14251781472684086,True,True,1.0,0.0,0.4139813049047222,0.4139813049047222,3.2480375506423123,3.5612426022194152,3.5612426022194152,6,99,0.05714285714285714,0.9428571428571428,82,21,2,0.780952380952381,0.2,0.01904761904761905,4,17,0.19047619047619047,0.8095238095238095,44,61,0.41904761904761906,0.580952380952381,16,16,36,14,22,22,41,20
scenario1,200,scenario1__H200__eta-global_decay__states-endogenous,cfg_0739fea987606a25da0a,run_a29d33a380df7770,1,42,global_decay,global_decay_eta0_0p15_c_0p0005,False,0.35,0.85,0.15,0.0005,0.02,0.75,,,A,opposed_binary_state_preferences_v1,binary_stay_switch_a0_0p1_a1_0p9_v1,106,B,B,0.38174087004721335,0.37816634239052177,0.7899048742688983,0.7901025164918526,0.7416645299365181,0.7412867377146051,4.2462274030263814e-08,agreement,,,a0,a0,0,AI,a0,AI,0.14245014245014245,0.14245014245014245,True,True,1.0,0.0,0.42570167880662774,0.42570167880662774,3.2480375506423123,3.6474415727962786,3.6474415727962786,6,100,0.05660377358490566,0.9433962264150944,83,21,2,0.7830188679245284,0.19811320754716982,0.018867924528301886,4,17,0.19047619047619047,0.8095238095238095,44,62,0.41509433962264153,0.5849056603773585,16,16,37,14,22,22,42,20
scenario1,200,scenario1__H200__eta-global_decay__states-endogenous,cfg_0739fea987606a25da0a,run_a29d33a380df7770,1,42,global_decay,global_decay_eta0_0p15_c_0p0005,False,0.35,0.85,0.15,0.0005,0.02,0.75,,,A,opposed_binary_state_preferences_v1,binary_stay_switch_a0_0p1_a1_0p9_v1,107,B,B,0.38174087004721335,0.37816634239052177,0.8198329548573744,0.8200024429175146,0.680442341853733,0.6800717015067924,3.508500079352217e-08,agreement,,,a0,a1,0,AI,a1,AI,0.14238253440911247,0.14238253440911247,True,True,0.0,0.008240049015069941,0.15472913853257,0.15472913853257,3.2480375506423123,3.7056258779356614,3.7056258779356614,6,101,0.056074766355140186,0.9439252336448598,84,21,2,0.7850467289719626,0.19626168224299065,0.018691588785046728,4,17,0.19047619047619047,0.8095238095238095,44,63,0.411214953271028,0.5887850467289719,16,16,37,15,22,22,42,21
scenario1,200,scenario1__H200__eta-global_decay__states-endogenous,cfg_0739fea987606a25da0a,run_a29d33a380df7770,1,42,global_decay,global_decay_eta0_0p15_c_0p0005,False,0.35,0.85,0.15,0.0005,0.02,0.75,,,A,opposed_binary_state_preferences_v1,binary_stay_switch_a0_0p1_a1_0p9_v1,108,B,B,0.38174087004721335,0.37816634239052177,0.70310306095267,0.7032484168732552,0.877464599968582,0.8772837370428608,1.8255205902484306e-08,agreement,,,a0,a0,0,AI,a0,AI,0.14231499051233396,0.14231499051233396,True,True,1.0,0.0,0.42884389232588527,0.42884389232588527,3.2480375506423123,3.7449002839047454,3.7449002839047454,6,102,0.05555555555555555,0.9444444444444444,85,21,2,0.7870370370370371,0.19444444444444445,0.018518518518518517,4,17,0.19047619047619047,0.8095238095238095,44,64,0.4074074074074074,0.5925925925925926,16,16,38,15,22,22,43,21
scenario1,200,scenario1__H200__eta-global_decay__states-endogenous,cfg_0739fea987606a25da0a,run_a29d33a380df7770,1,42,global_decay,global_decay_eta0_0p15_c_0p0005,False,0.35,0.85,0.15,0.0005,0.02,0.75,,,A,opposed_binary_state_preferences_v1,binary_stay_switch_a0_0p1_a1_0p9_v1,109,B,B,0.38174087004721335,0.37816634239052177,0.7453559460163317,0.745480615610458,0.8185561415287055,0.818362913458556,1.4769928446956015e-08,agreement,,,a1,a0,0,AI,a0,AI,0.1422475106685633,0.1422475106685633,True,True,1.0,0.0,0.44026701447936756,0.44026701447936756,3.2480375506423123,3.7714105079338767,3.7714105079338767,6,103,0.05504587155963303,0.944954128440367,86,21,2,0.7889908256880734,0.1926605504587156,0.01834862385321101,4,17,0.19047619047619047,0.8095238095238095,44,65,0.4036697247706422,0.5963302752293578,16,16,39,15,22,22,44,21
scenario1,200,scenario1__H200__eta-global_decay__states-endogenous,cfg_0739fea987606a25da0a,run_a29d33a380df7770,1,42,global_decay,global_decay_eta0_0p15_c_0p0005,False,0.35,0.85,0.15,0.0005,0.02,0.75,,,A,opposed_binary_state_preferences_v1,binary_stay_switch_a0_0p1_a1_0p9_v1,110,B,B,0.38174087004721335,0.37816634239052177,0.7815784288020597,0.7816853644567655,0.7572748471720134,0.7570781147377869,1.2081980804712344e-08,agreement,,,a0,a0,0,AI,a0,AI,0.14218009478672985,0.14218009478672985,True,True,1.0,0.0,0.4514616741897802,0.4514616741897802,3.2480375506423123,3.7893049091535405,3.7893049091535405,6,104,0.05454545454545454,0.9454545454545454,87,21,2,0.7909090909090909,0.19090909090909092,0.01818181818181818,4,17,0.19047619047619047,0.8095238095238095,44,66,0.4,0.6,16,16,40,15,22,22,45,21
scenario1,200,scenario1__H200__eta-global_decay__states-endogenous,cfg_0739fea987606a25da0a,run_a29d33a380df7770,1,42,global_decay,global_decay_eta0_0p15_c_0p0005,False,0.35,0.85,0.15,0.0005,0.02,0.75,,,A,opposed_binary_state_preferences_v1,binary_stay_switch_a0_0p1_a1_0p9_v1,111,B,B,0.38174087004721335,0.37816634239052177,0.8126336284984493,0.812725360031633,0.6959294875147519,0.6957352755612692,9.968211311939257e-09,agreement,,,a0,a0,0,AI,a0,AI,0.14211274277593555,0.14211274277593555,True,True,1.0,0.0,0.4624324407059846,0.4624324407059846,3.2480375506423123,3.8013836299768133,3.8013836299768133,6,105,0.05405405405405406,0.9459459459459459,88,21,2,0.7927927927927928,0.1891891891891892,0.018018018018018018,4,17,0.19047619047619047,0.8095238095238095,44,67,0.3963963963963964,0.6036036036036037,16,16,41,15,22,22,46,21
scenario1,200,scenario1__H200__eta-global_decay__states-endogenous,cfg_0739fea987606a25da0a,run_a29d33a380df7770,1,42,global_decay,global_decay_eta0_0p15_c_0p0005,False,0.35,0.85,0.15,0.0005,0.02,0.75,,,A,opposed_binary_state_preferences_v1,binary_stay_switch_a0_0p1_a1_0p9_v1,112,B,B,0.38174087004721335,0.37816634239052177,0.8392607774565096,0.8393394727699135,0.6360750803689543,0.6358874063687218,8.280364782731198e-09,agreement,,,a1,a0,0,AI,a0,AI,0.14204545454545453,0.14204545454545453,True,True,1.0,0.0,0.47318379189186494,0.47318379189186494,3.2480375506423123,3.8095367665325224,3.8095367665325224,6,106,0.05357142857142857,0.9464285714285714,89,21,2,0.7946428571428571,0.1875,0.017857142857142856,4,17,0.19047619047619047,0.8095238095238095,44,68,0.39285714285714285,0.6071428571428571,16,16,42,15,22,22,47,21
scenario1,200,scenario1__H200__eta-global_decay__states-endogenous,cfg_0739fea987606a25da0a,run_a29d33a380df7770,1,42,global_decay,global_decay_eta0_0p15_c_0p0005,False,0.35,0.85,0.15,0.0005,0.02,0.75,,,A,opposed_binary_state_preferences_v1,binary_stay_switch_a0_0p1_a1_0p9_v1,113,B,A,0.38174087004721335,0.37816634239052177,0.8620930533859827,0.8621605703878235,0.578730936251121,0.5785523836115286,6.9160778770616105e-09,agreement,,,a0,a0,0,AI,a0,AI,0.14197823000473261,0.14197823000473261,True,True,1.0,0.0,0.48372011605402765,0.48372011605402765,3.2480375506423123,3.815040133707626,3.815040133707626,6,107,0.05309734513274336,0.9469026548672567,90,21,2,0.7964601769911505,0.18584070796460178,0.017699115044247787,4,17,0.19047619047619047,0.8095238095238095,44,69,0.3893805309734513,0.6106194690265486,16,16,43,15,22,22,48,21
scenario1,200,scenario1__H200__eta-global_decay__states-endogenous,cfg_0739fea987606a25da0a,run_a29d33a380df7770,1,42,global_decay,global_decay_eta0_0p15_c_0p0005,False,0.35,0.85,0.15,0.0005,0.02,0.75,,,A,opposed_binary_state_preferences_v1,binary_stay_switch_a0_0p1_a1_0p9_v1,114,A,B,0.38174087004721335,0.37816634239052177,0.8816728375715981,0.8817307686290222,0.9592622708637033,0.9567366661205984,9.780664007419393e-06,agreement,,,a1,a0,0,AI,a0,AI,0.14191106906338694,0.14191106906338694,True,True,0.0,0.00651867531554677,0.13348809826952734,0.13348809826952734,3.8187549065508213,3.815040133707626,3.8187549065508213,6,108,0.05263157894736842,0.9473684210526315,91,21,2,0.7982456140350878,0.18421052631578946,0.017543859649122806,4,17,0.19047619047619047,0.8095238095238095,45,69,0.39473684210526316,0.6052631578947368,17,16,43,15,23,22,48,21
scenario1,200,scenario1__H200__eta-global_decay__states-endogenous,cfg_0739fea987606a25da0a,run_a29d33a380df7770,1,42,global_decay,global_decay_eta0_0p15_c_0p0005,False,0.35,0.85,0.15,0.0005,0.02,0.75,,,A,opposed_binary_state_preferences_v1,binary_stay_switch_a0_0p1_a1_0p9_v1,115,B,B,0.46947868413701277,0.46641142152147896,0.8816728375715981,0.8817307686290222,0.5245331524739315,0.5243652762211379,5.802399394294611e-09,agreement,,,a0,a0,0,AI,a0,AI,0.14184397163120566,0.14184397163120566,True,True,1.0,0.0,0.4845647994582881,0.4845647994582881,3.8187549065508213,3.8615587082439595,3.8615587082439595,6,109,0.05217391304347826,0.9478260869565217,92,21,2,0.8,0.1826086956521739,0.017391304347826087,4,17,0.19047619047619047,0.8095238095238095,45,70,0.391304347826087,0.6086956521739131,17,16,44,15,23,22,49,21
scenario1,200,scenario1__H200__eta-global_decay__states-endogenous,cfg_0739fea987606a25da0a,run_a29d33a380df7770,1,42,global_decay,global_decay_eta0_0p15_c_0p0005,False,0.35,0.85,0.15,0.0005,0.02,0.75,,,A,opposed_binary_state_preferences_v1,binary_stay_switch_a0_0p1_a1_0p9_v1,116,B,A,0.46947868413701277,0.46641142152147896,0.8984568322422934,0.8985065461284517,0.4738683196512078,0.4737119322362134,4.886370114087768e-09,agreement,,,a0,a1,0,AI,a1,AI,0.14177693761814744,0.14177693761814744,True,True,0.0,0.0068701224261573084,0.14900507298785617,0.14900507298785617,3.8187549065508213,3.8929587460559847,3.8929587460559847,6,110,0.05172413793103448,0.9482758620689655,93,21,2,0.8017241379310345,0.1810344827586207,0.017241379310344827,4,17,0.19047619047619047,0.8095238095238095,45,71,0.3879310344827586,0.6120689655172413,17,16,44,16,23,22,49,22
scenario1,200,scenario1__H200__eta-global_decay__states-endogenous,cfg_0739fea987606a25da0a,run_a29d33a380df7770,1,42,global_decay,global_decay_eta0_0p15_c_0p0005,False,0.35,0.85,0.15,0.0005,0.02,0.75,,,A,opposed_binary_state_preferences_v1,binary_stay_switch_a0_0p1_a1_0p9_v1,117,A,A,0.46947868413701277,0.46641142152147896,0.7710763739848794,0.7711190395885011,0.9973104410242027,0.9967422714338177,6.814528682730359e-06,agreement,,,a1,a0,0,AI,a0,AI,0.14170996693434104,0.14170996693434104,True,True,0.0,0.006135325057590095,0.145637930186493,0.145637930186493,3.9141537715791013,3.8929587460559847,3.9141537715791013,6,111,0.05128205128205128,0.9487179487179487,94,21,2,0.8034188034188035,0.1794871794871795,0.017094017094017096,4,17,0.19047619047619047,0.8095238095238095,46,71,0.39316239316239315,0.6068376068376068,18,16,44,16,24,22,49,22
scenario1,200,scenario1__H200__eta-global_decay__states-endogenous,cfg_0739fea987606a25da0a,run_a29d33a380df7770,1,42,global_decay,global_decay_eta0_0p15_c_0p0005,False,0.35,0.85,0.15,0.0005,0.02,0.75,,,A,opposed_binary_state_preferences_v1,binary_stay_switch_a0_0p1_a1_0p9_v1,118,A,B,0.5446588422659198,0.5420262413342122,0.7710763739848794,0.7711190395885011,0.9942376668806892,0.9948977920912756,5.037219419135042e-06,agreement,,,a0,a1,0,AI,a1,AI,0.141643059490085,0.141643059490085,True,True,1.0,0.0,0.1533026205884224,0.1533026205884224,3.9213086864562223,3.8929587460559847,3.9213086864562223,6,112,0.05084745762711865,0.9491525423728814,95,21,2,0.8050847457627118,0.17796610169491525,0.01694915254237288,4,17,0.19047619047619047,0.8095238095238095,47,71,0.3983050847457627,0.6016949152542372,18,17,44,16,24,23,49,22
scenario1,200,scenario1__H200__eta-global_decay__states-endogenous,cfg_0739fea987606a25da0a,run_a29d33a380df7770,1,42,global_decay,global_decay_eta0_0p15_c_0p0005,False,0.35,0.85,0.15,0.0005,0.02,0.75,,,A,opposed_binary_state_preferences_v1,binary_stay_switch_a0_0p1_a1_0p9_v1,119,B,B,0.46751169746904725,0.4652519861877232,0.7710763739848794,0.7711190395885011,0.7761302177515945,0.7760554598590188,1.859862375219734e-09,agreement,,,a0,a0,0,AI,a0,AI,0.14157621519584707,0.14157621519584707,True,True,1.0,0.0,0.4669471424771102,0.4669471424771102,3.9213086864562223,3.9218453050720066,3.9218453050720066,6,113,0.05042016806722689,0.9495798319327731,96,21,2,0.8067226890756303,0.17647058823529413,0.01680672268907563,4,17,0.19047619047619047,0.8095238095238095,47,72,0.3949579831932773,0.6050420168067226,18,17,45,16,24,23,50,22
scenario1,200,scenario1__H200__eta-global_decay__states-endogenous,cfg_0739fea987606a25da0a,run_a29d33a380df7770,1,42,global_decay,global_decay_eta0_0p15_c_0p0005,False,0.35,0.85,0.15,0.0005,0.02,0.75,,,A,opposed_binary_state_preferences_v1,binary_stay_switch_a0_0p1_a1_0p9_v1,120,B,B,0.46751169746904725,0.4652519861877232,0.8034865145250097,0.8035231396939516,0.7149000213156298,0.7148256058277888,1.532157678507673e-09,agreement,,,a0,a0,0,AI,a0,AI,0.14150943396226415,0.14150943396226415,True,True,1.0,0.0,0.477608199627568,0.477608199627568,3.9213086864562223,3.9413437324078213,3.9413437324078213,6,114,0.05,0.95,97,21,2,0.8083333333333333,0.175,0.016666666666666666,4,17,0.19047619047619047,0.8095238095238095,47,73,0.39166666666666666,0.6083333333333333,18,17,46,16,24,23,51,22
scenario1,200,scenario1__H200__eta-global_decay__states-endogenous,cfg_0739fea987606a25da0a,run_a29d33a380df7770,1,42,global_decay,global_decay_eta0_0p15_c_0p0005,False,0.35,0.85,0.15,0.0005,0.02,0.75,,,A,opposed_binary_state_preferences_v1,binary_stay_switch_a0_0p1_a1_0p9_v1,121,B,B,0.46751169746904725,0.4652519861877232,0.8312950266205272,0.8313264689825434,0.654733714950686,0.6546613654528559,1.2713468056091415e-09,agreement,,,a1,a0,0,AI,a0,AI,0.14144271570014144,0.14144271570014144,True,True,1.0,0.0,0.48805603563501665,0.48805603563501665,3.9213086864562223,3.9545051708594965,3.9545051708594965,6,115,0.049586776859504134,0.9504132231404959,98,21,2,0.8099173553719008,0.17355371900826447,0.01652892561983471,4,17,0.19047619047619047,0.8095238095238095,47,74,0.3884297520661157,0.6115702479338843,18,17,47,16,24,23,52,22
scenario1,200,scenario1__H200__eta-global_decay__states-endogenous,cfg_0739fea987606a25da0a,run_a29d33a380df7770,1,42,global_decay,global_decay_eta0_0p15_c_0p0005,False,0.35,0.85,0.15,0.0005,0.02,0.75,,,A,opposed_binary_state_preferences_v1,binary_stay_switch_a0_0p1_a1_0p9_v1,122,B,B,0.46751169746904725,0.4652519861877232,0.85515711620744,0.8551841112763845,0.5967827042735674,0.5967135467423403,1.061069898611322e-09,agreement,,,a0,a0,0,AI,a0,AI,0.1413760603204524,0.1413760603204524,True,True,1.0,0.0,0.4982949149223163,0.4982949149223163,3.9213086864562223,3.963389141814377,3.963389141814377,6,116,0.04918032786885246,0.9508196721311475,99,21,2,0.8114754098360656,0.1721311475409836,0.01639344262295082,4,17,0.19047619047619047,0.8095238095238095,47,75,0.38524590163934425,0.6147540983606558,18,17,48,16,24,23,53,22
scenario1,200,scenario1__H200__eta-global_decay__states-endogenous,cfg_0739fea987606a25da0a,run_a29d33a380df7770,1,42,global_decay,global_decay_eta0_0p15_c_0p0005,False,0.35,0.85,0.15,0.0005,0.02,0.75,,,A,opposed_binary_state_preferences_v1,binary_stay_switch_a0_0p1_a1_0p9_v1,123,B,B,0.46751169746904725,0.4652519861877232,0.875634432483485,0.8756576110959342,0.5417807075957808,0.5417154390540628,8.897564907073274e-10,agreement,,,a0,a0,0,AI,a0,AI,0.14130946773433817,0.14130946773433817,True,True,1.0,0.0,0.50832901662387,0.50832901662387,3.9213086864562223,3.9693858222089213,3.9693858222089213,6,117,0.04878048780487805,0.9512195121951219,100,21,2,0.8130081300813008,0.17073170731707318,0.016260162601626018,4,17,0.19047619047619047,0.8095238095238095,47,76,0.3821138211382114,0.6178861788617886,18,17,49,16,24,23,54,22
scenario1,200,scenario1__H200__eta-global_decay__states-endogenous,cfg_0739fea987606a25da0a,run_a29d33a380df7770,1,42,global_decay,global_decay_eta0_0p15_c_0p0005,False,0.35,0.85,0.15,0.0005,0.02,0.75,,,A,opposed_binary_state_preferences_v1,binary_stay_switch_a0_0p1_a1_0p9_v1,124,B,B,0.46751169746904725,0.4652519861877232,0.8932084646337227,0.8932283678887839,0.49016175426294106,0.4901007637203664,7.489946995953289e-10,agreement,,,a1,a0,0,AI,a0,AI,0.14124293785310732,0.14124293785310732,True,True,1.0,0.0,0.5181624362913926,0.5181624362913926,3.9213086864562223,3.9734335814752386,3.9734335814752386,6,118,0.04838709677419355,0.9516129032258065,101,21,2,0.8145161290322581,0.1693548387096774,0.016129032258064516,4,17,0.19047619047619047,0.8095238095238095,47,77,0.3790322580645161,0.6209677419354839,18,17,50,16,24,23,55,22
scenario1,200,scenario1__H200__eta-global_decay__states-endogenous,cfg_0739fea987606a25da0a,run_a29d33a380df7770,1,42,global_decay,global_decay_eta0_0p15_c_0p0005,False,0.35,0.85,0.15,0.0005,0.02,0.75,,,A,opposed_binary_state_preferences_v1,binary_stay_switch_a0_0p1_a1_0p9_v1,125,B,B,0.46751169746904725,0.4652519861877232,0.9082920148266997,0.9083091068875433,0.4421453001600564,0.4420887564614731,6.325241164173434e-10,agreement,,,a0,a0,0,AI,a0,AI,0.1411764705882353,0.1411764705882353,True,True,1.0,0.0,0.5277991875655648,0.5277991875655648,3.9213086864562223,3.976165818980003,3.976165818980003,6,119,0.048,0.952,102,21,2,0.816,0.168,0.016,4,17,0.19047619047619047,0.8095238095238095,47,78,0.376,0.624,18,17,51,16,24,23,56,22
scenario1,200,scenario1__H200__eta-global_decay__states-endogenous,cfg_0739fea987606a25da0a,run_a29d33a380df7770,1,42,global_decay,global_decay_eta0_0p15_c_0p0005,False,0.35,0.85,0.15,0.0005,0.02,0.75,,,A,opposed_binary_state_preferences_v1,binary_stay_switch_a0_0p1_a1_0p9_v1,126,B,A,0.46751169746904725,0.4652519861877232,0.9212390244982245,0.921253703562243,0.39779829294671654,0.39774620915291686,5.355929866279752e-10,agreement,,,a0,a1,0,AI,a1,AI,0.14111006585136407,0.14111006585136407,True,True,0.0,0.005613390214401435,0.14174799322667142,0.14174799322667142,3.9213086864562223,3.9780100792957187,3.9780100792957187,6,120,0.047619047619047616,0.9523809523809523,103,21,2,0.8174603174603174,0.16666666666666666,0.015873015873015872,4,17,0.19047619047619047,0.8095238095238095,47,79,0.373015873015873,0.626984126984127,18,17,51,17,24,23,56,23
scenario1,200,scenario1__H200__eta-global_decay__states-endogenous,cfg_0739fea987606a25da0a,run_a29d33a380df7770,1,42,global_decay,global_decay_eta0_0p15_c_0p0005,False,0.35,0.85,0.15,0.0005,0.02,0.75,,,A,opposed_binary_state_preferences_v1,binary_stay_switch_a0_0p1_a1_0p9_v1,127,A,B,0.46751169746904725,0.4652519861877232,0.7912429250864337,0.7912555327867619,0.9969523535725355,0.9965132996391634,3.7001438196182512e-06,agreement,,,a0,a1,0,AI,a1,AI,0.14104372355430184,0.14104372355430184,True,True,1.0,0.0,0.1478157168442846,0.1478157168442846,3.9792549550088268,3.9780100792957187,3.9792549550088268,6,121,0.047244094488188976,0.952755905511811,104,21,2,0.8188976377952756,0.16535433070866143,0.015748031496062992,4,17,0.19047619047619047,0.8095238095238095,48,79,0.3779527559055118,0.6220472440944882,18,18,51,17,24,24,56,23
scenario1,200,scenario1__H200__eta-global_decay__states-endogenous,cfg_0739fea987606a25da0a,run_a29d33a380df7770,1,42,global_decay,global_decay_eta0_0p15_c_0p0005,False,0.35,0.85,0.15,0.0005,0.02,0.75,,,A,opposed_binary_state_preferences_v1,binary_stay_switch_a0_0p1_a1_0p9_v1,128,B,B,0.4015721068528206,0.3996311136647721,0.7912429250864337,0.7912555327867619,0.7391002072544218,0.739075970833345,1.7354623293996951e-10,agreement,,,a1,a0,0,AI,a0,AI,0.14097744360902253,0.14097744360902253,True,True,1.0,0.0,0.516760372943209,0.516760372943209,3.9792549550088268,3.983600925150272,3.983600925150272,6,122,0.046875,0.953125,105,21,2,0.8203125,0.1640625,0.015625,4,17,0.19047619047619047,0.8095238095238095,48,80,0.375,0.625,18,18,52,17,24,24,57,23
scenario1,200,scenario1__H200__eta-global_decay__states-endogenous,cfg_0739fea987606a25da0a,run_a29d33a380df7770,1,42,global_decay,global_decay_eta0_0p15_c_0p0005,False,0.35,0.85,0.15,0.0005,0.02,0.75,,,A,opposed_binary_state_preferences_v1,binary_stay_switch_a0_0p1_a1_0p9_v1,129,B,A,0.4015721068528206,0.3996311136647721,0.8206729638430454,0.8206837941420116,0.678602636389029,0.6785788718159947,1.4373419121582742e-10,agreement,,,a0,a1,0,AI,a1,AI,0.14091122592766556,0.14091122592766556,True,True,0.0,0.005283277962672916,0.15341207724099729,0.15341207724099729,3.9792549550088268,3.9873747461020956,3.9873747461020956,6,123,0.046511627906976744,0.9534883720930233,106,21,2,0.8217054263565892,0.16279069767441862,0.015503875968992248,4,17,0.19047619047619047,0.8095238095238095,48,81,0.37209302325581395,0.627906976744186,18,18,52,18,24,24,57,24
scenario1,200,scenario1__H200__eta-global_decay__states-endogenous,cfg_0739fea987606a25da0a,run_a29d33a380df7770,1,42,global_decay,global_decay_eta0_0p15_c_0p0005,False,0.35,0.85,0.15,0.0005,0.02,0.75,,,A,opposed_binary_state_preferences_v1,binary_stay_switch_a0_0p1_a1_0p9_v1,130,A,A,0.4015721068528206,0.3996311136647721,0.7050309304222311,0.7050402346104928,0.9718627928031782,0.9707344007441647,2.8294670612050155e-06,agreement,,,a1,a0,0,AI,a0,AI,0.14084507042253522,0.14084507042253522,True,True,0.0,0.004718202334675318,0.13199882903891305,0.13199882903891305,3.9899220752445763,3.9873747461020956,3.9899220752445763,6,124,0.046153846153846156,0.9538461538461539,107,21,2,0.823076923076923,0.16153846153846155,0.015384615384615385,4,17,0.19047619047619047,0.8095238095238095,49,81,0.3769230769230769,0.6230769230769231,19,18,52,18,25,24,57,24
scenario1,200,scenario1__H200__eta-global_decay__states-endogenous,cfg_0739fea987606a25da0a,run_a29d33a380df7770,1,42,global_decay,global_decay_eta0_0p15_c_0p0005,False,0.35,0.85,0.15,0.0005,0.02,0.75,,,A,opposed_binary_state_preferences_v1,binary_stay_switch_a0_0p1_a1_0p9_v1,131,A,A,0.4858577256059445,0.48419011174015636,0.7050309304222311,0.7050402346104928,0.9994228336869927,0.9992786691158146,2.007823508731743e-06,agreement,,,a1,a0,0,AI,a0,AI,0.1407789770061004,0.1407789770061004,True,True,0.0,0.004623838287981812,0.14935885245813477,0.14935885245813477,3.990722109262258,3.9873747461020956,3.990722109262258,6,125,0.04580152671755725,0.9541984732824428,108,21,2,0.8244274809160306,0.16030534351145037,0.015267175572519083,4,17,0.19047619047619047,0.8095238095238095,50,81,0.3816793893129771,0.6183206106870229,20,18,52,18,26,24,57,24
scenario1,200,scenario1__H200__eta-global_decay__states-endogenous,cfg_0739fea987606a25da0a,run_a29d33a380df7770,1,42,global_decay,global_decay_eta0_0p15_c_0p0005,False,0.35,0.85,0.15,0.0005,0.02,0.75,,,A,opposed_binary_state_preferences_v1,binary_stay_switch_a0_0p1_a1_0p9_v1,132,A,A,0.5582381490307293,0.5568053001390081,0.7050309304222311,0.7050402346104928,0.9901914253573576,0.9906691681729529,1.5008308464903308e-06,agreement,,,a1,a0,0,AI,a0,AI,0.14071294559099437,0.14071294559099437,True,True,0.0,0.0045313615222221755,0.16637167540897205,0.16637167540897205,3.990782111813584,3.9873747461020956,3.990782111813584,6,126,0.045454545454545456,0.9545454545454546,109,21,2,0.8257575757575758,0.1590909090909091,0.015151515151515152,4,17,0.19047619047619047,0.8095238095238095,51,81,0.38636363636363635,0.6136363636363636,21,18,52,18,27,24,57,24
scenario1,200,scenario1__H200__eta-global_decay__states-endogenous,cfg_0739fea987606a25da0a,run_a29d33a380df7770,1,42,global_decay,global_decay_eta0_0p15_c_0p0005,False,0.35,0.85,0.15,0.0005,0.02,0.75,,,A,opposed_binary_state_preferences_v1,binary_stay_switch_a0_0p1_a1_0p9_v1,133,A,A,0.6203997603303453,0.6191685318267649,0.7050309304222311,0.7050402346104928,0.9577591946196342,0.958627146143149,1.1600890678087339e-06,agreement,,,a1,a0,0,AI,a0,AI,0.14064697609001406,0.14064697609001406,True,True,0.0,0.004440734291777732,0.1830442419007926,0.1830442419007926,3.9907866120049333,3.9873747461020956,3.9907866120049333,6,127,0.045112781954887216,0.9548872180451128,110,21,2,0.8270676691729323,0.15789473684210525,0.015037593984962405,4,17,0.19047619047619047,0.8095238095238095,52,81,0.39097744360902253,0.6090225563909775,22,18,52,18,28,24,57,24
scenario1,200,scenario1__H200__eta-global_decay__states-endogenous,cfg_0739fea987606a25da0a,run_a29d33a380df7770,1,42,global_decay,global_decay_eta0_0p15_c_0p0005,False,0.35,0.85,0.15,0.0005,0.02,0.75,,,A,opposed_binary_state_preferences_v1,binary_stay_switch_a0_0p1_a1_0p9_v1,134,A,B,0.6737893861629268,0.6727313262252509,0.7050309304222311,0.7050402346104928,0.9110078355729032,0.9121114169404712,9.177414805883188e-07,agreement,,,a0,a0,0,AI,a0,AI,0.14058106841611998,0.14058106841611998,True,True,0.0,0.004351919605942178,0.19938335706277674,0.19938335706277674,2.9928340690609874,3.9873747461020956,2.9928340690609874,6,128,0.04477611940298507,0.9552238805970149,111,21,2,0.8283582089552238,0.15671641791044777,0.014925373134328358,4,17,0.19047619047619047,0.8095238095238095,53,81,0.39552238805970147,0.6044776119402985,23,18,52,18,29,24,57,24
scenario1,200,scenario1__H200__eta-global_decay__states-endogenous,cfg_0739fea987606a25da0a,run_a29d33a380df7770,1,42,global_decay,global_decay_eta0_0p15_c_0p0005,False,0.35,0.85,0.15,0.0005,0.02,0.75,,,A,opposed_binary_state_preferences_v1,binary_stay_switch_a0_0p1_a1_0p9_v1,135,B,B,0.7196484227848209,0.7187391060436318,0.7050309304222311,0.7050402346104928,0.8750539067490265,0.8750422099409022,7.506895105535705e-11,agreement,,,a1,a0,0,AI,a0,AI,0.14051522248243561,0.14051522248243561,True,True,1.0,0.0,0.46861287432209714,0.46861287432209714,2.9928340690609874,3.9159405087984887,3.9159405087984887,6,129,0.044444444444444446,0.9555555555555556,112,21,2,0.8296296296296296,0.15555555555555556,0.014814814814814815,4,17,0.19047619047619047,0.8095238095238095,53,82,0.3925925925925926,0.6074074074074074,23,18,53,18,29,24,58,24
scenario1,200,scenario1__H200__eta-global_decay__states-endogenous,cfg_0739fea987606a25da0a,run_a29d33a380df7770,1,42,global_decay,global_decay_eta0_0p15_c_0p0005,False,0.35,0.85,0.15,0.0005,0.02,0.75,,,A,opposed_binary_state_preferences_v1,binary_stay_switch_a0_0p1_a1_0p9_v1,136,B,B,0.7196484227848209,0.7187391060436318,0.7464785748593883,0.7464865716675664,0.8168118925789438,0.8167994333626003,6.093825444253298e-11,agreement,,,a1,a0,0,AI,a0,AI,0.14044943820224717,0.14044943820224717,True,True,1.0,0.0,0.4792406168356552,0.4792406168356552,2.9928340690609874,3.867722398618554,3.867722398618554,6,130,0.04411764705882353,0.9558823529411765,113,21,2,0.8308823529411765,0.15441176470588236,0.014705882352941176,4,17,0.19047619047619047,0.8095238095238095,53,83,0.3897058823529412,0.6102941176470589,23,18,54,18,29,24,59,24
scenario1,200,scenario1__H200__eta-global_decay__states-endogenous,cfg_0739fea987606a25da0a,run_a29d33a380df7770,1,42,global_decay,global_decay_eta0_0p15_c_0p0005,False,0.35,0.85,0.15,0.0005,0.02,0.75,,,A,opposed_binary_state_preferences_v1,binary_stay_switch_a0_0p1_a1_0p9_v1,137,B,A,0.7196484227848209,0.7187391060436318,0.7820855165926203,0.7820923902535823,0.7563410859810946,0.7563284137452926,4.9994897111105274e-11,agreement,,,a0,a1,0,AI,a1,AI,0.14038371548900327,0.14038371548900327,True,True,0.0,0.004494817528663347,0.1505173225341012,0.1505173225341012,2.9928340690609874,3.8351751742470976,3.8351751742470976,6,131,0.043795620437956206,0.9562043795620438,114,21,2,0.8321167883211679,0.15328467153284672,0.014598540145985401,4,17,0.19047619047619047,0.8095238095238095,53,84,0.38686131386861317,0.6131386861313869,23,18,54,19,29,24,59,25
scenario1,200,scenario1__H200__eta-global_decay__states-endogenous,cfg_0739fea987606a25da0a,run_a29d33a380df7770,1,42,global_decay,global_decay_eta0_0p15_c_0p0005,False,0.35,0.85,0.15,0.0005,0.02,0.75,,,A,opposed_binary_state_preferences_v1,binary_stay_switch_a0_0p1_a1_0p9_v1,138,A,A,0.7196484227848209,0.7187391060436318,0.6722934459432117,0.672299354654109,0.8559294169890388,0.8571631834668048,7.383502212965354e-07,agreement,,,a0,a0,0,AI,a0,AI,0.1403180542563143,0.1403180542563143,True,True,0.0,0.004014072079400811,0.20390486018861637,0.20390486018861637,2.307801134684699,3.8351751742470976,2.307801134684699,6,132,0.043478260869565216,0.9565217391304348,115,21,2,0.8333333333333334,0.15217391304347827,0.014492753623188406,4,17,0.19047619047619047,0.8095238095238095,54,84,0.391304347826087,0.6086956521739131,24,18,54,19,30,24,59,25
scenario1,200,scenario1__H200__eta-global_decay__states-endogenous,cfg_0739fea987606a25da0a,run_a29d33a380df7770,1,42,global_decay,global_decay_eta0_0p15_c_0p0005,False,0.35,0.85,0.15,0.0005,0.02,0.75,,,A,opposed_binary_state_preferences_v1,binary_stay_switch_a0_0p1_a1_0p9_v1,139,A,A,0.7589868106073436,0.7582050874219809,0.6722934459432117,0.672299354654109,0.7967211220294139,0.7980124367602996,6.017770398658584e-07,agreement,,,a0,a0,0,AI,a0,AI,0.14025245441795228,0.14025245441795228,True,True,0.0,0.003933790637812795,0.21982676298484402,0.21982676298484402,1.845403903980704,3.8351751742470976,1.845403903980704,6,133,0.04316546762589928,0.9568345323741008,116,21,2,0.8345323741007195,0.1510791366906475,0.014388489208633094,4,17,0.19047619047619047,0.8095238095238095,55,84,0.39568345323741005,0.60431654676259,25,18,54,19,31,24,59,25
scenario1,200,scenario1__H200__eta-global_decay__states-endogenous,cfg_0739fea987606a25da0a,run_a29d33a380df7770,1,42,global_decay,global_decay_eta0_0p15_c_0p0005,False,0.35,0.85,0.15,0.0005,0.02,0.75,,,A,opposed_binary_state_preferences_v1,binary_stay_switch_a0_0p1_a1_0p9_v1,140,A,B,0.7927895019667625,0.7921174173768223,0.6722934459432117,0.672299354654109,0.7361167645759508,0.7374158314446322,4.952714757200383e-07,agreement,,,a0,a0,0,AI,a0,AI,0.14018691588785046,0.14018691588785046,True,True,0.0,0.0038551148250565393,0.23543022772514713,0.23543022772514713,1.5332857732555074,3.8351751742470976,1.5332857732555074,6,134,0.04285714285714286,0.9571428571428572,117,21,2,0.8357142857142857,0.15,0.014285714285714285,4,17,0.19047619047619047,0.8095238095238095,56,84,0.4,0.6,26,18,54,19,32,24,59,25
scenario1,200,scenario1__H200__eta-global_decay__states-endogenous,cfg_0739fea987606a25da0a,run_a29d33a380df7770,1,42,global_decay,global_decay_eta0_0p15_c_0p0005,False,0.35,0.85,0.15,0.0005,0.02,0.75,,,A,opposed_binary_state_preferences_v1,binary_stay_switch_a0_0p1_a1_0p9_v1,141,B,A,0.8218377026256276,0.8212598355015668,0.6722934459432117,0.672299354654109,0.9125659894720357,0.9125598638765606,2.8577695765363842e-11,agreement,,,a0,a0,0,AI,a0,AI,0.14012143858010276,0.14012143858010276,True,True,1.0,0.0,0.453195560229009,0.453195560229009,1.5332857732555074,3.703739675610954,3.703739675610954,6,135,0.0425531914893617,0.9574468085106383,118,21,2,0.8368794326241135,0.14893617021276595,0.014184397163120567,4,17,0.19047619047619047,0.8095238095238095,56,85,0.3971631205673759,0.6028368794326241,26,18,55,19,32,24,60,25
scenario1,200,scenario1__H200__eta-global_decay__states-endogenous,cfg_0739fea987606a25da0a,run_a29d33a380df7770,1,42,global_decay,global_decay_eta0_0p15_c_0p0005,False,0.35,0.85,0.15,0.0005,0.02,0.75,,,A,opposed_binary_state_preferences_v1,binary_stay_switch_a0_0p1_a1_0p9_v1,142,A,A,0.8218377026256276,0.8212598355015668,0.7182121597297771,0.7182172405036032,0.6760402890241778,0.6773132245298003,4.107596610625208e-07,agreement,,,a0,a0,0,AI,a0,AI,0.1400560224089636,0.1400560224089636,True,True,0.0,0.0037024522779843002,0.24610719070723128,0.24610719070723128,1.3127483726182891,3.703739675610954,1.3127483726182891,6,136,0.04225352112676056,0.9577464788732394,119,21,2,0.8380281690140845,0.14788732394366197,0.014084507042253521,4,17,0.19047619047619047,0.8095238095238095,57,85,0.4014084507042254,0.5985915492957746,27,18,55,19,33,24,60,25
scenario1,200,scenario1__H200__eta-global_decay__states-endogenous,cfg_0739fea987606a25da0a,run_a29d33a380df7770,1,42,global_decay,global_decay_eta0_0p15_c_0p0005,False,0.35,0.85,0.15,0.0005,0.02,0.75,,,A,opposed_binary_state_preferences_v1,binary_stay_switch_a0_0p1_a1_0p9_v1,143,A,A,0.8467904053391251,0.8462934719859412,0.7182121597297771,0.7182172405036032,0.6178143729912723,0.6190386864368386,3.428015848960797e-07,agreement,,,a0,a1,0,AI,a1,AI,0.13999066728884743,0.13999066728884743,True,True,1.0,0.0,0.12698867891963891,0.12698867891963891,3.5984804089837654,3.703739675610954,3.5984804089837654,6,137,0.04195804195804196,0.958041958041958,120,21,2,0.8391608391608392,0.14685314685314685,0.013986013986013986,4,17,0.19047619047619047,0.8095238095238095,58,85,0.40559440559440557,0.5944055944055944,27,19,55,19,33,25,60,25
scenario1,200,scenario1__H200__eta-global_decay__states-endogenous,cfg_0739fea987606a25da0a,run_a29d33a380df7770,1,42,global_decay,global_decay_eta0_0p15_c_0p0005,False,0.35,0.85,0.15,0.0005,0.02,0.75,,,A,opposed_binary_state_preferences_v1,binary_stay_switch_a0_0p1_a1_0p9_v1,144,A,B,0.7282476514419074,0.7278202841204338,0.7182121597297771,0.7182172405036032,0.843967923094827,0.8445750323152562,1.6634927024750112e-07,agreement,,,a1,a1,0,AI,a1,AI,0.13992537313432835,0.13992537313432835,True,True,1.0,0.0,0.14444890534124613,0.14444890534124613,3.7699103117111763,3.703739675610954,3.7699103117111763,6,138,0.041666666666666664,0.9583333333333334,121,21,2,0.8402777777777778,0.14583333333333334,0.013888888888888888,4,17,0.19047619047619047,0.8095238095238095,59,85,0.4097222222222222,0.5902777777777778,27,20,55,19,33,26,60,25
scenario1,200,scenario1__H200__eta-global_decay__states-endogenous,cfg_0739fea987606a25da0a,run_a29d33a380df7770,1,42,global_decay,global_decay_eta0_0p15_c_0p0005,False,0.35,0.85,0.15,0.0005,0.02,0.75,,,A,opposed_binary_state_preferences_v1,binary_stay_switch_a0_0p1_a1_0p9_v1,145,B,A,0.6263473270797002,0.6259797592901492,0.7182121597297771,0.7182172405036032,0.8578754460536181,0.8578685879294345,2.300232226915e-11,agreement,,,a0,a1,0,AI,a1,AI,0.13986013986013984,0.13986013986013984,True,True,0.0,0.00382402454663922,0.1480545722700294,0.1480545722700294,3.7699103117111763,3.7827675544157318,3.7827675544157318,6,139,0.041379310344827586,0.9586206896551724,122,21,2,0.8413793103448276,0.14482758620689656,0.013793103448275862,4,17,0.19047619047619047,0.8095238095238095,59,86,0.4068965517241379,0.593103448275862,27,20,55,20,33,26,60,26
scenario1,200,scenario1__H200__eta-global_decay__states-endogenous,cfg_0739fea987606a25da0a,run_a29d33a380df7770,1,42,global_decay,global_decay_eta0_0p15_c_0p0005,False,0.35,0.85,0.15,0.0005,0.02,0.75,,,A,opposed_binary_state_preferences_v1,binary_stay_switch_a0_0p1_a1_0p9_v1,146,A,A,0.6263473270797002,0.6259797592901492,0.6177629066207174,0.6177672767968057,0.9534354795289885,0.9537089985871385,1.0408545103590683e-07,agreement,,,a0,a0,0,AI,a0,AI,0.13979496738117428,0.13979496738117428,True,True,0.0,0.0034150240951321873,0.24700143665539795,0.24700143665539795,2.828397026986224,3.7827675544157318,2.828397026986224,6,140,0.0410958904109589,0.958904109589041,123,21,2,0.8424657534246576,0.14383561643835616,0.0136986301369863,4,17,0.19047619047619047,0.8095238095238095,60,86,0.410958904109589,0.589041095890411,28,20,55,20,34,26,60,26
scenario1,200,scenario1__H200__eta-global_decay__states-endogenous,cfg_0739fea987606a25da0a,run_a29d33a380df7770,1,42,global_decay,global_decay_eta0_0p15_c_0p0005,False,0.35,0.85,0.15,0.0005,0.02,0.75,,,A,opposed_binary_state_preferences_v1,binary_stay_switch_a0_0p1_a1_0p9_v1,147,A,A,0.6785820903024821,0.6782659066400817,0.6177629066207174,0.6177672767968057,0.905916722294198,0.9062572607949169,8.263776885009122e-08,agreement,,,a1,a0,0,AI,a0,AI,0.13972985561248255,0.13972985561248255,True,True,0.0,0.0033467236132295433,0.26206140792229,0.26206140792229,3.765497876254586,3.7827675544157318,3.765497876254586,6,141,0.04081632653061224,0.9591836734693877,124,21,2,0.8435374149659864,0.14285714285714285,0.013605442176870748,4,17,0.19047619047619047,0.8095238095238095,61,86,0.41496598639455784,0.5850340136054422,29,20,55,20,35,26,60,26
scenario1,200,scenario1__H200__eta-global_decay__states-endogenous,cfg_0739fea987606a25da0a,run_a29d33a380df7770,1,42,global_decay,global_decay_eta0_0p15_c_0p0005,False,0.35,0.85,0.15,0.0005,0.02,0.75,,,A,opposed_binary_state_preferences_v1,binary_stay_switch_a0_0p1_a1_0p9_v1,148,A,B,0.7234937684157822,0.7232217650508761,0.6177629066207174,0.6177672767968057,0.8506465184302343,0.8510237022316556,6.667476426525099e-08,agreement,,,a0,a1,0,AI,a1,AI,0.13966480446927373,0.13966480446927373,True,True,1.0,0.0,0.15323507103361933,0.15323507103361933,3.835780439949713,3.7827675544157318,3.835780439949713,6,142,0.04054054054054054,0.9594594594594594,125,21,2,0.8445945945945946,0.14189189189189189,0.013513513513513514,4,17,0.19047619047619047,0.8095238095238095,62,86,0.4189189189189189,0.581081081081081,29,21,55,20,35,27,60,26
scenario1,200,scenario1__H200__eta-global_decay__states-endogenous,cfg_0739fea987606a25da0a,run_a29d33a380df7770,1,42,global_decay,global_decay_eta0_0p15_c_0p0005,False,0.35,0.85,0.15,0.0005,0.02,0.75,,,A,opposed_binary_state_preferences_v1,binary_stay_switch_a0_0p1_a1_0p9_v1,149,B,B,0.622447152715254,0.6222131386471225,0.6177629066207174,0.6177672767968057,0.9596067002711061,0.959603673492351,1.4585610497164225e-11,agreement,,,a0,a1,0,AI,a1,AI,0.13959981386691483,0.13959981386691483,True,True,0.0,0.0035271584848784515,0.156560823404294,0.156560823404294,3.835780439949713,3.8410516322268475,3.8410516322268475,6,143,0.040268456375838924,0.959731543624161,126,21,2,0.8456375838926175,0.14093959731543623,0.013422818791946308,4,17,0.19047619047619047,0.8095238095238095,62,87,0.4161073825503356,0.5838926174496645,29,21,55,21,35,27,60,27
scenario1,200,scenario1__H200__eta-global_decay__states-endogenous,cfg_0739fea987606a25da0a,run_a29d33a380df7770,1,42,global_decay,global_decay_eta0_0p15_c_0p0005,False,0.35,0.85,0.15,0.0005,0.02,0.75,,,A,opposed_binary_state_preferences_v1,binary_stay_switch_a0_0p1_a1_0p9_v1,150,B,B,0.622447152715254,0.6222131386471225,0.531523319842581,0.5315270799429007,0.9971308285168399,0.9971301435519728,1.0239475933815356e-11,agreement,,,a1,a0,0,AI,a0,AI,0.13953488372093023,0.13953488372093023,True,True,1.0,0.0,0.3978507841482557,0.3978507841482557,3.835780439949713,3.8803933847493504,3.8803933847493504,6,144,0.04,0.96,127,21,2,0.8466666666666667,0.14,0.013333333333333334,4,17,0.19047619047619047,0.8095238095238095,62,88,0.41333333333333333,0.5866666666666667,29,21,56,21,35,27,61,27
scenario1,200,scenario1__H200__eta-global_decay__states-endogenous,cfg_0739fea987606a25da0a,run_a29d33a380df7770,1,42,global_decay,global_decay_eta0_0p15_c_0p0005,False,0.35,0.85,0.15,0.0005,0.02,0.75,,,A,opposed_binary_state_preferences_v1,binary_stay_switch_a0_0p1_a1_0p9_v1,151,B,A,0.622447152715254,0.6222131386471225,0.5968921589343139,0.5968953943694727,0.972739559512751,0.972737727240021,7.845724070421056e-12,agreement,,,a0,a1,0,AI,a1,AI,0.1394700139470014,0.1394700139470014,True,True,0.0,0.0033874830088772645,0.17036101479748395,0.17036101479748395,3.835780439949713,3.90694906770204,3.90694906770204,6,145,0.039735099337748346,0.9602649006622517,128,21,2,0.847682119205298,0.1390728476821192,0.013245033112582781,4,17,0.19047619047619047,0.8095238095238095,62,89,0.4105960264900662,0.5894039735099338,29,21,56,22,35,27,61,28
scenario1,200,scenario1__H200__eta-global_decay__states-endogenous,cfg_0739fea987606a25da0a,run_a29d33a380df7770,1,42,global_decay,global_decay_eta0_0p15_c_0p0005,False,0.35,0.85,0.15,0.0005,0.02,0.75,,,A,opposed_binary_state_preferences_v1,binary_stay_switch_a0_0p1_a1_0p9_v1,152,A,A,0.622447152715254,0.6222131386471225,0.5136436012028893,0.5136463853918615,0.9562953238465861,0.9564639437398327,4.2017995582899204e-08,agreement,,,a0,a0,0,AI,a0,AI,0.13940520446096652,0.13940520446096652,True,True,0.0,0.0030251730751398235,0.25688275665964616,0.25688275665964616,2.8821729770437092,3.90694906770204,2.8821729770437092,6,146,0.039473684210526314,0.9605263157894737,129,21,2,0.8486842105263158,0.13815789473684212,0.013157894736842105,4,17,0.19047619047619047,0.8095238095238095,63,89,0.4144736842105263,0.5855263157894737,30,21,56,22,36,27,61,28
scenario1,200,scenario1__H200__eta-global_decay__states-endogenous,cfg_0739fea987606a25da0a,run_a29d33a380df7770,1,42,global_decay,global_decay_eta0_0p15_c_0p0005,False,0.35,0.85,0.15,0.0005,0.02,0.75,,,A,opposed_binary_state_preferences_v1,binary_stay_switch_a0_0p1_a1_0p9_v1,153,A,A,0.6750799845858041,0.6748785932966872,0.5136436012028893,0.5136463853918615,0.9096517619246824,0.9098640910969473,3.3339911054142135e-08,agreement,,,a1,a0,0,AI,a0,AI,0.13934045517882024,0.13934045517882024,True,True,0.0,0.002964669613637027,0.27174510152645326,0.27174510152645326,3.853353593977155,3.90694906770204,3.853353593977155,6,147,0.0392156862745098,0.9607843137254902,130,21,2,0.8496732026143791,0.13725490196078433,0.013071895424836602,4,17,0.19047619047619047,0.8095238095238095,64,89,0.41830065359477125,0.5816993464052288,31,21,56,22,37,27,61,28
scenario1,200,scenario1__H200__eta-global_decay__states-endogenous,cfg_0739fea987606a25da0a,run_a29d33a380df7770,1,42,global_decay,global_decay_eta0_0p15_c_0p0005,False,0.35,0.85,0.15,0.0005,0.02,0.75,,,A,opposed_binary_state_preferences_v1,binary_stay_switch_a0_0p1_a1_0p9_v1,154,A,A,0.7203544874303275,0.7201811580951052,0.5136436012028893,0.5136463853918615,0.8549673468475694,0.8552038525172029,2.689009032108558e-08,agreement,,,a0,a0,0,AI,a0,AI,0.1392757660167131,0.1392757660167131,True,True,0.0,0.0029053762213642866,0.28631019949592423,0.28631019949592423,2.8940348560122326,3.90694906770204,2.8940348560122326,6,148,0.03896103896103896,0.961038961038961,131,21,2,0.8506493506493507,0.13636363636363635,0.012987012987012988,4,17,0.19047619047619047,0.8095238095238095,65,89,0.42207792207792205,0.577922077922078,32,21,56,22,38,27,61,28
scenario1,200,scenario1__H200__eta-global_decay__states-endogenous,cfg_0739fea987606a25da0a,run_a29d33a380df7770,1,42,global_decay,global_decay_eta0_0p15_c_0p0005,False,0.35,0.85,0.15,0.0005,0.02,0.75,,,A,opposed_binary_state_preferences_v1,binary_stay_switch_a0_0p1_a1_0p9_v1,155,A,A,0.759302330406605,0.759153141647319,0.5136436012028893,0.5136463853918615,0.7961985558335575,0.7964457412448672,2.195726478415594e-08,agreement,,,a1,a0,0,AI,a0,AI,0.13921113689095127,0.13921113689095127,True,True,0.0,0.0028472686969370008,0.3005839955060058,0.3005839955060058,3.854243234899794,3.90694906770204,3.854243234899794,6,149,0.03870967741935484,0.9612903225806452,132,21,2,0.8516129032258064,0.13548387096774195,0.012903225806451613,4,17,0.19047619047619047,0.8095238095238095,66,89,0.4258064516129032,0.5741935483870968,33,21,56,22,39,27,61,28
scenario1,200,scenario1__H200__eta-global_decay__states-endogenous,cfg_0739fea987606a25da0a,run_a29d33a380df7770,1,42,global_decay,global_decay_eta0_0p15_c_0p0005,False,0.35,0.85,0.15,0.0005,0.02,0.75,,,A,opposed_binary_state_preferences_v1,binary_stay_switch_a0_0p1_a1_0p9_v1,156,A,B,0.7928101266377039,0.7926817066152094,0.5136436012028893,0.5136463853918615,0.7360768366293217,0.7363253881938786,1.8101431908945642e-08,agreement,,,a0,a0,0,AI,a0,AI,0.13914656771799627,0.13914656771799627,True,True,0.0,0.002790323322998261,0.31457231559588567,0.31457231559588567,2.894635363635014,3.90694906770204,2.894635363635014,6,150,0.038461538461538464,0.9615384615384616,133,21,2,0.8525641025641025,0.1346153846153846,0.01282051282051282,4,17,0.19047619047619047,0.8095238095238095,67,89,0.42948717948717946,0.5705128205128205,34,21,56,22,40,27,61,28
scenario1,200,scenario1__H200__eta-global_decay__states-endogenous,cfg_0739fea987606a25da0a,run_a29d33a380df7770,1,42,global_decay,global_decay_eta0_0p15_c_0p0005,False,0.35,0.85,0.15,0.0005,0.02,0.75,,,A,opposed_binary_state_preferences_v1,binary_stay_switch_a0_0p1_a1_0p9_v1,157,B,B,0.8216398863819938,0.8215293355648557,0.5136436012028893,0.5136463853918615,0.9994628241546092,0.999462604866838,5.595801599866945e-12,agreement,,,a0,a0,0,AI,a0,AI,0.13908205841446453,0.13908205841446453,True,True,1.0,0.0,0.3653844241413301,0.3653844241413301,2.894635363635014,3.854288272971503,3.854288272971503,6,151,0.03821656050955414,0.9617834394904459,134,21,2,0.8535031847133758,0.1337579617834395,0.012738853503184714,4,17,0.19047619047619047,0.8095238095238095,67,90,0.4267515923566879,0.5732484076433121,34,21,57,22,40,27,62,28
scenario1,200,scenario1__H200__eta-global_decay__states-endogenous,cfg_0739fea987606a25da0a,run_a29d33a380df7770,1,42,global_decay,global_decay_eta0_0p15_c_0p0005,False,0.35,0.85,0.15,0.0005,0.02,0.75,,,A,opposed_binary_state_preferences_v1,binary_stay_switch_a0_0p1_a1_0p9_v1,158,B,B,0.8216398863819938,0.8215293355648557,0.5812870502706377,0.5812894472288765,0.9808496560008501,0.9808485215292998,4.256928143320238e-12,agreement,,,a0,a0,0,AI,a0,AI,0.13901760889712697,0.13901760889712697,True,True,1.0,0.0,0.3780767356585035,0.3780767356585035,2.894635363635014,3.818742236528391,3.818742236528391,6,152,0.0379746835443038,0.9620253164556962,135,21,2,0.8544303797468354,0.13291139240506328,0.012658227848101266,4,17,0.19047619047619047,0.8095238095238095,67,91,0.4240506329113924,0.5759493670886076,34,21,58,22,40,27,63,28
scenario1,200,scenario1__H200__eta-global_decay__states-endogenous,cfg_0739fea987606a25da0a,run_a29d33a380df7770,1,42,global_decay,global_decay_eta0_0p15_c_0p0005,False,0.35,0.85,0.15,0.0005,0.02,0.75,,,A,opposed_binary_state_preferences_v1,binary_stay_switch_a0_0p1_a1_0p9_v1,159,B,B,0.8216398863819938,0.8215293355648557,0.6394955233562766,0.6394975870951124,0.9431011460768486,0.9430994395226193,3.3314462299927072e-12,agreement,,,a0,a0,0,AI,a0,AI,0.13895321908290875,0.13895321908290875,True,True,1.0,0.0,0.3905152009453335,0.3905152009453335,2.894635363635014,3.7947486619292903,3.7947486619292903,6,153,0.03773584905660377,0.9622641509433962,136,21,2,0.8553459119496856,0.1320754716981132,0.012578616352201259,4,17,0.19047619047619047,0.8095238095238095,67,92,0.42138364779874216,0.5786163522012578,34,21,59,22,40,27,64,28
scenario1,200,scenario1__H200__eta-global_decay__states-endogenous,cfg_0739fea987606a25da0a,run_a29d33a380df7770,1,42,global_decay,global_decay_eta0_0p15_c_0p0005,False,0.35,0.85,0.15,0.0005,0.02,0.75,,,A,opposed_binary_state_preferences_v1,binary_stay_switch_a0_0p1_a1_0p9_v1,160,B,B,0.8216398863819938,0.8215293355648557,0.6895887808797212,0.6895905578554025,0.8936475700516917,0.8936455237547511,2.6604274339092626e-12,agreement,,,a0,a0,0,AI,a0,AI,0.13888888888888887,0.13888888888888887,True,True,1.0,0.0,0.4027048969264268,0.4027048969264268,2.894635363635014,3.778552999074897,3.778552999074897,6,154,0.0375,0.9625,137,21,2,0.85625,0.13125,0.0125,4,17,0.19047619047619047,0.8095238095238095,67,93,0.41875,0.58125,34,21,60,22,40,27,65,28
scenario1,200,scenario1__H200__eta-global_decay__states-endogenous,cfg_0739fea987606a25da0a,run_a29d33a380df7770,1,42,global_decay,global_decay_eta0_0p15_c_0p0005,False,0.35,0.85,0.15,0.0005,0.02,0.75,,,A,opposed_binary_state_preferences_v1,binary_stay_switch_a0_0p1_a1_0p9_v1,161,B,B,0.8216398863819938,0.8215293355648557,0.7327014502019821,0.7327029803754854,0.8375614600875585,0.8375592340231316,2.1559976026708227e-12,agreement,,,a0,a0,0,AI,a0,AI,0.13882461823229986,0.13882461823229986,True,True,1.0,0.0,0.41465079898789825,0.41465079898789825,2.894635363635014,3.7676209266481813,3.7676209266481813,6,155,0.037267080745341616,0.9627329192546584,138,21,2,0.8571428571428571,0.13043478260869565,0.012422360248447204,4,17,0.19047619047619047,0.8095238095238095,67,94,0.4161490683229814,0.5838509316770186,34,21,61,22,40,27,66,28
scenario1,200,scenario1__H200__eta-global_decay__states-endogenous,cfg_0739fea987606a25da0a,run_a29d33a380df7770,1,42,global_decay,global_decay_eta0_0p15_c_0p0005,False,0.35,0.85,0.15,0.0005,0.02,0.75,,,A,opposed_binary_state_preferences_v1,binary_stay_switch_a0_0p1_a1_0p9_v1,162,B,B,0.8216398863819938,0.8215293355648557,0.7698090693317393,0.7698103870794902,0.7783439901269951,0.7783416950386302,1.7671419882958617e-12,agreement,,,a0,a0,0,AI,a0,AI,0.13876040703052728,0.13876040703052728,True,True,1.0,0.0,0.4263577830081403,0.4263577830081403,2.894635363635014,3.7602417777601485,3.7602417777601485,6,156,0.037037037037037035,0.9629629629629629,139,21,2,0.8580246913580247,0.12962962962962962,0.012345679012345678,4,17,0.19047619047619047,0.8095238095238095,67,95,0.41358024691358025,0.5864197530864198,34,21,62,22,40,27,67,28
scenario1,200,scenario1__H200__eta-global_decay__states-endogenous,cfg_0739fea987606a25da0a,run_a29d33a380df7770,1,42,global_decay,global_decay_eta0_0p15_c_0p0005,False,0.35,0.85,0.15,0.0005,0.02,0.75,,,A,opposed_binary_state_preferences_v1,binary_stay_switch_a0_0p1_a1_0p9_v1,163,B,B,0.8216398863819938,0.8215293355648557,0.8017504565660031,0.8017515914625397,0.7184133371370685,0.7184110493662383,1.4613865673140936e-12,agreement,,,a0,a0,0,AI,a0,AI,0.13869625520110956,0.13869625520110956,True,True,1.0,0.0,0.4378306273479775,0.4378306273479775,2.894635363635014,3.755260852260726,3.755260852260726,6,157,0.03680981595092025,0.9631901840490797,140,21,2,0.8588957055214724,0.12883435582822086,0.012269938650306749,4,17,0.19047619047619047,0.8095238095238095,67,96,0.4110429447852761,0.588957055214724,34,21,63,22,40,27,68,28
scenario1,200,scenario1__H200__eta-global_decay__states-endogenous,cfg_0739fea987606a25da0a,run_a29d33a380df7770,1,42,global_decay,global_decay_eta0_0p15_c_0p0005,False,0.35,0.85,0.15,0.0005,0.02,0.75,,,A,opposed_binary_state_preferences_v1,binary_stay_switch_a0_0p1_a1_0p9_v1,164,B,B,0.8216398863819938,0.8215293355648557,0.8292469258356281,0.8292479033262652,0.6594245976704752,0.6594223690942776,1.2168044349891716e-12,agreement,,,a0,a0,0,AI,a0,AI,0.1386321626617375,0.1386321626617375,True,True,1.0,0.0,0.44907401480101794,0.44907401480101794,2.894635363635014,3.7518987275486158,3.7518987275486158,6,158,0.036585365853658534,0.9634146341463414,141,21,2,0.8597560975609756,0.12804878048780488,0.012195121951219513,4,17,0.19047619047619047,0.8095238095238095,67,97,0.40853658536585363,0.5914634146341463,34,21,64,22,40,27,69,28
scenario1,200,scenario1__H200__eta-global_decay__states-endogenous,cfg_0739fea987606a25da0a,run_a29d33a380df7770,1,42,global_decay,global_decay_eta0_0p15_c_0p0005,False,0.35,0.85,0.15,0.0005,0.02,0.75,,,A,opposed_binary_state_preferences_v1,binary_stay_switch_a0_0p1_a1_0p9_v1,165,B,B,0.8216398863819938,0.8215293355648557,0.852918793788175,0.8529196357671711,0.6024875628261132,0.6024854277355075,1.0191847366058937e-12,agreement,,,a0,a0,0,AI,a0,AI,0.13856812933025403,0.13856812933025403,True,True,1.0,0.0,0.4600925345049976,0.4600925345049976,2.894635363635014,3.7496292933679416,3.7496292933679416,6,159,0.03636363636363636,0.9636363636363636,142,21,2,0.8606060606060606,0.12727272727272726,0.012121212121212121,4,17,0.19047619047619047,0.8095238095238095,67,98,0.40606060606060607,0.593939393939394,34,21,65,22,40,27,70,28
scenario1,200,scenario1__H200__eta-global_decay__states-endogenous,cfg_0739fea987606a25da0a,run_a29d33a380df7770,1,42,global_decay,global_decay_eta0_0p15_c_0p0005,False,0.35,0.85,0.15,0.0005,0.02,0.75,,,A,opposed_binary_state_preferences_v1,binary_stay_switch_a0_0p1_a1_0p9_v1,166,B,B,0.8216398863819938,0.8215293355648557,0.873299561392585,0.8733002867001266,0.5483191816021826,0.5483171615772876,8.573697307667771e-13,agreement,,,a0,a0,0,AI,a0,AI,0.13850415512465375,0.13850415512465375,True,True,1.0,0.0,0.4708906838148977,0.4708906838148977,2.894635363635014,3.7480974252959864,3.7480974252959864,6,160,0.03614457831325301,0.963855421686747,143,21,2,0.8614457831325302,0.12650602409638553,0.012048192771084338,4,17,0.19047619047619047,0.8095238095238095,67,99,0.4036144578313253,0.5963855421686747,34,21,66,22,40,27,71,28
scenario1,200,scenario1__H200__eta-global_decay__states-endogenous,cfg_0739fea987606a25da0a,run_a29d33a380df7770,1,42,global_decay,global_decay_eta0_0p15_c_0p0005,False,0.35,0.85,0.15,0.0005,0.02,0.75,,,A,opposed_binary_state_preferences_v1,binary_stay_switch_a0_0p1_a1_0p9_v1,167,B,B,0.8216398863819938,0.8215293355648557,0.8908480985958281,0.8908487234452614,0.49735252510925837,0.4973506325360346,7.240597010849115e-13,agreement,,,a0,a0,0,AI,a0,AI,0.1384402399630826,0.1384402399630826,True,True,1.0,0.0,0.48147287013859974,0.48147287013859974,2.894635363635014,3.747063414347417,3.747063414347417,6,161,0.03592814371257485,0.9640718562874252,144,21,2,0.8622754491017964,0.12574850299401197,0.011976047904191617,4,17,0.19047619047619047,0.8095238095238095,67,100,0.40119760479041916,0.5988023952095808,34,21,67,22,40,27,72,28
scenario1,200,scenario1__H200__eta-global_decay__states-endogenous,cfg_0739fea987606a25da0a,run_a29d33a380df7770,1,42,global_decay,global_decay_eta0_0p15_c_0p0005,False,0.35,0.85,0.15,0.0005,0.02,0.75,,,A,opposed_binary_state_preferences_v1,binary_stay_switch_a0_0p1_a1_0p9_v1,168,B,A,0.8216398863819938,0.8215293355648557,0.9059591140186485,0.9059596523637763,0.44981584617741366,0.44981408681683466,6.13398221105399e-13,agreement,,,a0,a1,0,AI,a1,AI,0.13837638376383762,0.13837638376383762,True,True,0.0,0.0024028154307637497,0.14084077590447844,0.14084077590447844,2.894635363635014,3.7463654569571325,3.7463654569571325,6,162,0.03571428571428571,0.9642857142857143,145,21,2,0.8630952380952381,0.125,0.011904761904761904,4,17,0.19047619047619047,0.8095238095238095,67,101,0.39880952380952384,0.6011904761904762,34,21,67,23,40,27,72,29
scenario1,200,scenario1__H200__eta-global_decay__states-endogenous,cfg_0739fea987606a25da0a,run_a29d33a380df7770,1,42,global_decay,global_decay_eta0_0p15_c_0p0005,False,0.35,0.85,0.15,0.0005,0.02,0.75,,,A,opposed_binary_state_preferences_v1,binary_stay_switch_a0_0p1_a1_0p9_v1,169,A,A,0.8216398863819938,0.8215293355648557,0.7805957679828577,0.7805962318337334,0.6764764119608335,0.6767199741075842,1.5035707234822837e-08,agreement,,,a0,a0,0,AI,a0,AI,0.1383125864453665,0.1383125864453665,True,True,0.0,0.002145821108660315,0.2619131537346315,0.2619131537346315,2.2348562797254194,3.7463654569571325,2.2348562797254194,6,163,0.03550295857988166,0.9644970414201184,146,21,2,0.863905325443787,0.1242603550295858,0.011834319526627219,4,17,0.19047619047619047,0.8095238095238095,68,101,0.40236686390532544,0.5976331360946746,35,21,67,23,41,27,72,29
scenario1,200,scenario1__H200__eta-global_decay__states-endogenous,cfg_0739fea987606a25da0a,run_a29d33a380df7770,1,42,global_decay,global_decay_eta0_0p15_c_0p0005,False,0.35,0.85,0.15,0.0005,0.02,0.75,,,A,opposed_binary_state_preferences_v1,binary_stay_switch_a0_0p1_a1_0p9_v1,170,A,A,0.8463093350151897,0.8462140747675037,0.7805957679828577,0.7805962318337334,0.6189996464500136,0.6192340464189969,1.2578278973940371e-08,agreement,,,a0,a0,0,AI,a0,AI,0.1382488479262673,0.1382488479262673,True,True,0.0,0.002102904686487109,0.27667489065993883,0.27667489065993883,1.7895053980864433,3.7463654569571325,1.7895053980864433,6,164,0.03529411764705882,0.9647058823529412,147,21,2,0.8647058823529412,0.12352941176470589,0.011764705882352941,4,17,0.19047619047619047,0.8095238095238095,69,101,0.40588235294117647,0.5941176470588235,36,21,67,23,42,27,72,29
scenario1,200,scenario1__H200__eta-global_decay__states-endogenous,cfg_0739fea987606a25da0a,run_a29d33a380df7770,1,42,global_decay,global_decay_eta0_0p15_c_0p0005,False,0.35,0.85,0.15,0.0005,0.02,0.75,,,A,opposed_binary_state_preferences_v1,binary_stay_switch_a0_0p1_a1_0p9_v1,171,A,A,0.8675568923863616,0.8674748017581713,0.7805957679828577,0.7805962318337334,0.5641005491753512,0.5643231026419903,1.0573782460721048e-08,agreement,,,a0,a0,0,AI,a0,AI,0.1381851681252879,0.1381851681252879,True,True,0.0,0.002060846592757367,0.29114139284674007,0.29114139284674007,1.4888935529801341,3.7463654569571325,1.4888935529801341,6,165,0.03508771929824561,0.9649122807017544,148,21,2,0.8654970760233918,0.12280701754385964,0.011695906432748537,4,17,0.19047619047619047,0.8095238095238095,70,101,0.4093567251461988,0.5906432748538012,37,21,67,23,43,27,72,29
scenario1,200,scenario1__H200__eta-global_decay__states-endogenous,cfg_0739fea987606a25da0a,run_a29d33a380df7770,1,42,global_decay,global_decay_eta0_0p15_c_0p0005,False,0.35,0.85,0.15,0.0005,0.02,0.75,,,A,opposed_binary_state_preferences_v1,binary_stay_switch_a0_0p1_a1_0p9_v1,172,A,A,0.8858585654789878,0.8857878185580556,0.7805957679828577,0.7805962318337334,0.5122827628839892,0.5124918730359094,8.924311067914914e-09,agreement,,,a0,a0,0,AI,a0,AI,0.13812154696132595,0.13812154696132595,True,True,0.0,0.0020196296609022195,0.30531856498980525,0.30531856498980525,1.2859805575333756,3.7463654569571325,1.2859805575333756,6,166,0.03488372093023256,0.9651162790697675,149,21,2,0.8662790697674418,0.12209302325581395,0.011627906976744186,4,17,0.19047619047619047,0.8095238095238095,71,101,0.4127906976744186,0.5872093023255814,38,21,67,23,44,27,72,29
scenario1,200,scenario1__H200__eta-global_decay__states-endogenous,cfg_0739fea987606a25da0a,run_a29d33a380df7770,1,42,global_decay,global_decay_eta0_0p15_c_0p0005,False,0.35,0.85,0.15,0.0005,0.02,0.75,,,A,opposed_binary_state_preferences_v1,binary_stay_switch_a0_0p1_a1_0p9_v1,173,A,A,0.9016239569874149,0.9015629817406445,0.7805957679828577,0.7805962318337334,0.46382653180456956,0.4640213874203032,7.55713208677733e-09,agreement,,,a0,a0,0,AI,a0,AI,0.13805798435342842,0.13805798435342842,True,True,0.0,0.001979237067684175,0.31921219369000914,0.31921219369000914,1.1490142856068135,3.7463654569571325,1.1490142856068135,6,167,0.03468208092485549,0.9653179190751445,150,21,2,0.8670520231213873,0.12138728323699421,0.011560693641618497,4,17,0.19047619047619047,0.8095238095238095,72,101,0.4161849710982659,0.5838150289017341,39,21,67,23,45,27,72,29
scenario1,200,scenario1__H200__eta-global_decay__states-endogenous,cfg_0739fea987606a25da0a,run_a29d33a380df7770,1,42,global_decay,global_decay_eta0_0p15_c_0p0005,False,0.35,0.85,0.15,0.0005,0.02,0.75,,,A,opposed_binary_state_preferences_v1,binary_stay_switch_a0_0p1_a1_0p9_v1,174,A,A,0.9152055551943986,0.9151529980672928,0.7805957679828577,0.7805962318337334,0.418851412141751,0.4190317653772163,6.417112258239044e-09,agreement,,,a0,a0,0,AI,a0,AI,0.13799448022079117,0.13799448022079117,True,True,0.0,0.0019396523263304915,0.33282794981620895,0.33282794981620895,1.056562052056384,3.7463654569571325,1.056562052056384,6,168,0.034482758620689655,0.9655172413793104,151,21,2,0.867816091954023,0.1206896551724138,0.011494252873563218,4,17,0.19047619047619047,0.8095238095238095,73,101,0.41954022988505746,0.5804597701149425,40,21,67,23,46,27,72,29
scenario1,200,scenario1__H200__eta-global_decay__states-endogenous,cfg_0739fea987606a25da0a,run_a29d33a380df7770,1,42,global_decay,global_decay_eta0_0p15_c_0p0005,False,0.35,0.85,0.15,0.0005,0.02,0.75,,,A,opposed_binary_state_preferences_v1,binary_stay_switch_a0_0p1_a1_0p9_v1,175,A,A,0.9269067205309581,0.9268614159972892,0.7805957679828577,0.7805962318337334,0.37736255270596164,0.37752855446223005,5.461732704992173e-09,agreement,,,a0,a0,0,AI,a0,AI,0.13793103448275862,0.13793103448275862,True,True,0.0,0.0019008592798038816,0.3461713908198848,0.3461713908198848,0.9941567944098442,3.7463654569571325,0.9941567944098442,6,169,0.03428571428571429,0.9657142857142857,152,21,2,0.8685714285714285,0.12,0.011428571428571429,4,17,0.19047619047619047,0.8095238095238095,74,101,0.4228571428571429,0.5771428571428572,41,21,67,23,47,27,72,29
scenario1,200,scenario1__H200__eta-global_decay__states-endogenous,cfg_0739fea987606a25da0a,run_a29d33a380df7770,1,42,global_decay,global_decay_eta0_0p15_c_0p0005,False,0.35,0.85,0.15,0.0005,0.02,0.75,,,A,opposed_binary_state_preferences_v1,binary_stay_switch_a0_0p1_a1_0p9_v1,176,A,B,0.9369885521818604,0.9369494965493872,0.7805957679828577,0.7805962318337334,0.3392850251559061,0.3394371026520829,4.6577121326496496e-09,agreement,,,a0,a1,0,AI,a1,AI,0.1378676470588235,0.1378676470588235,True,True,1.0,0.0,0.10703386966711081,0.10703386966711081,3.603358443026803,3.7463654569571325,3.603358443026803,6,170,0.03409090909090909,0.9659090909090909,153,21,2,0.8693181818181818,0.11931818181818182,0.011363636363636364,4,17,0.19047619047619047,0.8095238095238095,75,101,0.42613636363636365,0.5738636363636364,41,22,67,23,47,28,72,29
scenario1,200,scenario1__H200__eta-global_decay__states-endogenous,cfg_0739fea987606a25da0a,run_a29d33a380df7770,1,42,global_decay,global_decay_eta0_0p15_c_0p0005,False,0.35,0.85,0.15,0.0005,0.02,0.75,,,A,opposed_binary_state_preferences_v1,binary_stay_switch_a0_0p1_a1_0p9_v1,177,B,B,0.8078081451714937,0.807774474047174,0.7805957679828577,0.7805962318337334,0.75907815512847,0.7590773058238984,2.2659651932599445e-13,agreement,,,a0,a0,0,AI,a0,AI,0.13780431786862654,0.13780431786862654,True,True,1.0,0.0,0.41339838944434903,0.41339838944434903,3.603358443026803,3.7990485666730747,3.7990485666730747,6,171,0.03389830508474576,0.9661016949152542,154,21,2,0.8700564971751412,0.11864406779661017,0.011299435028248588,4,17,0.19047619047619047,0.8095238095238095,75,102,0.423728813559322,0.576271186440678,41,22,68,23,47,28,73,29
scenario1,200,scenario1__H200__eta-global_decay__states-endogenous,cfg_0739fea987606a25da0a,run_a29d33a380df7770,1,42,global_decay,global_decay_eta0_0p15_c_0p0005,False,0.35,0.85,0.15,0.0005,0.02,0.75,,,A,opposed_binary_state_preferences_v1,binary_stay_switch_a0_0p1_a1_0p9_v1,178,B,B,0.8078081451714937,0.807774474047174,0.8108306185134698,0.8108310184436921,0.6997306329499117,0.6997297932068843,1.8807178037150152e-13,agreement,,,a0,a0,0,AI,a0,AI,0.13774104683195593,0.13774104683195593,True,True,1.0,0.0,0.42513042165546205,0.42513042165546205,3.603358443026803,3.8346096657313353,3.8346096657313353,6,172,0.033707865168539325,0.9662921348314607,155,21,2,0.8707865168539326,0.11797752808988764,0.011235955056179775,4,17,0.19047619047619047,0.8095238095238095,75,103,0.42134831460674155,0.5786516853932584,41,22,69,23,47,28,74,29
scenario1,200,scenario1__H200__eta-global_decay__states-endogenous,cfg_0739fea987606a25da0a,run_a29d33a380df7770,1,42,global_decay,global_decay_eta0_0p15_c_0p0005,False,0.35,0.85,0.15,0.0005,0.02,0.75,,,A,opposed_binary_state_preferences_v1,binary_stay_switch_a0_0p1_a1_0p9_v1,179,B,B,0.8078081451714937,0.807774474047174,0.8368870071479781,0.8368873519913929,0.6417050802433508,0.6417042667015375,1.570410468332284e-13,agreement,,,a0,a0,0,AI,a0,AI,0.13767783386874713,0.13767783386874713,True,True,1.0,0.0,0.43662781322235283,0.43662781322235283,3.603358443026803,3.8586134075956617,3.8586134075956617,6,173,0.0335195530726257,0.9664804469273743,156,21,2,0.8715083798882681,0.11731843575418995,0.0111731843575419,4,17,0.19047619047619047,0.8095238095238095,75,104,0.41899441340782123,0.5810055865921788,41,22,70,23,47,28,75,29
scenario1,200,scenario1__H200__eta-global_decay__states-endogenous,cfg_0739fea987606a25da0a,run_a29d33a380df7770,1,42,global_decay,global_decay_eta0_0p15_c_0p0005,False,0.35,0.85,0.15,0.0005,0.02,0.75,,,A,opposed_binary_state_preferences_v1,binary_stay_switch_a0_0p1_a1_0p9_v1,180,B,B,0.8078081451714937,0.807774474047174,0.859344050679693,0.8593443480458133,0.5859541092741977,0.5859533328313191,1.3206102877916237e-13,agreement,,,a0,a0,0,AI,a0,AI,0.13761467889908255,0.13761467889908255,True,True,1.0,0.0,0.4478952569579058,0.4478952569579058,3.603358443026803,3.874815933354082,3.874815933354082,6,174,0.03333333333333333,0.9666666666666667,157,21,2,0.8722222222222222,0.11666666666666667,0.011111111111111112,4,17,0.19047619047619047,0.8095238095238095,75,105,0.4166666666666667,0.5833333333333334,41,22,71,23,47,28,76,29
scenario1,200,scenario1__H200__eta-global_decay__states-endogenous,cfg_0739fea987606a25da0a,run_a29d33a380df7770,1,42,global_decay,global_decay_eta0_0p15_c_0p0005,False,0.35,0.85,0.15,0.0005,0.02,0.75,,,A,opposed_binary_state_preferences_v1,binary_stay_switch_a0_0p1_a1_0p9_v1,181,B,B,0.8078081451714937,0.807774474047174,0.8787003739806525,0.8787006304248298,0.5330850982674893,0.5330843656582916,1.1129985821867194e-13,agreement,,,a1,a0,0,AI,a0,AI,0.1375515818431912,0.1375515818431912,True,True,1.0,0.0,0.4589373518187477,0.4589373518187477,3.603358443026803,3.8857526382410157,3.8857526382410157,6,175,0.03314917127071823,0.9668508287292817,158,21,2,0.8729281767955801,0.11602209944751381,0.011049723756906077,4,17,0.19047619047619047,0.8095238095238095,75,106,0.4143646408839779,0.585635359116022,41,22,72,23,47,28,77,29
scenario1,200,scenario1__H200__eta-global_decay__states-endogenous,cfg_0739fea987606a25da0a,run_a29d33a380df7770,1,42,global_decay,global_decay_eta0_0p15_c_0p0005,False,0.35,0.85,0.15,0.0005,0.02,0.75,,,A,opposed_binary_state_preferences_v1,binary_stay_switch_a0_0p1_a1_0p9_v1,182,B,B,0.8078081451714937,0.807774474047174,0.8953853294166013,0.8953855505864763,0.48345535352545344,0.48345466846830865,9.409140133698202e-14,agreement,,,a1,a0,0,AI,a0,AI,0.13748854262144822,0.13748854262144822,True,True,1.0,0.0,0.46975860478237275,0.46975860478237275,3.603358443026803,3.893134914039696,3.893134914039696,6,176,0.03296703296703297,0.967032967032967,159,21,2,0.8736263736263736,0.11538461538461539,0.01098901098901099,4,17,0.19047619047619047,0.8095238095238095,75,107,0.41208791208791207,0.5879120879120879,41,22,73,23,47,28,78,29
scenario1,200,scenario1__H200__eta-global_decay__states-endogenous,cfg_0739fea987606a25da0a,run_a29d33a380df7770,1,42,global_decay,global_decay_eta0_0p15_c_0p0005,False,0.35,0.85,0.15,0.0005,0.02,0.75,,,A,opposed_binary_state_preferences_v1,binary_stay_switch_a0_0p1_a1_0p9_v1,183,B,B,0.8078081451714937,0.807774474047174,0.9097686480119357,0.9097688387734869,0.43724156878541265,0.4372409328244222,7.999156892424253e-14,agreement,,,a0,a0,0,AI,a0,AI,0.1374255611543747,0.1374255611543747,True,True,1.0,0.0,0.4803634326867253,0.4803634326867253,3.603358443026803,3.898117950203805,3.898117950203805,6,177,0.03278688524590164,0.9672131147540983,160,21,2,0.8743169398907104,0.11475409836065574,0.01092896174863388,4,17,0.19047619047619047,0.8095238095238095,75,108,0.4098360655737705,0.5901639344262295,41,22,74,23,47,28,79,29
scenario1,200,scenario1__H200__eta-global_decay__states-endogenous,cfg_0739fea987606a25da0a,run_a29d33a380df7770,1,42,global_decay,global_decay_eta0_0p15_c_0p0005,False,0.35,0.85,0.15,0.0005,0.02,0.75,,,A,opposed_binary_state_preferences_v1,binary_stay_switch_a0_0p1_a1_0p9_v1,184,B,B,0.8078081451714937,0.807774474047174,0.9221687421926132,0.9221689067386514,0.39449100904353396,0.39449042217185093,6.80566714095221e-14,agreement,,,a0,a0,0,AI,a0,AI,0.13736263736263735,0.13736263736263735,True,True,1.0,0.0,0.4907561640329908,0.4907561640329908,3.603358443026803,3.9014814996145786,3.9014814996145786,6,178,0.03260869565217391,0.967391304347826,161,21,2,0.875,0.11413043478260869,0.010869565217391304,4,17,0.19047619047619047,0.8095238095238095,75,109,0.4076086956521739,0.592391304347826,41,22,75,23,47,28,80,29
scenario1,200,scenario1__H200__eta-global_decay__states-endogenous,cfg_0739fea987606a25da0a,run_a29d33a380df7770,1,42,global_decay,global_decay_eta0_0p15_c_0p0005,False,0.35,0.85,0.15,0.0005,0.02,0.75,,,A,opposed_binary_state_preferences_v1,binary_stay_switch_a0_0p1_a1_0p9_v1,185,B,A,0.8078081451714937,0.807774474047174,0.9328598490342873,0.9328599909778477,0.35515946446767926,0.35515892559111745,5.806466418789569e-14,agreement,,,a0,a0,0,AI,a0,AI,0.13729977116704806,0.13729977116704806,True,True,1.0,0.0,0.500941040752331,0.500941040752331,3.603358443026803,3.9037518954668506,3.9037518954668506,6,179,0.032432432432432434,0.9675675675675676,162,21,2,0.8756756756756757,0.11351351351351352,0.010810810810810811,4,17,0.19047619047619047,0.8095238095238095,75,110,0.40540540540540543,0.5945945945945946,41,22,76,23,47,28,81,29
scenario1,200,scenario1__H200__eta-global_decay__states-endogenous,cfg_0739fea987606a25da0a,run_a29d33a380df7770,1,42,global_decay,global_decay_eta0_0p15_c_0p0005,False,0.35,0.85,0.15,0.0005,0.02,0.75,,,A,opposed_binary_state_preferences_v1,binary_stay_switch_a0_0p1_a1_0p9_v1,186,A,A,0.8078081451714937,0.807774474047174,0.9420781763980007,0.9420782988527427,0.7060341981813066,0.7061039414861855,1.3168234280769298e-09,agreement,,,a0,a0,0,AI,a0,AI,0.1372369624885636,0.1372369624885636,True,True,0.0,0.0015220776187026463,0.29719028536214176,0.29719028536214176,2.725048341203106,3.9037518954668506,2.725048341203106,6,180,0.03225806451612903,0.967741935483871,163,21,2,0.8763440860215054,0.11290322580645161,0.010752688172043012,4,17,0.19047619047619047,0.8095238095238095,76,110,0.40860215053763443,0.5913978494623656,42,22,76,23,48,28,81,29
scenario1,200,scenario1__H200__eta-global_decay__states-endogenous,cfg_0739fea987606a25da0a,run_a29d33a380df7770,1,42,global_decay,global_decay_eta0_0p15_c_0p0005,False,0.35,0.85,0.15,0.0005,0.02,0.75,,,A,opposed_binary_state_preferences_v1,binary_stay_switch_a0_0p1_a1_0p9_v1,187,A,A,0.8341839715432009,0.8341549213417063,0.9420781763980007,0.9420782988527427,0.6480435376748364,0.6481112429642768,1.1001807243005146e-09,agreement,,,a0,a0,0,AI,a0,AI,0.13717421124828533,0.13717421124828533,True,True,0.0,0.0014916360663285934,0.31124647965489893,0.31124647965489893,2.1321890224721103,3.9037518954668506,2.1321890224721103,6,181,0.03208556149732621,0.9679144385026738,164,21,2,0.8770053475935828,0.11229946524064172,0.0106951871657754,4,17,0.19047619047619047,0.8095238095238095,77,110,0.4117647058823529,0.5882352941176471,43,22,76,23,49,28,81,29
scenario1,200,scenario1__H200__eta-global_decay__states-endogenous,cfg_0739fea987606a25da0a,run_a29d33a380df7770,1,42,global_decay,global_decay_eta0_0p15_c_0p0005,False,0.35,0.85,0.15,0.0005,0.02,0.75,,,A,opposed_binary_state_preferences_v1,binary_stay_switch_a0_0p1_a1_0p9_v1,188,A,A,0.8569296544590855,0.8569045891960676,0.9420781763980007,0.9420782988527427,0.5922236318579696,0.5922883580028648,9.240649911923526e-10,agreement,,,a0,a0,0,AI,a0,AI,0.13711151736745886,0.13711151736745886,True,True,0.0,0.0014618033450020215,0.32502155006180095,0.32502155006180095,1.7320089823286882,3.9037518954668506,1.7320089823286882,6,182,0.031914893617021274,0.9680851063829787,165,21,2,0.8776595744680851,0.11170212765957446,0.010638297872340425,4,17,0.19047619047619047,0.8095238095238095,78,110,0.4148936170212766,0.5851063829787234,44,22,76,23,50,28,81,29
scenario1,200,scenario1__H200__eta-global_decay__states-endogenous,cfg_0739fea987606a25da0a,run_a29d33a380df7770,1,42,global_decay,global_decay_eta0_0p15_c_0p0005,False,0.35,0.85,0.15,0.0005,0.02,0.75,,,A,opposed_binary_state_preferences_v1,binary_stay_switch_a0_0p1_a1_0p9_v1,189,A,A,0.876546246626487,0.8765246180997146,0.9420781763980007,0.9420782988527427,0.5392077557685055,0.5392689150854756,7.795188383674656e-10,agreement,,,a0,a0,0,AI,a0,AI,0.13704888076747374,0.13704888076747374,True,True,0.0,0.0014325672781019812,0.3385211190605649,0.3385211190605649,1.4618874552318784,3.9037518954668506,1.4618874552318784,6,183,0.031746031746031744,0.9682539682539683,166,21,2,0.8783068783068783,0.1111111111111111,0.010582010582010581,4,17,0.19047619047619047,0.8095238095238095,79,110,0.41798941798941797,0.582010582010582,45,22,76,23,51,28,81,29
scenario1,200,scenario1__H200__eta-global_decay__states-endogenous,cfg_0739fea987606a25da0a,run_a29d33a380df7770,1,42,global_decay,global_decay_eta0_0p15_c_0p0005,False,0.35,0.85,0.15,0.0005,0.02,0.75,,,A,opposed_binary_state_preferences_v1,binary_stay_switch_a0_0p1_a1_0p9_v1,190,A,A,0.8934654453528705,0.8934467809914852,0.9420781763980007,0.9420782988527427,0.4893738142782484,0.4894310755880165,6.599470969703702e-10,agreement,,,a0,a0,0,AI,a0,AI,0.136986301369863,0.136986301369863,True,True,0.0,0.0014039159325399415,0.35175069667935366,0.35175069667935366,1.2795554244415317,3.9037518954668506,1.2795554244415317,6,184,0.031578947368421054,0.968421052631579,167,21,2,0.8789473684210526,0.11052631578947368,0.010526315789473684,4,17,0.19047619047619047,0.8095238095238095,80,110,0.42105263157894735,0.5789473684210527,46,22,76,23,52,28,81,29
scenario1,200,scenario1__H200__eta-global_decay__states-endogenous,cfg_0739fea987606a25da0a,run_a29d33a380df7770,1,42,global_decay,global_decay_eta0_0p15_c_0p0005,False,0.35,0.85,0.15,0.0005,0.02,0.75,,,A,opposed_binary_state_preferences_v1,binary_stay_switch_a0_0p1_a1_0p9_v1,191,A,A,0.9080592199620664,0.9080431123625147,0.9420781763980007,0.9420782988527427,0.44291492521819087,0.44296814263974144,5.603890407268608e-10,agreement,,,a0,a0,0,AI,a0,AI,0.13692377909630307,0.13692377909630307,True,True,0.0,0.0013758376138891426,0.3647156827457666,0.3647156827457666,1.1564813036580477,3.9037518954668506,1.1564813036580477,6,185,0.031413612565445025,0.9685863874345549,168,21,2,0.8795811518324608,0.1099476439790576,0.010471204188481676,4,17,0.19047619047619047,0.8095238095238095,81,110,0.42408376963350786,0.5759162303664922,47,22,76,23,53,28,81,29
scenario1,200,scenario1__H200__eta-global_decay__states-endogenous,cfg_0739fea987606a25da0a,run_a29d33a380df7770,1,42,global_decay,global_decay_eta0_0p15_c_0p0005,False,0.35,0.85,0.15,0.0005,0.02,0.75,,,A,opposed_binary_state_preferences_v1,binary_stay_switch_a0_0p1_a1_0p9_v1,192,A,A,0.9206480990179222,0.9206341969317733,0.9420781763980007,0.9420782988527427,0.39989144626495077,0.39994060648647034,4.770442929569185e-10,agreement,,,a0,a0,0,AI,a0,AI,0.1368613138686131,0.1368613138686131,True,True,0.0,0.0013483208616113598,0.3774213690908513,0.3774213690908513,1.073406272129196,3.9037518954668506,1.073406272129196,6,186,0.03125,0.96875,169,21,2,0.8802083333333334,0.109375,0.010416666666666666,4,17,0.19047619047619047,0.8095238095238095,82,110,0.4270833333333333,0.5729166666666666,48,22,76,23,54,28,81,29
scenario1,200,scenario1__H200__eta-global_decay__states-endogenous,cfg_0739fea987606a25da0a,run_a29d33a380df7770,1,42,global_decay,global_decay_eta0_0p15_c_0p0005,False,0.35,0.85,0.15,0.0005,0.02,0.75,,,A,opposed_binary_state_preferences_v1,binary_stay_switch_a0_0p1_a1_0p9_v1,193,A,A,0.9315083044443015,0.9314963050159284,0.9420781763980007,0.9420782988527427,0.36026957705803553,0.3603147600894773,4.06954497877976e-10,agreement,,,a0,a0,0,AI,a0,AI,0.13679890560875513,0.13679890560875513,True,True,0.0,0.0013213544443791325,0.38987294170903425,0.38987294170903425,1.017330625847221,3.9037518954668506,1.017330625847221,6,187,0.031088082901554404,0.9689119170984456,170,21,2,0.8808290155440415,0.10880829015544041,0.010362694300518135,4,17,0.19047619047619047,0.8095238095238095,83,110,0.43005181347150256,0.5699481865284974,49,22,76,23,55,28,81,29
scenario1,200,scenario1__H200__eta-global_decay__states-endogenous,cfg_0739fea987606a25da0a,run_a29d33a380df7770,1,42,global_decay,global_decay_eta0_0p15_c_0p0005,False,0.35,0.85,0.15,0.0005,0.02,0.75,,,A,opposed_binary_state_preferences_v1,binary_stay_switch_a0_0p1_a1_0p9_v1,194,A,A,0.9408778934396091,0.9408675355199052,0.9420781763980007,0.9420782988527427,0.32395010778599936,0.32399145767466964,3.4778493973597335e-10,agreement,,,a0,a0,0,AI,a0,AI,0.13673655423883319,0.13673655423883319,True,True,0.0,0.0012949273554915498,0.40207548287485356,0.40207548287485356,0.979479564606888,3.9037518954668506,0.979479564606888,6,188,0.030927835051546393,0.9690721649484536,171,21,2,0.8814432989690721,0.10824742268041238,0.010309278350515464,4,17,0.19047619047619047,0.8095238095238095,84,110,0.4329896907216495,0.5670103092783505,50,22,76,23,56,28,81,29
scenario1,200,scenario1__H200__eta-global_decay__states-endogenous,cfg_0739fea987606a25da0a,run_a29d33a380df7770,1,42,global_decay,global_decay_eta0_0p15_c_0p0005,False,0.35,0.85,0.15,0.0005,0.02,0.75,,,A,opposed_binary_state_preferences_v1,binary_stay_switch_a0_0p1_a1_0p9_v1,195,A,B,0.9489620465700181,0.9489531049565636,0.9420781763980007,0.9420782988527427,0.29078985331932095,0.29082755630161705,2.9767222020637973e-10,agreement,,,a0,a0,0,AI,a0,AI,0.1366742596810934,0.1366742596810934,True,True,0.0,0.0012690288083817187,0.4140339732173565,0.4140339732173565,0.9539300982696632,3.9037518954668506,0.9539300982696632,6,189,0.03076923076923077,0.9692307692307692,172,21,2,0.882051282051282,0.1076923076923077,0.010256410256410256,4,17,0.19047619047619047,0.8095238095238095,85,110,0.4358974358974359,0.5641025641025641,51,22,76,23,57,28,81,29
scenario1,200,scenario1__H200__eta-global_decay__states-endogenous,cfg_0739fea987606a25da0a,run_a29d33a380df7770,1,42,global_decay,global_decay_eta0_0p15_c_0p0005,False,0.35,0.85,0.15,0.0005,0.02,0.75,,,A,opposed_binary_state_preferences_v1,binary_stay_switch_a0_0p1_a1_0p9_v1,196,B,B,0.955937621070699,0.9559299015456437,0.9420781763980007,0.9420782988527427,0.319139490707467,0.31913899799006,4.951594689828198e-14,agreement,,,a0,a0,0,AI,a0,AI,0.13661202185792348,0.13661202185792348,True,True,1.0,0.0,0.42111919620762256,0.42111919620762256,0.9539300982696632,3.706577286810349,3.706577286810349,6,190,0.030612244897959183,0.9693877551020408,173,21,2,0.8826530612244898,0.10714285714285714,0.01020408163265306,4,17,0.19047619047619047,0.8095238095238095,85,111,0.4336734693877551,0.5663265306122449,51,22,77,23,57,28,82,29
scenario1,200,scenario1__H200__eta-global_decay__states-endogenous,cfg_0739fea987606a25da0a,run_a29d33a380df7770,1,42,global_decay,global_decay_eta0_0p15_c_0p0005,False,0.35,0.85,0.15,0.0005,0.02,0.75,,,A,opposed_binary_state_preferences_v1,binary_stay_switch_a0_0p1_a1_0p9_v1,197,B,B,0.955937621070699,0.9559299015456437,0.9499909938299678,0.9499910995559198,0.2864352134417219,0.2864347643542896,4.243827511629661e-14,agreement,,,a0,a0,0,AI,a0,AI,0.13654984069185253,0.13654984069185253,True,True,1.0,0.0,0.4326968122834701,0.4326968122834701,0.9539300982696632,3.5734844259672105,3.5734844259672105,6,191,0.030456852791878174,0.9695431472081218,174,21,2,0.883248730964467,0.1065989847715736,0.01015228426395939,4,17,0.19047619047619047,0.8095238095238095,85,112,0.43147208121827413,0.5685279187817259,51,22,78,23,57,28,83,29
scenario1,200,scenario1__H200__eta-global_decay__states-endogenous,cfg_0739fea987606a25da0a,run_a29d33a380df7770,1,42,global_decay,global_decay_eta0_0p15_c_0p0005,False,0.35,0.85,0.15,0.0005,0.02,0.75,,,A,opposed_binary_state_preferences_v1,binary_stay_switch_a0_0p1_a1_0p9_v1,198,B,B,0.955937621070699,0.9559299015456437,0.9568197156556436,0.9568198069447337,0.2566883192825784,0.2566879112382326,3.6387559632089506e-14,agreement,,,a0,a0,0,AI,a0,AI,0.1364877161055505,0.1364877161055505,True,True,1.0,0.0,0.44404287603780074,0.44404287603780074,0.9539300982696632,3.483646744898092,3.483646744898092,6,192,0.030303030303030304,0.9696969696969697,175,21,2,0.8838383838383839,0.10606060606060606,0.010101010101010102,4,17,0.19047619047619047,0.8095238095238095,85,113,0.4292929292929293,0.5707070707070707,51,22,79,23,57,28,84,29
scenario1,200,scenario1__H200__eta-global_decay__states-endogenous,cfg_0739fea987606a25da0a,run_a29d33a380df7770,1,42,global_decay,global_decay_eta0_0p15_c_0p0005,False,0.35,0.85,0.15,0.0005,0.02,0.75,,,A,opposed_binary_state_preferences_v1,binary_stay_switch_a0_0p1_a1_0p9_v1,199,B,B,0.955937621070699,0.9559299015456437,0.962713294046593,0.9627133728758438,0.2297104396129991,0.2297100698742885,3.1211144779774713e-14,agreement,,,a0,a0,0,AI,a0,AI,0.1364256480218281,0.1364256480218281,True,True,1.0,0.0,0.45516201851704474,0.45516201851704474,0.9539300982696632,3.423006310176437,3.423006310176437,6,193,0.03015075376884422,0.9698492462311558,176,21,2,0.8844221105527639,0.10552763819095477,0.010050251256281407,4,17,0.19047619047619047,0.8095238095238095,85,114,0.4271356783919598,0.5728643216080402,51,22,80,23,57,28,85,29
scenario1,200,scenario1__H200__eta-global_decay__states-endogenous,cfg_0739fea987606a25da0a,run_a29d33a380df7770,1,42,global_decay,global_decay_eta0_0p15_c_0p0005,False,0.35,0.85,0.15,0.0005,0.02,0.75,,,A,opposed_binary_state_preferences_v1,binary_stay_switch_a0_0p1_a1_0p9_v1,200,B,A,0.955937621070699,0.9559299015456437,0.967800157068886,0.967800225143805,0.20530674286393452,0.20530640864431982,2.67841304690819e-14,agreement,,,a0,a1,0,AI,a1,AI,0.13636363636363635,0.13636363636363635,True,True,0.0,0.00125879449351365,0.09378410796804101,0.09378410796804101,0.9539300982696632,3.3820740167393195,3.3820740167393195,6,194,0.03,0.97,177,21,2,0.885,0.105,0.01,4,17,0.19047619047619047,0.8095238095238095,85,115,0.425,0.575,51,22,80,24,57,28,85,30
scenario1,200,scenario1__H200__eta-global_decay__states-exogenous,cfg_3734ec426b4dcce1d840,run_8e3a03a8d67ee4bf,1,42,global_decay,global_decay_eta0_0p15_c_0p0005,True,0.35,0.85,0.15,0.0005,0.1,0.1,0.99,0.01,A,opposed_binary_state_preferences_v1,binary_stay_switch_a0_0p1_a1_0p9_v1__exogenous,1,A,A,0.99,0.01,0.01,0.99,0.08079313589591118,0.08079313589591118,0.9192068641040889,disagreement,,,a0,a1,1,H,a0,H,0.0,0.14992503748125938,False,True,1.0,0.1,0.0,0.1,1.0,0.0,1.0,1,0,1.0,0.0,0,0,1,0.0,0.0,1.0,0,0,,,1,0,1.0,0.0,0,0,0,0,1,0,0,0
scenario1,200,scenario1__H200__eta-global_decay__states-exogenous,cfg_3734ec426b4dcce1d840,run_8e3a03a8d67ee4bf,1,42,global_decay,global_decay_eta0_0p15_c_0p0005,True,0.35,0.85,0.15,0.0005,0.1,0.1,0.99,0.01,A,opposed_binary_state_preferences_v1,binary_stay_switch_a0_0p1_a1_0p9_v1__exogenous,2,A,A,0.99,0.15842578710644678,0.01,0.99,0.08079313589591118,0.6305302015836717,0.6283880218502085,contextual,0.556776043700417,0.443223956299583,a0,a1,1,H,a0,H,0.0,0.14985014985014986,False,True,1.0,0.19,0.0,0.19,1.099,0.0,1.099,2,0,1.0,0.0,0,1,1,0.0,0.5,0.5,1,0,1.0,0.0,2,0,1.0,0.0,0,0,0,0,2,0,0,0
scenario1,200,scenario1__H200__eta-global_decay__states-exogenous,cfg_3734ec426b4dcce1d840,run_8e3a03a8d67ee4bf,1,42,global_decay,global_decay_eta0_0p15_c_0p0005,True,0.35,0.85,0.15,0.0005,0.1,0.1,0.99,0.01,A,opposed_binary_state_preferences_v1,binary_stay_switch_a0_0p1_a1_0p9_v1__exogenous,3,A,A,0.99,0.2845358090185677,0.01,0.99,0.08079313589591118,0.8615577941709665,0.47375222434192144,contextual,0.24750444868384291,0.7524955513161571,a0,a0,0,AI,a0,AI,0.0,0.14977533699450823,False,True,0.0,0.171,0.1,0.1,0.108801,0.0,0.108801,2,1,0.6666666666666666,0.3333333333333333,0,2,1,0.0,0.6666666666666666,0.3333333333333333,1,1,0.5,0.5,3,0,1.0,0.0,0,0,0,0,3,0,0,0
scenario1,200,scenario1__H200__eta-global_decay__states-exogenous,cfg_3734ec426b4dcce1d840,run_8e3a03a8d67ee4bf,1,42,global_decay,global_decay_eta0_0p15_c_0p0005,True,0.35,0.85,0.15,0.0005,0.1,0.1,0.99,0.01,A,opposed_binary_state_preferences_v1,binary_stay_switch_a0_0p1_a1_0p9_v1__exogenous,4,A,A,0.99,0.3916946993303149,0.01,0.99,0.08079313589591118,0.9658844936859248,0.3688541014429132,contextual,0.037708202885826436,0.9622917971141736,a0,a1,0,AI,a1,AI,0.0,0.1497005988023952,False,True,1.0,0.0,0.1,0.1,1.010771299,0.0,1.010771299,2,2,0.5,0.5,0,3,1,0.0,0.75,0.25,1,2,0.3333333333333333,0.6666666666666666,4,0,1.0,0.0,0,0,0,0,3,1,0,0
scenario1,200,scenario1__H200__eta-global_decay__states-exogenous,cfg_3734ec426b4dcce1d840,run_8e3a03a8d67ee4bf,1,42,global_decay,global_decay_eta0_0p15_c_0p0005,True,0.35,0.85,0.15,0.0005,0.1,0.1,0.99,0.01,A,opposed_binary_state_preferences_v1,binary_stay_switch_a0_0p1_a1_0p9_v1__exogenous,5,A,A,0.99,0.33305776829284267,0.01,0.99,0.08079313589591118,0.9180200224866142,0.4239415692476515,contextual,0.147883138495303,0.852116861504697,a0,a1,0,AI,a1,AI,0.0,0.14962593516209477,False,True,1.0,0.0,0.19,0.19,1.100066358601,0.0,1.100066358601,2,3,0.4,0.6,0,4,1,0.0,0.8,0.2,1,3,0.25,0.75,5,0,1.0,0.0,0,0,0,0,3,2,0,0
scenario1,200,scenario1__H200__eta-global_decay__states-exogenous,cfg_3734ec426b4dcce1d840,run_8e3a03a8d67ee4bf,1,42,global_decay,global_decay_eta0_0p15_c_0p0005,True,0.35,0.85,0.15,0.0005,0.1,0.1,0.99,0.01,A,opposed_binary_state_preferences_v1,binary_stay_switch_a0_0p1_a1_0p9_v1__exogenous,6,A,A,0.99,0.28322368824902583,0.01,0.99,0.08079313589591118,0.8598062139578703,0.475160045852756,contextual,0.25032009170551206,0.7496799082944879,a0,a0,0,AI,a0,AI,0.0,0.14955134596211367,False,True,0.0,0.12465900000000002,0.17290000000000003,0.17290000000000003,0.108906569501499,0.0,0.108906569501499,2,4,0.3333333333333333,0.6666666666666666,0,5,1,0.0,0.8333333333333334,0.16666666666666666,1,4,0.2,0.8,6,0,1.0,0.0,0,0,0,0,4,2,0,0
scenario1,200,scenario1__H200__eta-global_decay__states-exogenous,cfg_3734ec426b4dcce1d840,run_8e3a03a8d67ee4bf,1,42,global_decay,global_decay_eta0_0p15_c_0p0005,True,0.35,0.85,0.15,0.0005,0.1,0.1,0.99,0.01,A,opposed_binary_state_preferences_v1,binary_stay_switch_a0_0p1_a1_0p9_v1__exogenous,7,A,A,0.99,0.3904185504251436,0.01,0.99,0.08079313589591118,0.9650691226769889,0.3700006091086739,contextual,0.04000121821734781,0.9599987817826522,a0,a1,0,AI,a1,AI,0.0,0.14947683109118085,False,True,1.0,0.0,0.2539,0.2539,1.0107817503806484,0.0,1.0107817503806484,2,5,0.2857142857142857,0.7142857142857143,0,6,1,0.0,0.8571428571428571,0.14285714285714285,1,5,0.16666666666666666,0.8333333333333334,7,0,1.0,0.0,0,0,0,0,4,3,0,0
scenario1,200,scenario1__H200__eta-global_decay__states-exogenous,cfg_3734ec426b4dcce1d840,run_8e3a03a8d67ee4bf,1,42,global_decay,global_decay_eta0_0p15_c_0p0005,True,0.35,0.85,0.15,0.0005,0.1,0.1,0.99,0.01,A,opposed_binary_state_preferences_v1,binary_stay_switch_a0_0p1_a1_0p9_v1__exogenous,8,A,A,0.99,0.33206002270838075,0.01,0.99,0.08079313589591118,0.9170172571612023,0.4249244462860602,contextual,0.14984889257212042,0.8501511074278796,a0,a1,0,AI,a1,AI,0.0,0.14940239043824702,False,True,1.0,0.0,0.32851,0.32851,1.100067393287684,0.0,1.100067393287684,2,6,0.25,0.75,0,7,1,0.0,0.875,0.125,1,6,0.14285714285714285,0.8571428571428571,8,0,1.0,0.0,0,0,0,0,4,4,0,0
scenario1,200,scenario1__H200__eta-global_decay__states-exogenous,cfg_3734ec426b4dcce1d840,run_8e3a03a8d67ee4bf,1,42,global_decay,global_decay_eta0_0p15_c_0p0005,True,0.35,0.85,0.15,0.0005,0.1,0.1,0.99,0.01,A,opposed_binary_state_preferences_v1,binary_stay_switch_a0_0p1_a1_0p9_v1__exogenous,9,A,A,0.99,0.2824494615467701,0.01,0.99,0.08079313589591118,0.8587669434413014,0.4759923509006714,contextual,0.2519847018013428,0.7480152981986572,a0,a1,0,AI,a1,AI,0.0,0.1493280238924838,False,True,1.0,0.0,0.395659,0.395659,1.1089066719354808,0.0,1.1089066719354808,2,7,0.2222222222222222,0.7777777777777778,0,8,1,0.0,0.8888888888888888,0.1111111111111111,1,7,0.125,0.875,9,0,1.0,0.0,0,0,0,0,4,5,0,0
scenario1,200,scenario1__H200__eta-global_decay__states-exogenous,cfg_3734ec426b4dcce1d840,run_8e3a03a8d67ee4bf,1,42,global_decay,global_decay_eta0_0p15_c_0p0005,True,0.35,0.85,0.15,0.0005,0.1,0.1,0.99,0.01,A,opposed_binary_state_preferences_v1,binary_stay_switch_a0_0p1_a1_0p9_v1__exogenous,10,A,A,0.99,0.24027184160449483,0.01,0.99,0.08079313589591118,0.7954920502892391,0.5232624559580166,contextual,0.3465249119160332,0.6534750880839668,a0,a1,0,AI,a1,AI,0.0,0.1492537313432836,False,True,1.0,0.0,0.45609310000000003,0.45609310000000003,1.1097817605216127,0.0,1.1097817605216127,2,8,0.2,0.8,0,9,1,0.0,0.9,0.1,1,8,0.1111111111111111,0.8888888888888888,10,0,1.0,0.0,0,0,0,0,4,6,0,0
scenario1,200,scenario1__H200__eta-global_decay__states-exogenous,cfg_3734ec426b4dcce1d840,run_8e3a03a8d67ee4bf,1,42,global_decay,global_decay_eta0_0p15_c_0p0005,True,0.35,0.85,0.15,0.0005,0.1,0.1,0.99,0.01,A,opposed_binary_state_preferences_v1,binary_stay_switch_a0_0p1_a1_0p9_v1__exogenous,11,A,A,0.99,0.20441037270830156,0.01,0.99,0.08079313589591118,0.7306616229998357,0.5668346174578234,contextual,0.4336692349156468,0.5663307650843532,a0,a1,0,AI,a1,AI,0.0,0.14917951268025856,False,True,1.0,0.0,0.51048379,0.51048379,1.1098683942916396,0.0,1.1098683942916396,2,9,0.18181818181818182,0.8181818181818182,0,10,1,0.0,0.9090909090909091,0.09090909090909091,1,9,0.1,0.9,11,0,1.0,0.0,0,0,0,0,4,7,0,0
scenario1,200,scenario1__H200__eta-global_decay__states-exogenous,cfg_3734ec426b4dcce1d840,run_8e3a03a8d67ee4bf,1,42,global_decay,global_decay_eta0_0p15_c_0p0005,True,0.35,0.85,0.15,0.0005,0.1,0.1,0.99,0.01,A,opposed_binary_state_preferences_v1,binary_stay_switch_a0_0p1_a1_0p9_v1__exogenous,12,A,A,0.99,0.17391653292088713,0.01,0.99,0.08079313589591118,0.6665862019478707,0.6068409722351371,contextual,0.5136819444702743,0.48631805552972573,a0,a1,1,H,a0,H,0.0,0.14910536779324055,False,True,1.0,0.16624890361900002,0.09188614890000003,0.16624890361900002,1.1098769710348724,0.0,1.1098769710348724,3,9,0.25,0.75,0,11,1,0.0,0.9166666666666666,0.08333333333333333,2,9,0.18181818181818182,0.8181818181818182,12,0,1.0,0.0,0,0,0,0,5,7,0,0
scenario1,200,scenario1__H200__eta-global_decay__states-exogenous,cfg_3734ec426b4dcce1d840,run_8e3a03a8d67ee4bf,1,42,global_decay,global_decay_eta0_0p15_c_0p0005,True,0.35,0.85,0.15,0.0005,0.1,0.1,0.99,0.01,A,opposed_binary_state_preferences_v1,binary_stay_switch_a0_0p1_a1_0p9_v1__exogenous,13,A,A,0.99,0.2970900121076335,0.01,0.99,0.08079313589591118,0.8777046104146355,0.4604522926340102,contextual,0.22090458526802048,0.7790954147319795,a0,a0,0,AI,a0,AI,0.0,0.14903129657228018,False,True,0.0,0.14962401325710004,0.18269753401000005,0.18269753401000005,0.10987782013245236,0.0,0.10987782013245236,3,10,0.23076923076923078,0.7692307692307693,0,12,1,0.0,0.9230769230769231,0.07692307692307693,2,10,0.16666666666666666,0.8333333333333334,13,0,1.0,0.0,0,0,0,0,6,7,0,0
scenario1,200,scenario1__H200__eta-global_decay__states-exogenous,cfg_3734ec426b4dcce1d840,run_8e3a03a8d67ee4bf,1,42,global_decay,global_decay_eta0_0p15_c_0p0005,True,0.35,0.85,0.15,0.0005,0.1,0.1,0.99,0.01,A,opposed_binary_state_preferences_v1,binary_stay_switch_a0_0p1_a1_0p9_v1__exogenous,14,A,A,0.99,0.4018455989768387,0.01,0.99,0.08079313589591118,0.9720199680362421,0.35981133102561474,contextual,0.019622662051229534,0.9803773379487705,a0,a1,0,AI,a1,AI,0.0,0.14895729890764647,False,True,1.0,0.0,0.47214268291000006,0.47214268291000006,1.0108779041931129,0.0,1.0108779041931129,3,11,0.21428571428571427,0.7857142857142857,0,13,1,0.0,0.9285714285714286,0.07142857142857142,2,11,0.15384615384615385,0.8461538461538461,14,0,1.0,0.0,0,0,0,0,6,8,0,0
scenario1,200,scenario1__H200__eta-global_decay__states-exogenous,cfg_3734ec426b4dcce1d840,run_8e3a03a8d67ee4bf,1,42,global_decay,global_decay_eta0_0p15_c_0p0005,True,0.35,0.85,0.15,0.0005,0.1,0.1,0.99,0.01,A,opposed_binary_state_preferences_v1,binary_stay_switch_a0_0p1_a1_0p9_v1__exogenous,15,A,A,0.99,0.34198776397532354,0.01,0.99,0.08079313589591118,0.9267081690494534,0.4152164974585051,contextual,0.13043299491701021,0.8695670050829898,a0,a1,0,AI,a1,AI,0.0,0.1488833746898263,False,True,1.0,0.0,0.5249284146190001,0.5249284146190001,1.1000769125151182,0.0,1.1000769125151182,3,12,0.2,0.8,0,14,1,0.0,0.9333333333333333,0.06666666666666667,2,12,0.14285714285714285,0.8571428571428571,15,0,1.0,0.0,0,0,0,0,6,9,0,0
scenario1,200,scenario1__H200__eta-global_decay__states-exogenous,cfg_3734ec426b4dcce1d840,run_8e3a03a8d67ee4bf,1,42,global_decay,global_decay_eta0_0p15_c_0p0005,True,0.35,0.85,0.15,0.0005,0.1,0.1,0.99,0.01,A,opposed_binary_state_preferences_v1,binary_stay_switch_a0_0p1_a1_0p9_v1__exogenous,16,A,A,0.99,0.2910714715720496,0.01,0.99,0.08079313589591118,0.8701013178738476,0.4667903626998073,contextual,0.2335807253996146,0.7664192746003854,a0,a0,0,AI,a0,AI,0.0,0.1488095238095238,False,True,0.0,0.10907590566442593,0.23318650229329005,0.23318650229329005,0.1089076143389967,0.0,0.1089076143389967,3,13,0.1875,0.8125,0,15,1,0.0,0.9375,0.0625,2,13,0.13333333333333333,0.8666666666666667,16,0,1.0,0.0,0,0,0,0,7,9,0,0
scenario1,200,scenario1__H200__eta-global_decay__states-exogenous,cfg_3734ec426b4dcce1d840,run_8e3a03a8d67ee4bf,1,42,global_decay,global_decay_eta0_0p15_c_0p0005,True,0.35,0.85,0.15,0.0005,0.1,0.1,0.99,0.01,A,opposed_binary_state_preferences_v1,binary_stay_switch_a0_0p1_a1_0p9_v1__exogenous,17,A,A,0.99,0.39656678830239933,0.01,0.99,0.08079313589591118,0.9689068332220054,0.3644969320205049,contextual,0.028993864041009898,0.9710061359589901,a0,a0,0,AI,a0,AI,0.0,0.1487357461576599,False,True,0.0,0.09816831509798334,0.30986785206396106,0.30986785206396106,0.010781853819560674,0.0,0.010781853819560674,3,14,0.17647058823529413,0.8235294117647058,0,16,1,0.0,0.9411764705882353,0.058823529411764705,2,14,0.125,0.875,17,0,1.0,0.0,0,0,0,0,8,9,0,0
scenario1,200,scenario1__H200__eta-global_decay__states-exogenous,cfg_3734ec426b4dcce1d840,run_8e3a03a8d67ee4bf,1,42,global_decay,global_decay_eta0_0p15_c_0p0005,True,0.35,0.85,0.15,0.0005,0.1,0.1,0.99,0.01,A,opposed_binary_state_preferences_v1,binary_stay_switch_a0_0p1_a1_0p9_v1__exogenous,18,A,A,0.99,0.48631887730055506,0.01,0.99,0.08079313589591118,0.9994598651299016,0.28938462247126884,agreement,,,a0,a1,0,AI,a1,AI,0.14866204162537167,0.14866204162537167,True,True,1.0,0.0,0.48267281425725106,0.48267281425725106,1.0010674035281366,0.0,1.0010674035281366,3,15,0.16666666666666666,0.8333333333333334,1,16,1,0.05555555555555555,0.8888888888888888,0.05555555555555555,2,14,0.125,0.875,18,0,1.0,0.0,0,1,0,0,8,10,0,0
scenario1,200,scenario1__H200__eta-global_decay__states-exogenous,cfg_3734ec426b4dcce1d840,run_8e3a03a8d67ee4bf,1,42,global_decay,global_decay_eta0_0p15_c_0p0005,True,0.35,0.85,0.15,0.0005,0.1,0.1,0.99,0.01,A,opposed_binary_state_preferences_v1,binary_stay_switch_a0_0p1_a1_0p9_v1__exogenous,19,A,A,0.842824578790882,0.4140217201200959,0.01,0.99,0.6275092391110474,0.9785640538055779,0.14883850389619896,agreement,,,a0,a1,0,AI,a1,AI,0.14858841010401186,0.14858841010401186,True,True,1.0,0.0,0.5344055328315259,0.5344055328315259,1.0991056729492856,0.0,1.0991056729492856,3,16,0.15789473684210525,0.8421052631578947,2,16,1,0.10526315789473684,0.8421052631578947,0.05263157894736842,2,14,0.125,0.875,19,0,1.0,0.0,0,2,0,0,8,11,0,0
scenario1,200,scenario1__H200__eta-global_decay__states-exogenous,cfg_3734ec426b4dcce1d840,run_8e3a03a8d67ee4bf,1,42,global_decay,global_decay_eta0_0p15_c_0p0005,True,0.35,0.85,0.15,0.0005,0.1,0.1,0.99,0.01,A,opposed_binary_state_preferences_v1,binary_stay_switch_a0_0p1_a1_0p9_v1__exogenous,20,A,A,0.7175906146317614,0.35250289097892273,0.01,0.99,0.8587130317500445,0.936283507882002,0.09895477025607324,agreement,,,a0,a0,0,AI,a0,AI,0.1485148514851485,0.1485148514851485,True,True,0.0,0.07156470170642985,0.32589366415462767,0.32589366415462767,0.10881146162197929,0.0,0.10881146162197929,3,17,0.15,0.85,3,16,1,0.15,0.8,0.05,2,14,0.125,0.875,20,0,1.0,0.0,1,2,0,0,9,11,0,0
scenario1,200,scenario1__H200__eta-global_decay__states-exogenous,cfg_3734ec426b4dcce1d840,run_8e3a03a8d67ee4bf,1,42,global_decay,global_decay_eta0_0p15_c_0p0005,True,0.35,0.85,0.15,0.0005,0.1,0.1,0.99,0.01,A,opposed_binary_state_preferences_v1,binary_stay_switch_a0_0p1_a1_0p9_v1__exogenous,21,A,A,0.7595326025577375,0.4486658279622511,0.01,0.99,0.7958166814038656,0.99238301349886,0.07440229655128827,agreement,,,a0,a1,0,AI,a1,AI,0.14844136566056407,0.14844136566056407,True,True,1.0,0.0,0.5328684815935361,0.5328684815935361,1.010772334700576,0.0,1.010772334700576,3,18,0.14285714285714285,0.8571428571428571,4,16,1,0.19047619047619047,0.7619047619047619,0.047619047619047616,2,14,0.125,0.875,21,0,1.0,0.0,1,3,0,0,9,12,0,0
scenario1,200,scenario1__H200__eta-global_decay__states-exogenous,cfg_3734ec426b4dcce1d840,run_8e3a03a8d67ee4bf,1,42,global_decay,global_decay_eta0_0p15_c_0p0005,True,0.35,0.85,0.15,0.0005,0.1,0.1,0.99,0.01,A,opposed_binary_state_preferences_v1,binary_stay_switch_a0_0p1_a1_0p9_v1__exogenous,22,A,A,0.6467865457703444,0.38206525973430683,0.01,0.99,0.9369052462312828,0.9594876005821176,0.05120302433561974,agreement,,,a0,a1,0,AI,a1,AI,0.1483679525222552,0.1483679525222552,True,True,1.0,0.0,0.5795816334341825,0.5795816334341825,1.100066461135357,0.0,1.100066461135357,3,19,0.13636363636363635,0.8636363636363636,5,16,1,0.22727272727272727,0.7272727272727273,0.045454545454545456,2,14,0.125,0.875,22,0,1.0,0.0,1,4,0,0,9,13,0,0
scenario1,200,scenario1__H200__eta-global_decay__states-exogenous,cfg_3734ec426b4dcce1d840,run_8e3a03a8d67ee4bf,1,42,global_decay,global_decay_eta0_0p15_c_0p0005,True,0.35,0.85,0.15,0.0005,0.1,0.1,0.99,0.01,A,opposed_binary_state_preferences_v1,binary_stay_switch_a0_0p1_a1_0p9_v1__exogenous,23,A,A,0.5508241502554565,0.3253790194176441,0.01,0.99,0.9925338771932387,0.9101353064434882,0.037581872429568564,agreement,,,a0,a0,0,AI,a0,AI,0.14829461196243202,0.14829461196243202,True,True,0.0,0.052170667543987366,0.3375764811687236,0.3375764811687236,0.10890657965240035,0.0,0.10890657965240035,3,20,0.13043478260869565,0.8695652173913043,6,16,1,0.2608695652173913,0.6956521739130435,0.043478260869565216,2,14,0.125,0.875,23,0,1.0,0.0,2,4,0,0,10,13,0,0
scenario1,200,scenario1__H200__eta-global_decay__states-exogenous,cfg_3734ec426b4dcce1d840,run_8e3a03a8d67ee4bf,1,42,global_decay,global_decay_eta0_0p15_c_0p0005,True,0.35,0.85,0.15,0.0005,0.1,0.1,0.99,0.01,A,opposed_binary_state_preferences_v1,binary_stay_switch_a0_0p1_a1_0p9_v1__exogenous,24,A,A,0.6174345085962193,0.42542167595481994,0.01,0.99,0.9598338145524945,0.9838916303166552,0.026812006948535805,agreement,,,a0,a0,0,AI,a0,AI,0.1482213438735178,0.1482213438735178,True,True,0.0,0.04695360078958863,0.4038188330518512,0.4038188330518512,0.010781751385587636,0.0,0.010781751385587636,3,21,0.125,0.875,7,16,1,0.2916666666666667,0.6666666666666666,0.041666666666666664,2,14,0.125,0.875,24,0,1.0,0.0,3,4,0,0,11,13,0,0
scenario1,200,scenario1__H200__eta-global_decay__states-exogenous,cfg_3734ec426b4dcce1d840,run_8e3a03a8d67ee4bf,1,42,global_decay,global_decay_eta0_0p15_c_0p0005,True,0.35,0.85,0.15,0.0005,0.1,0.1,0.99,0.01,A,opposed_binary_state_preferences_v1,binary_stay_switch_a0_0p1_a1_0p9_v1__exogenous,25,A,A,0.6741388798517204,0.5105864473053902,0.01,0.99,0.910641691590292,0.9996766018971244,0.020084052601444746,agreement,,,a0,a0,0,AI,a0,AI,0.14814814814814814,0.14814814814814814,True,True,0.0,0.042258240710629766,0.46343694974666605,0.46343694974666605,0.001067393387173176,0.0,0.001067393387173176,3,22,0.12,0.88,8,16,1,0.32,0.64,0.04,2,14,0.125,0.875,25,0,1.0,0.0,4,4,0,0,12,13,0,0
scenario1,200,scenario1__H200__eta-global_decay__states-exogenous,cfg_3734ec426b4dcce1d840,run_8e3a03a8d67ee4bf,1,42,global_decay,global_decay_eta0_0p15_c_0p0005,True,0.35,0.85,0.15,0.0005,0.1,0.1,0.99,0.01,A,opposed_binary_state_preferences_v1,binary_stay_switch_a0_0p1_a1_0p9_v1__exogenous,26,A,A,0.7224146013551692,0.5830921588157028,0.01,0.99,0.8521398486860599,0.9799856566172895,0.015522233710211886,agreement,,,a0,a1,0,AI,a1,AI,0.1480750246791708,0.1480750246791708,True,True,1.0,0.0,0.48026350969616716,0.48026350969616716,1.00010567194533,0.0,1.00010567194533,3,23,0.11538461538461539,0.8846153846153846,9,16,1,0.34615384615384615,0.6153846153846154,0.038461538461538464,2,14,0.125,0.875,26,0,1.0,0.0,4,5,0,0,12,14,0,0
scenario1,200,scenario1__H200__eta-global_decay__states-exogenous,cfg_3734ec426b4dcce1d840,run_8e3a03a8d67ee4bf,1,42,global_decay,global_decay_eta0_0p15_c_0p0005,True,0.35,0.85,0.15,0.0005,0.1,0.1,0.99,0.01,A,opposed_binary_state_preferences_v1,binary_stay_switch_a0_0p1_a1_0p9_v1__exogenous,27,A,A,0.6154430414309092,0.4967507730088366,0.01,0.99,0.9611969772585451,0.9999695373489373,0.010317669987753686,agreement,,,a1,a1,0,AI,a1,AI,0.14800197335964477,0.14800197335964477,True,True,1.0,0.0,0.5322371587265504,0.5322371587265504,1.0990104615225877,0.0,1.0990104615225877,3,24,0.1111111111111111,0.8888888888888888,10,16,1,0.37037037037037035,0.5925925925925926,0.037037037037037035,2,14,0.125,0.875,27,0,1.0,0.0,4,6,0,0,12,15,0,0
scenario1,200,scenario1__H200__eta-global_decay__states-exogenous,cfg_3734ec426b4dcce1d840,run_8e3a03a8d67ee4bf,1,42,global_decay,global_decay_eta0_0p15_c_0p0005,True,0.35,0.85,0.15,0.0005,0.1,0.1,0.99,0.01,A,opposed_binary_state_preferences_v1,binary_stay_switch_a0_0p1_a1_0p9_v1__exogenous,28,A,A,0.524356256808673,0.42323067833559974,0.01,0.99,0.9982876303973527,0.9829274190194921,0.00740993203421636,agreement,,,a1,a0,0,AI,a0,AI,0.14792899408284024,0.14792899408284024,True,True,0.0,0.030806257478049097,0.43784553636531953,0.43784553636531953,1.1088020356907362,0.0,1.1088020356907362,3,25,0.10714285714285714,0.8928571428571429,11,16,1,0.39285714285714285,0.5714285714285714,0.03571428571428571,2,14,0.125,0.875,28,0,1.0,0.0,5,6,0,0,13,15,0,0
scenario1,200,scenario1__H200__eta-global_decay__states-exogenous,cfg_3734ec426b4dcce1d840,run_8e3a03a8d67ee4bf,1,42,global_decay,global_decay_eta0_0p15_c_0p0005,True,0.35,0.85,0.15,0.0005,0.1,0.1,0.99,0.01,A,opposed_binary_state_preferences_v1,binary_stay_switch_a0_0p1_a1_0p9_v1__exogenous,29,A,A,0.5947177572807628,0.5085515839072566,0.01,0.99,0.9739567666043117,0.9997889823255949,0.005420541769866671,agreement,,,a0,a1,0,AI,a1,AI,0.14785608674223755,0.14785608674223755,True,True,1.0,0.0,0.5311120985685058,0.5311120985685058,1.1097714015333828,0.0,1.1097714015333828,3,26,0.10344827586206896,0.896551724137931,12,16,1,0.41379310344827586,0.5517241379310345,0.034482758620689655,2,14,0.125,0.875,29,0,1.0,0.0,5,7,0,0,13,16,0,0
scenario1,200,scenario1__H200__eta-global_decay__states-exogenous,cfg_3734ec426b4dcce1d840,run_8e3a03a8d67ee4bf,1,42,global_decay,global_decay_eta0_0p15_c_0p0005,True,0.35,0.85,0.15,0.0005,0.1,0.1,0.99,0.01,A,opposed_binary_state_preferences_v1,binary_stay_switch_a0_0p1_a1_0p9_v1__exogenous,30,A,A,0.5067851169731094,0.433359136804163,0.01,0.99,0.9998671588755725,0.9871477589561433,0.003906616456323397,agreement,,,a0,a1,0,AI,a1,AI,0.1477832512315271,0.1477832512315271,True,True,1.0,0.0,0.5780008887116552,0.5780008887116552,1.1098673687518048,0.0,1.1098673687518048,3,27,0.1,0.9,13,16,1,0.43333333333333335,0.5333333333333333,0.03333333333333333,2,14,0.125,0.875,30,0,1.0,0.0,5,8,0,0,13,17,0,0
scenario1,200,scenario1__H200__eta-global_decay__states-exogenous,cfg_3734ec426b4dcce1d840,run_8e3a03a8d67ee4bf,1,42,global_decay,global_decay_eta0_0p15_c_0p0005,True,0.35,0.85,0.15,0.0005,0.1,0.1,0.99,0.01,A,opposed_binary_state_preferences_v1,binary_stay_switch_a0_0p1_a1_0p9_v1__exogenous,31,A,A,0.4318907647110735,0.36931591461635566,0.01,0.99,0.9865733521654279,0.9501453852115349,0.002943062927606377,agreement,,,a1,a1,0,AI,a1,AI,0.14771048744460855,0.14771048744460855,True,True,1.0,0.0,0.6202007998404897,0.6202007998404897,1.1098768695064287,0.0,1.1098768695064287,3,28,0.0967741935483871,0.9032258064516129,14,16,1,0.45161290322580644,0.5161290322580645,0.03225806451612903,2,14,0.125,0.875,31,0,1.0,0.0,5,9,0,0,13,18,0,0
scenario1,200,scenario1__H200__eta-global_decay__states-exogenous,cfg_3734ec426b4dcce1d840,run_8e3a03a8d67ee4bf,1,42,global_decay,global_decay_eta0_0p15_c_0p0005,True,0.35,0.85,0.15,0.0005,0.1,0.1,0.99,0.01,A,opposed_binary_state_preferences_v1,binary_stay_switch_a0_0p1_a1_0p9_v1__exogenous,32,A,A,0.3680959693327761,0.3147640808473223,0.01,0.99,0.9491989004974315,0.898596444052167,0.0022828992025824,agreement,,,a0,a1,0,AI,a1,AI,0.14763779527559054,0.14763779527559054,True,True,1.0,0.0,0.6581807198564408,0.6581807198564408,1.1098778100811364,0.0,1.1098778100811364,3,29,0.09375,0.90625,15,16,1,0.46875,0.5,0.03125,2,14,0.125,0.875,32,0,1.0,0.0,5,10,0,0,13,19,0,0
scenario1,200,scenario1__H200__eta-global_decay__states-exogenous,cfg_3734ec426b4dcce1d840,run_8e3a03a8d67ee4bf,1,42,global_decay,global_decay_eta0_0p15_c_0p0005,True,0.35,0.85,0.15,0.0005,0.1,0.1,0.99,0.01,A,opposed_binary_state_preferences_v1,binary_stay_switch_a0_0p1_a1_0p9_v1__exogenous,33,A,A,0.31375109197065365,0.26829300591907596,0.01,0.99,0.8974561025409354,0.8390045288853414,0.0018075217852691616,agreement,,,a0,a0,0,AI,a0,AI,0.14756517461878996,0.14756517461878996,True,True,0.0,0.018190786978213216,0.3585434107683576,0.3585434107683576,0.1098779031980325,0.0,0.1098779031980325,3,30,0.09090909090909091,0.9090909090909091,16,16,1,0.48484848484848486,0.48484848484848486,0.030303030303030304,2,14,0.125,0.875,33,0,1.0,0.0,6,10,0,0,14,19,0,0
scenario1,200,scenario1__H200__eta-global_decay__states-exogenous,cfg_3734ec426b4dcce1d840,run_8e3a03a8d67ee4bf,1,42,global_decay,global_decay_eta0_0p15_c_0p0005,True,0.35,0.85,0.15,0.0005,0.1,0.1,0.99,0.01,A,opposed_binary_state_preferences_v1,binary_stay_switch_a0_0p1_a1_0p9_v1__exogenous,34,A,A,0.41501753191595814,0.37626747627041746,0.01,0.99,0.9790601478975178,0.9553631471563426,0.0011328353435858807,agreement,,,a1,a1,0,AI,a1,AI,0.14749262536873156,0.14749262536873156,True,True,1.0,0.0,0.633126383083717,0.633126383083717,1.0108779124166052,0.0,1.0108779124166052,3,31,0.08823529411764706,0.9117647058823529,17,16,1,0.5,0.47058823529411764,0.029411764705882353,2,14,0.125,0.875,34,0,1.0,0.0,6,11,0,0,14,20,0,0
scenario1,200,scenario1__H200__eta-global_decay__states-exogenous,cfg_3734ec426b4dcce1d840,run_8e3a03a8d67ee4bf,1,42,global_decay,global_decay_eta0_0p15_c_0p0005,True,0.35,0.85,0.15,0.0005,0.1,0.1,0.99,0.01,A,opposed_binary_state_preferences_v1,binary_stay_switch_a0_0p1_a1_0p9_v1__exogenous,35,A,A,0.3538055065596221,0.3207707983544267,0.01,0.99,0.9374208530168984,0.9052177035778993,0.0008807040188790194,agreement,,,a1,a1,0,AI,a1,AI,0.14742014742014742,0.14742014742014742,True,True,1.0,0.0,0.6698137447753454,0.6698137447753454,1.1000769133292438,0.0,1.1000769133292438,3,32,0.08571428571428572,0.9142857142857143,18,16,1,0.5142857142857142,0.45714285714285713,0.02857142857142857,2,14,0.125,0.875,35,0,1.0,0.0,6,12,0,0,14,21,0,0
scenario1,200,scenario1__H200__eta-global_decay__states-exogenous,cfg_3734ec426b4dcce1d840,run_8e3a03a8d67ee4bf,1,42,global_decay,global_decay_eta0_0p15_c_0p0005,True,0.35,0.85,0.15,0.0005,0.1,0.1,0.99,0.01,A,opposed_binary_state_preferences_v1,binary_stay_switch_a0_0p1_a1_0p9_v1__exogenous,36,A,A,0.3016474466245427,0.2734827199729387,0.01,0.99,0.8832954123814147,0.8464178484793282,0.0006984674717537831,agreement,,,a1,a0,0,AI,a0,AI,0.14734774066797643,0.14734774066797643,True,True,0.0,0.013261083707117436,0.36137814645013266,0.36137814645013266,1.108907614419595,0.0,1.108907614419595,3,33,0.08333333333333333,0.9166666666666666,19,16,1,0.5277777777777778,0.4444444444444444,0.027777777777777776,2,14,0.125,0.875,36,0,1.0,0.0,7,12,0,0,15,21,0,0
scenario1,200,scenario1__H200__eta-global_decay__states-exogenous,cfg_3734ec426b4dcce1d840,run_8e3a03a8d67ee4bf,1,42,global_decay,global_decay_eta0_0p15_c_0p0005,True,0.35,0.85,0.15,0.0005,0.1,0.1,0.99,0.01,A,opposed_binary_state_preferences_v1,binary_stay_switch_a0_0p1_a1_0p9_v1__exogenous,37,A,A,0.4045481175541288,0.38053339974116973,0.01,0.99,0.973548977920063,0.9584178748636147,0.00043620424043555595,agreement,,,a1,a1,0,AI,a1,AI,0.14727540500736377,0.14727540500736377,True,True,1.0,0.0,0.6425491332680298,0.6425491332680298,1.10978185382754,0.0,1.10978185382754,3,34,0.08108108108108109,0.918918918918919,20,16,1,0.5405405405405406,0.43243243243243246,0.02702702702702703,2,14,0.125,0.875,37,0,1.0,0.0,7,13,0,0,15,22,0,0
scenario1,200,scenario1__H200__eta-global_decay__states-exogenous,cfg_3734ec426b4dcce1d840,run_8e3a03a8d67ee4bf,1,42,global_decay,global_decay_eta0_0p15_c_0p0005,True,0.35,0.85,0.15,0.0005,0.1,0.1,0.99,0.01,A,opposed_binary_state_preferences_v1,binary_stay_switch_a0_0p1_a1_0p9_v1__exogenous,38,A,A,0.34496812969637786,0.3244901891754599,0.01,0.99,0.9294937061394131,0.9091976987801411,0.0003396376921329658,agreement,,,a0,a1,0,AI,a1,AI,0.14720314033366047,0.14720314033366047,True,True,1.0,0.0,0.6782942199412267,0.6782942199412267,1.1098684035289264,0.0,1.1098684035289264,3,35,0.07894736842105263,0.9210526315789473,21,16,1,0.5526315789473685,0.42105263157894735,0.02631578947368421,2,14,0.125,0.875,38,0,1.0,0.0,7,14,0,0,15,23,0,0
scenario1,200,scenario1__H200__eta-global_decay__states-exogenous,cfg_3734ec426b4dcce1d840,run_8e3a03a8d67ee4bf,1,42,global_decay,global_decay_eta0_0p15_c_0p0005,True,0.35,0.85,0.15,0.0005,0.1,0.1,0.99,0.01,A,opposed_binary_state_preferences_v1,binary_stay_switch_a0_0p1_a1_0p9_v1__exogenous,39,A,A,0.2941877376900416,0.2767242143213686,0.01,0.99,0.8740695579377857,0.8509488349206837,0.00026966939126582545,agreement,,,a1,a1,0,AI,a1,AI,0.14713094654242273,0.14713094654242273,True,True,1.0,0.0,0.710464797947104,0.710464797947104,1.1098769719493637,0.0,1.1098769719493637,3,36,0.07692307692307693,0.9230769230769231,22,16,1,0.5641025641025641,0.41025641025641024,0.02564102564102564,2,14,0.125,0.875,39,0,1.0,0.0,7,15,0,0,15,24,0,0
scenario1,200,scenario1__H200__eta-global_decay__states-exogenous,cfg_3734ec426b4dcce1d840,run_8e3a03a8d67ee4bf,1,42,global_decay,global_decay_eta0_0p15_c_0p0005,True,0.35,0.85,0.15,0.0005,0.1,0.1,0.99,0.01,A,opposed_binary_state_preferences_v1,binary_stay_switch_a0_0p1_a1_0p9_v1__exogenous,40,A,A,0.25090361738253175,0.2360095187370574,0.01,0.99,0.8127071853215211,0.7883410322510882,0.00021722539943691554,agreement,,,a1,a1,0,AI,a1,AI,0.14705882352941177,0.14705882352941177,True,True,1.0,0.0,0.7394183181523937,0.7394183181523937,1.109877820222987,0.0,1.109877820222987,3,37,0.075,0.925,23,16,1,0.575,0.4,0.025,2,14,0.125,0.875,40,0,1.0,0.0,7,16,0,0,15,25,0,0
scenario1,200,scenario1__H200__eta-global_decay__states-exogenous,cfg_3734ec426b4dcce1d840,run_8e3a03a8d67ee4bf,1,42,global_decay,global_decay_eta0_0p15_c_0p0005,True,0.35,0.85,0.15,0.0005,0.1,0.1,0.99,0.01,A,opposed_binary_state_preferences_v1,binary_stay_switch_a0_0p1_a1_0p9_v1__exogenous,41,A,A,0.21400602659098295,0.20130223656984308,0.01,0.99,0.749070656061423,0.7245249349560117,0.0001769092074037082,agreement,,,a1,a0,0,AI,a0,AI,0.14698677119059284,0.14698677119059284,True,True,0.0,0.007830537318215775,0.3133901816973389,0.3133901816973389,1.1098779042020757,0.0,1.1098779042020757,3,38,0.07317073170731707,0.926829268292683,24,16,1,0.5853658536585366,0.3902439024390244,0.024390243902439025,2,14,0.125,0.875,41,0,1.0,0.0,8,16,0,0,16,25,0,0
scenario1,200,scenario1__H200__eta-global_decay__states-exogenous,cfg_3734ec426b4dcce1d840,run_8e3a03a8d67ee4bf,1,42,global_decay,global_decay_eta0_0p15_c_0p0005,True,0.35,0.85,0.15,0.0005,0.1,0.1,0.99,0.01,A,opposed_binary_state_preferences_v1,binary_stay_switch_a0_0p1_a1_0p9_v1__exogenous,42,A,A,0.32953674291763907,0.3187002419735898,0.01,0.99,0.9144523649713374,0.902962414850446,9.667262344748018e-05,agreement,,,a0,a1,0,AI,a1,AI,0.14691478942213518,0.14691478942213518,True,True,1.0,0.0,0.6989288377034388,0.6989288377034388,1.1098779125160054,0.0,1.1098779125160054,3,39,0.07142857142857142,0.9285714285714286,25,16,1,0.5952380952380952,0.38095238095238093,0.023809523809523808,2,14,0.125,0.875,42,0,1.0,0.0,8,17,0,0,16,26,0,0
scenario1,200,scenario1__H200__eta-global_decay__states-exogenous,cfg_3734ec426b4dcce1d840,run_8e3a03a8d67ee4bf,1,42,global_decay,global_decay_eta0_0p15_c_0p0005,True,0.35,0.85,0.15,0.0005,0.1,0.1,0.99,0.01,A,opposed_binary_state_preferences_v1,binary_stay_switch_a0_0p1_a1_0p9_v1__exogenous,43,A,A,0.28112292172503783,0.2718784630352563,0.01,0.99,0.8569763619481949,0.844147217146792,7.704219256793321e-05,agreement,,,a0,a0,0,AI,a0,AI,0.14684287812041114,0.14684287812041114,True,True,0.0,0.006342735227754778,0.35384604717484447,0.35384604717484447,0.10987791333908455,0.0,0.10987791333908455,3,40,0.06976744186046512,0.9302325581395349,26,16,1,0.6046511627906976,0.37209302325581395,0.023255813953488372,2,14,0.125,0.875,43,0,1.0,0.0,9,17,0,0,17,26,0,0
scenario1,200,scenario1__H200__eta-global_decay__states-exogenous,cfg_3734ec426b4dcce1d840,run_8e3a03a8d67ee4bf,1,42,global_decay,global_decay_eta0_0p15_c_0p0005,True,0.35,0.85,0.15,0.0005,0.1,0.1,0.99,0.01,A,opposed_binary_state_preferences_v1,binary_stay_switch_a0_0p1_a1_0p9_v1__exogenous,44,A,A,0.3866849009137253,0.3787979251446166,0.01,0.99,0.9626268413546206,0.9571886082780277,4.7483075732546176e-05,agreement,,,a0,a1,0,AI,a1,AI,0.14677103718199608,0.14677103718199608,True,True,1.0,0.0,0.6661323585397855,0.6661323585397855,1.0108779134205694,0.0,1.0108779134205694,3,41,0.06818181818181818,0.9318181818181818,27,16,1,0.6136363636363636,0.36363636363636365,0.022727272727272728,2,14,0.125,0.875,44,0,1.0,0.0,9,18,0,0,17,27,0,0
scenario1,200,scenario1__H200__eta-global_decay__states-exogenous,cfg_3734ec426b4dcce1d840,run_8e3a03a8d67ee4bf,1,42,global_decay,global_decay_eta0_0p15_c_0p0005,True,0.35,0.85,0.15,0.0005,0.1,0.1,0.99,0.01,A,opposed_binary_state_preferences_v1,binary_stay_switch_a0_0p1_a1_0p9_v1__exogenous,45,A,A,0.3299307569440004,0.3232013607887531,0.01,0.99,0.9148556118475744,0.9078289035386538,3.7134404354821626e-05,agreement,,,a1,a1,0,AI,a1,AI,0.1466992665036675,0.1466992665036675,True,True,1.0,0.0,0.699519122685807,0.699519122685807,1.1000769134286363,0.0,1.1000769134286363,3,42,0.06666666666666667,0.9333333333333333,28,16,1,0.6222222222222222,0.35555555555555557,0.022222222222222223,2,14,0.125,0.875,45,0,1.0,0.0,9,19,0,0,17,28,0,0
scenario1,200,scenario1__H200__eta-global_decay__states-exogenous,cfg_3734ec426b4dcce1d840,run_8e3a03a8d67ee4bf,1,42,global_decay,global_decay_eta0_0p15_c_0p0005,True,0.35,0.85,0.15,0.0005,0.1,0.1,0.99,0.01,A,opposed_binary_state_preferences_v1,binary_stay_switch_a0_0p1_a1_0p9_v1__exogenous,46,A,A,0.2815301569033158,0.27578795822805585,0.01,0.99,0.8575273881457707,0.8496479317479817,2.9582379001025227e-05,agreement,,,a1,a1,0,AI,a1,AI,0.1466275659824047,0.1466275659824047,True,True,1.0,0.0,0.7295672104172263,0.7295672104172263,1.108907614429435,0.0,1.108907614429435,3,43,0.06521739130434782,0.9347826086956522,29,16,1,0.6304347826086957,0.34782608695652173,0.021739130434782608,2,14,0.125,0.875,46,0,1.0,0.0,9,20,0,0,17,29,0,0
scenario1,200,scenario1__H200__eta-global_decay__states-exogenous,cfg_3734ec426b4dcce1d840,run_8e3a03a8d67ee4bf,1,42,global_decay,global_decay_eta0_0p15_c_0p0005,True,0.35,0.85,0.15,0.0005,0.1,0.1,0.99,0.01,A,opposed_binary_state_preferences_v1,binary_stay_switch_a0_0p1_a1_0p9_v1__exogenous,47,A,A,0.2402500752459381,0.23534984118581892,0.01,0.99,0.7954558985067338,0.7872213282720095,2.3891504208506387e-05,agreement,,,a0,a1,0,AI,a1,AI,0.14655593551538837,0.14655593551538837,True,True,1.0,0.0,0.7566104893755037,0.7566104893755037,1.109781853828514,0.0,1.109781853828514,3,44,0.06382978723404255,0.9361702127659575,30,16,1,0.6382978723404256,0.3404255319148936,0.02127659574468085,2,14,0.125,0.875,47,0,1.0,0.0,9,21,0,0,17,30,0,0
scenario1,200,scenario1__H200__eta-global_decay__states-exogenous,cfg_3734ec426b4dcce1d840,run_8e3a03a8d67ee4bf,1,42,global_decay,global_decay_eta0_0p15_c_0p0005,True,0.35,0.85,0.15,0.0005,0.1,0.1,0.99,0.01,A,opposed_binary_state_preferences_v1,binary_stay_switch_a0_0p1_a1_0p9_v1__exogenous,48,A,A,0.2050400007106272,0.20085792503743316,0.01,0.99,0.7318942869227854,0.7236406301545526,1.949851712179651e-05,agreement,,,a1,a1,0,AI,a1,AI,0.146484375,0.146484375,True,True,1.0,0.0,0.7809494404379533,0.7809494404379533,1.109868403529023,0.0,1.109868403529023,3,45,0.0625,0.9375,31,16,1,0.6458333333333334,0.3333333333333333,0.020833333333333332,2,14,0.125,0.875,48,0,1.0,0.0,9,22,0,0,17,31,0,0
scenario1,200,scenario1__H200__eta-global_decay__states-exogenous,cfg_3734ec426b4dcce1d840,run_8e3a03a8d67ee4bf,1,42,global_decay,global_decay_eta0_0p15_c_0p0005,True,0.35,0.85,0.15,0.0005,0.1,0.1,0.99,0.01,A,opposed_binary_state_preferences_v1,binary_stay_switch_a0_0p1_a1_0p9_v1__exogenous,49,A,A,0.1750048443565314,0.1714353774245279,0.01,0.99,0.6690266719547516,0.6609778050636509,1.6043882511196372e-05,agreement,,,a1,a1,0,AI,a1,AI,0.14641288433382138,0.14641288433382138,True,True,1.0,0.0,0.802854496394158,0.802854496394158,1.1098769719493733,0.0,1.1098769719493733,3,46,0.061224489795918366,0.9387755102040817,32,16,1,0.6530612244897959,0.32653061224489793,0.02040816326530612,2,14,0.125,0.875,49,0,1.0,0.0,9,23,0,0,17,32,0,0
scenario1,200,scenario1__H200__eta-global_decay__states-exogenous,cfg_3734ec426b4dcce1d840,run_8e3a03a8d67ee4bf,1,42,global_decay,global_decay_eta0_0p15_c_0p0005,True,0.35,0.85,0.15,0.0005,0.1,0.1,0.99,0.01,A,opposed_binary_state_preferences_v1,binary_stay_switch_a0_0p1_a1_0p9_v1__exogenous,50,A,A,0.14938188032190017,0.1463350293389455,0.01,0.99,0.608291295940265,0.6005922048233695,1.3287266925066099e-05,agreement,,,a1,a0,0,AI,a0,AI,0.14634146341463417,0.14634146341463417,True,True,0.0,0.003033710596955905,0.2692434674409819,0.2692434674409819,1.109877820222988,0.0,1.109877820222988,3,47,0.06,0.94,33,16,1,0.66,0.32,0.02,2,14,0.125,0.875,50,0,1.0,0.0,10,23,0,0,18,32,0,0
scenario1,200,scenario1__H200__eta-global_decay__states-exogenous,cfg_3734ec426b4dcce1d840,run_8e3a03a8d67ee4bf,1,42,global_decay,global_decay_eta0_0p15_c_0p0005,True,0.35,0.85,0.15,0.0005,0.1,0.1,0.99,0.01,A,opposed_binary_state_preferences_v1,binary_stay_switch_a0_0p1_a1_0p9_v1__exogenous,51,A,A,0.27386258076259773,0.27126161041129493,0.01,0.99,0.8469527565686238,0.8432691482715717,6.153117811213971e-06,agreement,,,a1,a0,0,AI,a0,AI,0.1462701121404193,0.1462701121404193,True,True,0.0,0.002730339537260315,0.3423191206968837,0.3423191206968837,1.1098779042020759,0.0,1.1098779042020759,3,48,0.058823529411764705,0.9411764705882353,34,16,1,0.6666666666666666,0.3137254901960784,0.0196078431372549,2,14,0.125,0.875,51,0,1.0,0.0,11,23,0,0,19,32,0,0
scenario1,200,scenario1__H200__eta-global_decay__states-exogenous,cfg_3734ec426b4dcce1d840,run_8e3a03a8d67ee4bf,1,42,global_decay,global_decay_eta0_0p15_c_0p0005,True,0.35,0.85,0.15,0.0005,0.1,0.1,0.99,0.01,A,opposed_binary_state_preferences_v1,binary_stay_switch_a0_0p1_a1_0p9_v1__exogenous,52,A,A,0.3800747825038072,0.3778542563774634,0.01,0.99,0.9580948216531484,0.9565124431889087,3.7781729683716847e-06,agreement,,,a0,a1,0,AI,a1,AI,0.14619883040935672,0.14619883040935672,True,True,1.0,0.0,0.6852809278713412,0.6852809278713412,1.1098779125160054,0.0,1.1098779125160054,3,49,0.057692307692307696,0.9423076923076923,35,16,1,0.6730769230769231,0.3076923076923077,0.019230769230769232,2,14,0.125,0.875,52,0,1.0,0.0,11,24,0,0,19,33,0,0
scenario1,200,scenario1__H200__eta-global_decay__states-exogenous,cfg_3734ec426b4dcce1d840,run_8e3a03a8d67ee4bf,1,42,global_decay,global_decay_eta0_0p15_c_0p0005,True,0.35,0.85,0.15,0.0005,0.1,0.1,0.99,0.01,A,opposed_binary_state_preferences_v1,binary_stay_switch_a0_0p1_a1_0p9_v1__exogenous,53,A,A,0.32450829383366,0.32261240602988106,0.01,0.99,0.9092168488426497,0.9071997607380065,2.96159679291641e-06,agreement,,,a1,a1,0,AI,a1,AI,0.14612761811982464,0.14612761811982464,True,True,1.0,0.0,0.7167528350842071,0.7167528350842071,1.1098779133390846,0.0,1.1098779133390846,3,50,0.05660377358490566,0.9433962264150944,36,16,1,0.6792452830188679,0.3018867924528302,0.018867924528301886,2,14,0.125,0.875,53,0,1.0,0.0,11,25,0,0,19,34,0,0
scenario1,200,scenario1__H200__eta-global_decay__states-exogenous,cfg_3734ec426b4dcce1d840,run_8e3a03a8d67ee4bf,1,42,global_decay,global_decay_eta0_0p15_c_0p0005,True,0.35,0.85,0.15,0.0005,0.1,0.1,0.99,0.01,A,opposed_binary_state_preferences_v1,binary_stay_switch_a0_0p1_a1_0p9_v1__exogenous,54,A,A,0.2770886697956191,0.2754698235608288,0.01,0.99,0.8514535269553021,0.8492044513987016,2.363616079747999e-06,agreement,,,a0,a1,0,AI,a1,AI,0.14605647517039924,0.14605647517039924,True,True,1.0,0.0,0.7450775515757864,0.7450775515757864,1.1098779134205694,0.0,1.1098779134205694,3,51,0.05555555555555555,0.9444444444444444,37,16,1,0.6851851851851852,0.2962962962962963,0.018518518518518517,2,14,0.125,0.875,54,0,1.0,0.0,11,26,0,0,19,35,0,0
scenario1,200,scenario1__H200__eta-global_decay__states-exogenous,cfg_3734ec426b4dcce1d840,run_8e3a03a8d67ee4bf,1,42,global_decay,global_decay_eta0_0p15_c_0p0005,True,0.35,0.85,0.15,0.0005,0.1,0.1,0.99,0.01,A,opposed_binary_state_preferences_v1,binary_stay_switch_a0_0p1_a1_0p9_v1__exogenous,55,A,A,0.2366180753756163,0.23523567211572233,0.01,0.99,0.7893708783234987,0.7870271894032936,1.911798872655801e-06,agreement,,,a0,a1,0,AI,a1,AI,0.145985401459854,0.145985401459854,True,True,1.0,0.0,0.7705697964182078,0.7705697964182078,1.1098779134286363,0.0,1.1098779134286363,3,52,0.05454545454545454,0.9454545454545454,38,16,1,0.6909090909090909,0.2909090909090909,0.01818181818181818,2,14,0.125,0.875,55,0,1.0,0.0,11,27,0,0,19,36,0,0
scenario1,200,scenario1__H200__eta-global_decay__states-exogenous,cfg_3734ec426b4dcce1d840,run_8e3a03a8d67ee4bf,1,42,global_decay,global_decay_eta0_0p15_c_0p0005,True,0.35,0.85,0.15,0.0005,0.1,0.1,0.99,0.01,A,opposed_binary_state_preferences_v1,binary_stay_switch_a0_0p1_a1_0p9_v1__exogenous,56,A,A,0.20207529064924895,0.20089469808423002,0.01,0.99,0.7260593092615006,0.7237138861595255,1.562281731593007e-06,agreement,,,a1,a1,0,AI,a1,AI,0.14591439688715951,0.14591439688715951,True,True,1.0,0.0,0.793512816776387,0.793512816776387,1.109877913429435,0.0,1.109877913429435,3,53,0.05357142857142857,0.9464285714285714,39,16,1,0.6964285714285714,0.2857142857142857,0.017857142857142856,2,14,0.125,0.875,56,0,1.0,0.0,11,28,0,0,19,37,0,0
scenario1,200,scenario1__H200__eta-global_decay__states-exogenous,cfg_3734ec426b4dcce1d840,run_8e3a03a8d67ee4bf,1,42,global_decay,global_decay_eta0_0p15_c_0p0005,True,0.35,0.85,0.15,0.0005,0.1,0.1,0.99,0.01,A,opposed_binary_state_preferences_v1,binary_stay_switch_a0_0p1_a1_0p9_v1__exogenous,57,A,A,0.1725895964883663,0.1715812693754416,0.01,0.99,0.6635945331428352,0.6613093020168108,1.2869400852766333e-06,agreement,,,a1,a1,0,AI,a1,AI,0.14584346135148274,0.14584346135148274,True,True,1.0,0.0,0.8141615350987482,0.8141615350987482,1.109877913429514,0.0,1.109877913429514,3,54,0.05263157894736842,0.9473684210526315,40,16,1,0.7017543859649122,0.2807017543859649,0.017543859649122806,2,14,0.125,0.875,57,0,1.0,0.0,11,29,0,0,19,38,0,0
scenario1,200,scenario1__H200__eta-global_decay__states-exogenous,cfg_3734ec426b4dcce1d840,run_8e3a03a8d67ee4bf,1,42,global_decay,global_decay_eta0_0p15_c_0p0005,True,0.35,0.85,0.15,0.0005,0.1,0.1,0.99,0.01,A,opposed_binary_state_preferences_v1,binary_stay_switch_a0_0p1_a1_0p9_v1__exogenous,58,A,A,0.14741853234324725,0.14655726314664605,0.01,0.99,0.6033422990135179,0.6011573703057222,1.066905964297593e-06,agreement,,,a1,a1,0,AI,a1,AI,0.1457725947521866,0.1457725947521866,True,True,1.0,0.0,0.8327453815888733,0.8327453815888733,1.1098779134295218,0.0,1.1098779134295218,3,55,0.05172413793103448,0.9482758620689655,41,16,1,0.7068965517241379,0.27586206896551724,0.017241379310344827,2,14,0.125,0.875,58,0,1.0,0.0,11,30,0,0,19,39,0,0
scenario1,200,scenario1__H200__eta-global_decay__states-exogenous,cfg_3734ec426b4dcce1d840,run_8e3a03a8d67ee4bf,1,42,global_decay,global_decay_eta0_0p15_c_0p0005,True,0.35,0.85,0.15,0.0005,0.1,0.1,0.99,0.01,A,opposed_binary_state_preferences_v1,binary_stay_switch_a0_0p1_a1_0p9_v1__exogenous,59,A,B,0.12592895036901294,0.12519323061798043,0.01,0.99,0.5461666573287631,0.5441066639835476,8.890483380041836e-07,agreement,,,a0,a1,0,AI,a1,AI,0.1457017969888295,0.1457017969888295,True,True,1.0,0.0,0.849470843429986,0.849470843429986,1.1098779134295227,0.0,1.1098779134295227,3,56,0.05084745762711865,0.9491525423728814,42,16,1,0.711864406779661,0.2711864406779661,0.01694915254237288,2,14,0.125,0.875,59,0,1.0,0.0,11,31,0,0,19,40,0,0
scenario1,200,scenario1__H200__eta-global_decay__states-exogenous,cfg_3734ec426b4dcce1d840,run_8e3a03a8d67ee4bf,1,42,global_decay,global_decay_eta0_0p15_c_0p0005,True,0.35,0.85,0.15,0.0005,0.1,0.1,0.99,0.01,A,opposed_binary_state_preferences_v1,binary_stay_switch_a0_0p1_a1_0p9_v1__exogenous,60,B,A,0.10758087600733064,0.10695235194610371,0.01,0.99,0.08079313589591118,0.08079313589591118,0.9192068641040889,disagreement,,,a1,a0,1,H,a1,H,0.0,0.14563106796116504,False,True,1.0,0.1,0.0,0.1,1.1098779134295227,1.1098779134295227,1.1098779134295227,4,56,0.06666666666666667,0.9333333333333333,42,16,2,0.7,0.26666666666666666,0.03333333333333333,2,14,0.125,0.875,59,1,0.9833333333333333,0.016666666666666666,11,31,0,0,19,40,0,1
scenario1,200,scenario1__H200__eta-global_decay__states-exogenous,cfg_3734ec426b4dcce1d840,run_8e3a03a8d67ee4bf,1,42,global_decay,global_decay_eta0_0p15_c_0p0005,True,0.35,0.85,0.15,0.0005,0.1,0.1,0.99,0.01,A,opposed_binary_state_preferences_v1,binary_stay_switch_a0_0p1_a1_0p9_v1__exogenous,61,A,A,0.10758087600733064,0.10695235194610371,0.01,0.8458252427184466,0.49257574997424536,0.4906543328763372,7.439479909887581e-07,agreement,,,a1,a1,0,AI,a1,AI,0.14556040756914118,0.14556040756914118,True,True,1.0,0.0,0.7880713831782887,0.7880713831782887,1.1109877913429522,1.1098779134295227,1.1109877913429522,4,57,0.06557377049180328,0.9344262295081968,43,16,2,0.7049180327868853,0.26229508196721313,0.03278688524590164,2,14,0.125,0.875,60,1,0.9836065573770492,0.01639344262295082,11,32,0,0,19,41,0,1
scenario1,200,scenario1__H200__eta-global_decay__states-exogenous,cfg_3734ec426b4dcce1d840,run_8e3a03a8d67ee4bf,1,42,global_decay,global_decay_eta0_0p15_c_0p0005,True,0.35,0.85,0.15,0.0005,0.1,0.1,0.99,0.01,A,opposed_binary_state_preferences_v1,binary_stay_switch_a0_0p1_a1_0p9_v1__exogenous,62,A,A,0.09192135984905836,0.09138432400635063,0.01,0.8458252427184466,0.44285075746938796,0.44107370892513187,6.247321607810719e-07,agreement,,,a1,a1,0,AI,a1,AI,0.1454898157129001,0.1454898157129001,True,True,1.0,0.0,0.8092642448604599,0.8092642448604599,1.1110976692563819,1.1098779134295227,1.1110976692563819,4,58,0.06451612903225806,0.9354838709677419,44,16,2,0.7096774193548387,0.25806451612903225,0.03225806451612903,2,14,0.125,0.875,61,1,0.9838709677419355,0.016129032258064516,11,33,0,0,19,42,0,1
scenario1,200,scenario1__H200__eta-global_decay__states-exogenous,cfg_3734ec426b4dcce1d840,run_8e3a03a8d67ee4bf,1,42,global_decay,global_decay_eta0_0p15_c_0p0005,True,0.35,0.85,0.15,0.0005,0.1,0.1,0.99,0.01,A,opposed_binary_state_preferences_v1,binary_stay_switch_a0_0p1_a1_0p9_v1__exogenous,63,A,A,0.07854773814453968,0.07808883554761872,0.01,0.8458252427184466,0.39704126955042085,0.39540902204896766,5.261166011738538e-07,agreement,,,a1,a1,0,AI,a1,AI,0.1454192922927775,0.1454192922927775,True,True,1.0,0.0,0.828337820374414,0.828337820374414,1.1111085471698112,1.1098779134295227,1.1111085471698112,4,59,0.06349206349206349,0.9365079365079365,45,16,2,0.7142857142857143,0.25396825396825395,0.031746031746031744,2,14,0.125,0.875,62,1,0.9841269841269841,0.015873015873015872,11,34,0,0,19,43,0,1
scenario1,200,scenario1__H200__eta-global_decay__states-exogenous,cfg_3734ec426b4dcce1d840,run_8e3a03a8d67ee4bf,1,42,global_decay,global_decay_eta0_0p15_c_0p0005,True,0.35,0.85,0.15,0.0005,0.1,0.1,0.99,0.01,A,opposed_binary_state_preferences_v1,binary_stay_switch_a0_0p1_a1_0p9_v1__exogenous,64,A,A,0.06712538165236231,0.06673321234631692,0.01,0.8458252427184466,0.35510339154699977,0.3536126467202554,4.4412121008585714e-07,agreement,,,a1,a1,0,AI,a1,AI,0.1453488372093023,0.1453488372093023,True,True,1.0,0.0,0.8455040383369725,0.8455040383369725,1.1111096240832408,1.1098779134295227,1.1111096240832408,4,60,0.0625,0.9375,46,16,2,0.71875,0.25,0.03125,2,14,0.125,0.875,63,1,0.984375,0.015625,11,35,0,0,19,44,0,1
scenario1,200,scenario1__H200__eta-global_decay__states-exogenous,cfg_3734ec426b4dcce1d840,run_8e3a03a8d67ee4bf,1,42,global_decay,global_decay_eta0_0p15_c_0p0005,True,0.35,0.85,0.15,0.0005,0.1,0.1,0.99,0.01,A,opposed_binary_state_preferences_v1,binary_stay_switch_a0_0p1_a1_0p9_v1__exogenous,65,A,A,0.05736878548196082,0.057033617528538305,0.01,0.8458252427184466,0.31691019366395745,0.31555516505828624,3.7565220403767974e-07,agreement,,,a1,a1,0,AI,a1,AI,0.14527845036319612,0.14527845036319612,True,True,1.0,0.0,0.8609536345032752,0.8609536345032752,1.1111097306976703,1.1098779134295227,1.1111097306976703,4,61,0.06153846153846154,0.9384615384615385,47,16,2,0.7230769230769231,0.24615384615384617,0.03076923076923077,2,14,0.125,0.875,64,1,0.9846153846153847,0.015384615384615385,11,36,0,0,19,45,0,1
scenario1,200,scenario1__H200__eta-global_decay__states-exogenous,cfg_3734ec426b4dcce1d840,run_8e3a03a8d67ee4bf,1,42,global_decay,global_decay_eta0_0p15_c_0p0005,True,0.35,0.85,0.15,0.0005,0.1,0.1,0.99,0.01,A,opposed_binary_state_preferences_v1,binary_stay_switch_a0_0p1_a1_0p9_v1__exogenous,66,A,A,0.04903433722792293,0.048747861955385045,0.01,0.8458252427184466,0.28228064318253165,0.28105396499289187,3.1827268989759183e-07,agreement,,,a1,a1,0,AI,a1,AI,0.14520813165537272,0.14520813165537272,True,True,1.0,0.0,0.8748582710529477,0.8748582710529477,1.1111097412524988,1.1098779134295227,1.1111097412524988,4,62,0.06060606060606061,0.9393939393939394,48,16,2,0.7272727272727273,0.24242424242424243,0.030303030303030304,2,14,0.125,0.875,65,1,0.9848484848484849,0.015151515151515152,11,37,0,0,19,46,0,1
scenario1,200,scenario1__H200__eta-global_decay__states-exogenous,cfg_3734ec426b4dcce1d840,run_8e3a03a8d67ee4bf,1,42,global_decay,global_decay_eta0_0p15_c_0p0005,True,0.35,0.85,0.15,0.0005,0.1,0.1,0.99,0.01,A,opposed_binary_state_preferences_v1,binary_stay_switch_a0_0p1_a1_0p9_v1__exogenous,67,A,A,0.041914152732096754,0.04166927599864956,0.01,0.8458252427184466,0.2510007069999762,0.24989409618507852,2.700412349010417e-07,agreement,,,a1,a1,0,AI,a1,AI,0.14513788098693758,0.14513788098693758,True,True,1.0,0.0,0.8873724439476529,0.8873724439476529,1.111109742297427,1.1098779134295227,1.111109742297427,4,63,0.05970149253731343,0.9402985074626866,49,16,2,0.7313432835820896,0.23880597014925373,0.029850746268656716,2,14,0.125,0.875,66,1,0.9850746268656716,0.014925373134328358,11,38,0,0,19,47,0,1
scenario1,200,scenario1__H200__eta-global_decay__states-exogenous,cfg_3734ec426b4dcce1d840,run_8e3a03a8d67ee4bf,1,42,global_decay,global_decay_eta0_0p15_c_0p0005,True,0.35,0.85,0.15,0.0005,0.1,0.1,0.99,0.01,A,opposed_binary_state_preferences_v1,binary_stay_switch_a0_0p1_a1_0p9_v1__exogenous,68,A,A,0.03583082142119737,0.035621485577945707,0.01,0.8458252427184466,0.22283866070363506,0.22184339594419855,2.2939592339565884e-07,agreement,,,a1,a1,0,AI,a1,AI,0.1450676982591876,0.1450676982591876,True,True,1.0,0.0,0.8986351995528876,0.8986351995528876,1.111109742400875,1.1098779134295227,1.111109742400875,4,64,0.058823529411764705,0.9411764705882353,50,16,2,0.7352941176470589,0.23529411764705882,0.029411764705882353,2,14,0.125,0.875,67,1,0.9852941176470589,0.014705882352941176,11,39,0,0,19,48,0,1
scenario1,200,scenario1__H200__eta-global_decay__states-exogenous,cfg_3734ec426b4dcce1d840,run_8e3a03a8d67ee4bf,1,42,global_decay,global_decay_eta0_0p15_c_0p0005,True,0.35,0.85,0.15,0.0005,0.1,0.1,0.99,0.01,A,opposed_binary_state_preferences_v1,binary_stay_switch_a0_0p1_a1_0p9_v1__exogenous,69,A,A,0.030632926630888273,0.030453958656580276,0.01,0.8458252427184466,0.19755609021733614,0.1966633543424176,1.950695404234759e-07,agreement,,,a1,a1,0,AI,a1,AI,0.14499758337361043,0.14499758337361043,True,True,1.0,0.0,0.9087716795975989,0.9087716795975989,1.111109742411116,1.1098779134295227,1.111109742411116,4,65,0.057971014492753624,0.9420289855072463,51,16,2,0.7391304347826086,0.2318840579710145,0.028985507246376812,2,14,0.125,0.875,68,1,0.9855072463768116,0.014492753623188406,11,40,0,0,19,49,0,1
scenario1,200,scenario1__H200__eta-global_decay__states-exogenous,cfg_3734ec426b4dcce1d840,run_8e3a03a8d67ee4bf,1,42,global_decay,global_decay_eta0_0p15_c_0p0005,True,0.35,0.85,0.15,0.0005,0.1,0.1,0.99,0.01,A,opposed_binary_state_preferences_v1,binary_stay_switch_a0_0p1_a1_0p9_v1__exogenous,70,A,A,0.02619122629774836,0.026038208247216293,0.01,0.8458252427184466,0.1749156823224635,0.1741168027899168,1.6602647802399506e-07,agreement,,,a1,a1,0,AI,a1,AI,0.14492753623188406,0.14492753623188406,True,True,1.0,0.0,0.917894511637839,0.917894511637839,1.11110974241213,1.1098779134295227,1.11110974241213,4,66,0.05714285714285714,0.9428571428571428,52,16,2,0.7428571428571429,0.22857142857142856,0.02857142857142857,2,14,0.125,0.875,69,1,0.9857142857142858,0.014285714285714285,11,41,0,0,19,50,0,1
scenario1,200,scenario1__H200__eta-global_decay__states-exogenous,cfg_3734ec426b4dcce1d840,run_8e3a03a8d67ee4bf,1,42,global_decay,global_decay_eta0_0p15_c_0p0005,True,0.35,0.85,0.15,0.0005,0.1,0.1,0.99,0.01,A,opposed_binary_state_preferences_v1,binary_stay_switch_a0_0p1_a1_0p9_v1__exogenous,71,A,A,0.02239539639952396,0.022264554878054513,0.01,0.8458252427184466,0.15468661982940335,0.15397323311211564,1.4141509879772585e-07,agreement,,,a1,a1,0,AI,a1,AI,0.14485755673587636,0.14485755673587636,True,True,1.0,0.0,0.926105060474055,0.926105060474055,1.1111097424122303,1.1098779134295227,1.1111097424122303,4,67,0.056338028169014086,0.9436619718309859,53,16,2,0.7464788732394366,0.22535211267605634,0.028169014084507043,2,14,0.125,0.875,70,1,0.9859154929577465,0.014084507042253521,11,42,0,0,19,51,0,1
scenario1,200,scenario1__H200__eta-global_decay__states-exogenous,cfg_3734ec426b4dcce1d840,run_8e3a03a8d67ee4bf,1,42,global_decay,global_decay_eta0_0p15_c_0p0005,True,0.35,0.85,0.15,0.0005,0.1,0.1,0.99,0.01,A,opposed_binary_state_preferences_v1,binary_stay_switch_a0_0p1_a1_0p9_v1__exogenous,72,A,A,0.019151253994957478,0.0190393658566077,0.01,0.8458252427184466,0.13664819251952398,0.13601235183370491,1.2053127054767465e-07,agreement,,,a1,a1,0,AI,a1,AI,0.14478764478764478,0.14478764478764478,True,True,1.0,0.0,0.9334945544266495,0.9334945544266495,1.1111097424122403,1.1098779134295227,1.1111097424122403,4,68,0.05555555555555555,0.9444444444444444,54,16,2,0.75,0.2222222222222222,0.027777777777777776,2,14,0.125,0.875,71,1,0.9861111111111112,0.013888888888888888,11,43,0,0,19,52,0,1
scenario1,200,scenario1__H200__eta-global_decay__states-exogenous,cfg_3734ec426b4dcce1d840,run_8e3a03a8d67ee4bf,1,42,global_decay,global_decay_eta0_0p15_c_0p0005,True,0.35,0.85,0.15,0.0005,0.1,0.1,0.99,0.01,A,opposed_binary_state_preferences_v1,binary_stay_switch_a0_0p1_a1_0p9_v1__exogenous,73,A,A,0.016378389034297614,0.01628270091597917,0.01,0.8458252427184466,0.12059208397167426,0.12002632502243288,1.0279010924374443e-07,agreement,,,a1,a1,0,AI,a1,AI,0.1447178002894356,0.1447178002894356,True,True,1.0,0.0,0.9401450989839846,0.9401450989839846,1.1111097424122414,1.1098779134295227,1.1111097424122414,4,69,0.0547945205479452,0.9452054794520548,55,16,2,0.7534246575342466,0.2191780821917808,0.0273972602739726,2,14,0.125,0.875,72,1,0.9863013698630136,0.0136986301369863,11,44,0,0,19,53,0,1
scenario1,200,scenario1__H200__eta-global_decay__states-exogenous,cfg_3734ec426b4dcce1d840,run_8e3a03a8d67ee4bf,1,42,global_decay,global_decay_eta0_0p15_c_0p0005,True,0.35,0.85,0.15,0.0005,0.1,0.1,0.99,0.01,A,opposed_binary_state_preferences_v1,binary_stay_switch_a0_0p1_a1_0p9_v1__exogenous,74,A,A,0.01400814460096945,0.013926304256647887,0.01,0.8458252427184466,0.10632368190384009,0.1058210577592977,8.77038378588324e-08,agreement,,,a1,a1,0,AI,a1,AI,0.14464802314368372,0.14464802314368372,True,True,1.0,0.0,0.9461305890855861,0.9461305890855861,1.1111097424122414,1.1098779134295227,1.1111097424122414,4,70,0.05405405405405406,0.9459459459459459,56,16,2,0.7567567567567568,0.21621621621621623,0.02702702702702703,2,14,0.125,0.875,73,1,0.9864864864864865,0.013513513513513514,11,45,0,0,19,54,0,1
scenario1,200,scenario1__H200__eta-global_decay__states-exogenous,cfg_3734ec426b4dcce1d840,run_8e3a03a8d67ee4bf,1,42,global_decay,global_decay_eta0_0p15_c_0p0005,True,0.35,0.85,0.15,0.0005,0.1,0.1,0.99,0.01,A,opposed_binary_state_preferences_v1,binary_stay_switch_a0_0p1_a1_0p9_v1__exogenous,75,A,A,0.011981894176528353,0.011911891876226302,0.01,0.8458252427184466,0.09366267520971146,0.09321676872787606,7.486425805669494e-08,agreement,,,a1,a1,0,AI,a1,AI,0.14457831325301204,0.14457831325301204,True,True,1.0,0.0,0.9515175301770274,0.9515175301770274,1.1111097424122414,1.1098779134295227,1.1111097424122414,4,71,0.05333333333333334,0.9466666666666667,57,16,2,0.76,0.21333333333333335,0.02666666666666667,2,14,0.125,0.875,74,1,0.9866666666666667,0.013333333333333334,11,46,0,0,19,55,0,1
scenario1,200,scenario1__H200__eta-global_decay__states-exogenous,cfg_3734ec426b4dcce1d840,run_8e3a03a8d67ee4bf,1,42,global_decay,global_decay_eta0_0p15_c_0p0005,True,0.35,0.85,0.15,0.0005,0.1,0.1,0.99,0.01,A,opposed_binary_state_preferences_v1,binary_stay_switch_a0_0p1_a1_0p9_v1__exogenous,76,A,A,0.010249572126909795,0.010189690641109249,0.01,0.8458252427184466,0.0824431370550562,0.082048057250063,6.392875328414815e-08,agreement,,,a1,a1,0,AI,a1,AI,0.1445086705202312,0.1445086705202312,True,True,1.0,0.0,0.9563657771593247,0.9563657771593247,1.1111097424122414,1.1098779134295227,1.1111097424122414,4,72,0.05263157894736842,0.9473684210526315,58,16,2,0.7631578947368421,0.21052631578947367,0.02631578947368421,2,14,0.125,0.875,75,1,0.9868421052631579,0.013157894736842105,11,47,0,0,19,56,0,1
scenario1,200,scenario1__H200__eta-global_decay__states-exogenous,cfg_3734ec426b4dcce1d840,run_8e3a03a8d67ee4bf,1,42,global_decay,global_decay_eta0_0p15_c_0p0005,True,0.35,0.85,0.15,0.0005,0.1,0.1,0.99,0.01,A,opposed_binary_state_preferences_v1,binary_stay_switch_a0_0p1_a1_0p9_v1__exogenous,77,A,A,0.008768420085448843,0.00871719199355011,0.01,0.8458252427184466,0.0725132449278757,0.07216361210993828,5.460901349868541e-08,agreement,,,a1,a1,0,AI,a1,AI,0.14443909484833894,0.14443909484833894,True,True,1.0,0.0,0.9607291994433922,0.9607291994433922,1.1111097424122414,1.1098779134295227,1.1111097424122414,4,73,0.05194805194805195,0.948051948051948,59,16,2,0.7662337662337663,0.2077922077922078,0.025974025974025976,2,14,0.125,0.875,76,1,0.987012987012987,0.012987012987012988,11,48,0,0,19,57,0,1
scenario1,200,scenario1__H200__eta-global_decay__states-exogenous,cfg_3734ec426b4dcce1d840,run_8e3a03a8d67ee4bf,1,42,global_decay,global_decay_eta0_0p15_c_0p0005,True,0.35,0.85,0.15,0.0005,0.1,0.1,0.99,0.01,A,opposed_binary_state_preferences_v1,binary_stay_switch_a0_0p1_a1_0p9_v1__exogenous,78,A,A,0.007501917425056619,0.0074580886723825445,0.01,0.8458252427184466,0.06373475157317401,0.06342567491000364,4.6661892696975293e-08,agreement,,,a1,a1,0,AI,a1,AI,0.14436958614051973,0.14436958614051973,True,True,1.0,0.0,0.964656279499053,0.964656279499053,1.1111097424122414,1.1098779134295227,1.1111097424122414,4,74,0.05128205128205128,0.9487179487179487,60,16,2,0.7692307692307693,0.20512820512820512,0.02564102564102564,2,14,0.125,0.875,77,1,0.9871794871794872,0.01282051282051282,11,49,0,0,19,58,0,1
scenario1,200,scenario1__H200__eta-global_decay__states-exogenous,cfg_3734ec426b4dcce1d840,run_8e3a03a8d67ee4bf,1,42,global_decay,global_decay_eta0_0p15_c_0p0005,True,0.35,0.85,0.15,0.0005,0.1,0.1,0.99,0.01,A,opposed_binary_state_preferences_v1,binary_stay_switch_a0_0p1_a1_0p9_v1__exogenous,79,A,A,0.006418868711140841,0.006381367497351378,0.01,0.8458252427184466,0.05598229247472012,0.05570934271296127,3.9881942224401223e-08,agreement,,,a1,a1,0,AI,a1,AI,0.1443001443001443,0.1443001443001443,True,True,1.0,0.0,0.9681906515491476,0.9681906515491476,1.1111097424122414,1.1098779134295227,1.1111097424122414,4,75,0.05063291139240506,0.9493670886075949,61,16,2,0.7721518987341772,0.20253164556962025,0.02531645569620253,2,14,0.125,0.875,78,1,0.9873417721518988,0.012658227848101266,11,50,0,0,19,59,0,1
scenario1,200,scenario1__H200__eta-global_decay__states-exogenous,cfg_3734ec426b4dcce1d840,run_8e3a03a8d67ee4bf,1,42,global_decay,global_decay_eta0_0p15_c_0p0005,True,0.35,0.85,0.15,0.0005,0.1,0.1,0.99,0.01,A,opposed_binary_state_preferences_v1,binary_stay_switch_a0_0p1_a1_0p9_v1__exogenous,80,A,A,0.0054926250298795365,0.005460535246651323,0.01,0.8458252427184466,0.04914259388826145,0.04890177327590879,3.4095281140067435e-08,agreement,,,a1,a1,0,AI,a1,AI,0.14423076923076922,0.14423076923076922,True,True,1.0,0.0,0.9713715863942328,0.9713715863942328,1.1111097424122414,1.1098779134295227,1.1111097424122414,4,76,0.05,0.95,62,16,2,0.775,0.2,0.025,2,14,0.125,0.875,79,1,0.9875,0.0125,11,51,0,0,19,60,0,1
scenario1,200,scenario1__H200__eta-global_decay__states-exogenous,cfg_3734ec426b4dcce1d840,run_8e3a03a8d67ee4bf,1,42,global_decay,global_decay_eta0_0p15_c_0p0005,True,0.35,0.85,0.15,0.0005,0.1,0.1,0.99,0.01,A,opposed_binary_state_preferences_v1,binary_stay_switch_a0_0p1_a1_0p9_v1__exogenous,81,A,A,0.004700419496723835,0.004672958047615076,0.01,0.8458252427184466,0.04311362882513914,0.04290133974053442,2.9154536743125625e-08,agreement,,,a1,a1,0,AI,a1,AI,0.14416146083613646,0.14416146083613646,True,True,1.0,0.0,0.9742344277548095,0.9742344277548095,1.1111097424122414,1.1098779134295227,1.1111097424122414,4,77,0.04938271604938271,0.9506172839506173,63,16,2,0.7777777777777778,0.19753086419753085,0.024691358024691357,2,14,0.125,0.875,80,1,0.9876543209876543,0.012345679012345678,11,52,0,0,19,61,0,1
scenario1,200,scenario1__H200__eta-global_decay__states-exogenous,cfg_3734ec426b4dcce1d840,run_8e3a03a8d67ee4bf,1,42,global_decay,global_decay_eta0_0p15_c_0p0005,True,0.35,0.85,0.15,0.0005,0.1,0.1,0.99,0.01,A,opposed_binary_state_preferences_v1,binary_stay_switch_a0_0p1_a1_0p9_v1__exogenous,82,A,A,0.004022800155533469,0.003999297589044906,0.01,0.8458252427184466,0.03780375565789,0.037616769040381304,2.4934649914265528e-08,agreement,,,a1,a1,0,AI,a1,AI,0.1440922190201729,0.1440922190201729,True,True,1.0,0.0,0.9768109849793285,0.9768109849793285,1.1111097424122414,1.1098779134295227,1.1111097424122414,4,78,0.04878048780487805,0.9512195121951219,64,16,2,0.7804878048780488,0.1951219512195122,0.024390243902439025,2,14,0.125,0.875,81,1,0.9878048780487805,0.012195121951219513,11,53,0,0,19,62,0,1
scenario1,200,scenario1__H200__eta-global_decay__states-exogenous,cfg_3734ec426b4dcce1d840,run_8e3a03a8d67ee4bf,1,42,global_decay,global_decay_eta0_0p15_c_0p0005,True,0.35,0.85,0.15,0.0005,0.1,0.1,0.99,0.01,A,opposed_binary_state_preferences_v1,binary_stay_switch_a0_0p1_a1_0p9_v1__exogenous,83,A,A,0.003443145954447955,0.0034230299249173976,0.01,0.8458252427184466,0.03313086427903541,0.03296628864222935,2.1329383769613797e-08,agreement,,,a1,a1,0,AI,a1,AI,0.1440230436869899,0.1440230436869899,True,True,1.0,0.0,0.9791298864813957,0.9791298864813957,1.1111097424122414,1.1098779134295227,1.1111097424122414,4,79,0.04819277108433735,0.9518072289156626,65,16,2,0.7831325301204819,0.1927710843373494,0.024096385542168676,2,14,0.125,0.875,82,1,0.9879518072289156,0.012048192771084338,11,54,0,0,19,63,0,1
scenario1,200,scenario1__H200__eta-global_decay__states-exogenous,cfg_3734ec426b4dcce1d840,run_8e3a03a8d67ee4bf,1,42,global_decay,global_decay_eta0_0p15_c_0p0005,True,0.35,0.85,0.15,0.0005,0.1,0.1,0.99,0.01,A,opposed_binary_state_preferences_v1,binary_stay_switch_a0_0p1_a1_0p9_v1__exogenous,84,A,A,0.0029472535942298146,0.0029300347364991457,0.01,0.8458252427184466,0.02902154731037449,0.028876798879292398,1.8248407191584493e-08,agreement,,,a1,a1,0,AI,a1,AI,0.14395393474088292,0.14395393474088292,True,True,1.0,0.0,0.981216897833256,0.981216897833256,1.1111097424122414,1.1098779134295227,1.1111097424122414,4,80,0.047619047619047616,0.9523809523809523,66,16,2,0.7857142857142857,0.19047619047619047,0.023809523809523808,2,14,0.125,0.875,83,1,0.9880952380952381,0.011904761904761904,11,55,0,0,19,64,0,1
scenario1,200,scenario1__H200__eta-global_decay__states-exogenous,cfg_3734ec426b4dcce1d840,run_8e3a03a8d67ee4bf,1,42,global_decay,global_decay_eta0_0p15_c_0p0005,True,0.35,0.85,0.15,0.0005,0.1,0.1,0.99,0.01,A,opposed_binary_state_preferences_v1,binary_stay_switch_a0_0p1_a1_0p9_v1__exogenous,85,A,A,0.002522984842661223,0.0025082447072526277,0.01,0.8458252427184466,0.025410308210305443,0.02528308254189758,1.5614852027709403e-08,agreement,,,a1,a1,0,AI,a1,AI,0.14388489208633093,0.14388489208633093,True,True,1.0,0.0,0.9830952080499304,0.9830952080499304,1.1111097424122414,1.1098779134295227,1.1111097424122414,4,81,0.047058823529411764,0.9529411764705882,67,16,2,0.788235294117647,0.18823529411764706,0.023529411764705882,2,14,0.125,0.875,84,1,0.9882352941176471,0.011764705882352941,11,56,0,0,19,65,0,1
scenario1,200,scenario1__H200__eta-global_decay__states-exogenous,cfg_3734ec426b4dcce1d840,run_8e3a03a8d67ee4bf,1,42,global_decay,global_decay_eta0_0p15_c_0p0005,True,0.35,0.85,0.15,0.0005,0.1,0.1,0.99,0.01,A,opposed_binary_state_preferences_v1,binary_stay_switch_a0_0p1_a1_0p9_v1__exogenous,86,A,A,0.0021599654408394646,0.002147346188223473,0.01,0.8458252427184466,0.022238813858226448,0.022127059167580287,1.3363261571960883e-08,agreement,,,a1,a1,0,AI,a1,AI,0.14381591562799617,0.14381591562799617,True,True,1.0,0.0,0.9847856872449374,0.9847856872449374,1.1111097424122414,1.1098779134295227,1.1111097424122414,4,82,0.046511627906976744,0.9534883720930233,68,16,2,0.7906976744186046,0.18604651162790697,0.023255813953488372,2,14,0.125,0.875,85,1,0.9883720930232558,0.011627906976744186,11,57,0,0,19,66,0,1
scenario1,200,scenario1__H200__eta-global_decay__states-exogenous,cfg_3734ec426b4dcce1d840,run_8e3a03a8d67ee4bf,1,42,global_decay,global_decay_eta0_0p15_c_0p0005,True,0.35,0.85,0.15,0.0005,0.1,0.1,0.99,0.01,A,opposed_binary_state_preferences_v1,binary_stay_switch_a0_0p1_a1_0p9_v1__exogenous,87,A,A,0.0018493280332403086,0.0018385236299938267,0.01,0.8458252427184466,0.019455195996091794,0.019357088308239644,1.14378616508648e-08,agreement,,,a1,a1,0,AI,a1,AI,0.1437470052707235,0.1437470052707235,True,True,1.0,0.0,0.9863071185204437,0.9863071185204437,1.1111097424122414,1.1098779134295227,1.1111097424122414,4,83,0.04597701149425287,0.9540229885057471,69,16,2,0.7931034482758621,0.1839080459770115,0.022988505747126436,2,14,0.125,0.875,86,1,0.9885057471264368,0.011494252873563218,11,58,0,0,19,67,0,1
scenario1,200,scenario1__H200__eta-global_decay__states-exogenous,cfg_3734ec426b4dcce1d840,run_8e3a03a8d67ee4bf,1,42,global_decay,global_decay_eta0_0p15_c_0p0005,True,0.35,0.85,0.15,0.0005,0.1,0.1,0.99,0.01,A,opposed_binary_state_preferences_v1,binary_stay_switch_a0_0p1_a1_0p9_v1__exogenous,88,A,A,0.0015834926666988176,0.0015742413640627544,0.01,0.8458252427184466,0.017013403535645573,0.01692732370727715,9.791103207715257e-09,agreement,,,a1,a1,0,AI,a1,AI,0.14367816091954022,0.14367816091954022,True,True,1.0,0.0,0.9876764066683994,0.9876764066683994,1.1111097424122414,1.1098779134295227,1.1111097424122414,4,84,0.045454545454545456,0.9545454545454546,70,16,2,0.7954545454545454,0.18181818181818182,0.022727272727272728,2,14,0.125,0.875,87,1,0.9886363636363636,0.011363636363636364,11,59,0,0,19,68,0,1
scenario1,200,scenario1__H200__eta-global_decay__states-exogenous,cfg_3734ec426b4dcce1d840,run_8e3a03a8d67ee4bf,1,42,global_decay,global_decay_eta0_0p15_c_0p0005,True,0.35,0.85,0.15,0.0005,0.1,0.1,0.99,0.01,A,opposed_binary_state_preferences_v1,binary_stay_switch_a0_0p1_a1_0p9_v1__exogenous,89,A,A,0.001355979352517953,0.0013480572600307495,0.01,0.8458252427184466,0.014872606007317036,0.014797118607833457,8.382430944677e-09,agreement,,,a1,a1,0,AI,a1,AI,0.14360938247965532,0.14360938247965532,True,True,1.0,0.0,0.9889087660015594,0.9889087660015594,1.1111097424122414,1.1098779134295227,1.1111097424122414,4,85,0.0449438202247191,0.9550561797752809,71,16,2,0.797752808988764,0.1797752808988764,0.02247191011235955,2,14,0.125,0.875,88,1,0.9887640449438202,0.011235955056179775,11,60,0,0,19,69,0,1
scenario1,200,scenario1__H200__eta-global_decay__states-exogenous,cfg_3734ec426b4dcce1d840,run_8e3a03a8d67ee4bf,1,42,global_decay,global_decay_eta0_0p15_c_0p0005,True,0.35,0.85,0.15,0.0005,0.1,0.1,0.99,0.01,A,opposed_binary_state_preferences_v1,binary_stay_switch_a0_0p1_a1_0p9_v1__exogenous,90,A,A,0.001161247995047687,0.0011544635893705173,0.01,0.8458252427184466,0.01299664718633869,0.0129304811887609,7.177239766918697e-09,agreement,,,a1,a1,0,AI,a1,AI,0.14354066985645933,0.14354066985645933,True,True,1.0,0.0,0.9900178894014035,0.9900178894014035,1.1111097424122414,1.1098779134295227,1.1111097424122414,4,86,0.044444444444444446,0.9555555555555556,72,16,2,0.8,0.17777777777777778,0.022222222222222223,2,14,0.125,0.875,89,1,0.9888888888888889,0.011111111111111112,11,61,0,0,19,70,0,1
scenario1,200,scenario1__H200__eta-global_decay__states-exogenous,cfg_3734ec426b4dcce1d840,run_8e3a03a8d67ee4bf,1,42,global_decay,global_decay_eta0_0p15_c_0p0005,True,0.35,0.85,0.15,0.0005,0.1,0.1,0.99,0.01,A,opposed_binary_state_preferences_v1,binary_stay_switch_a0_0p1_a1_0p9_v1__exogenous,91,A,A,0.0009945616799690716,0.000988751112427381,0.01,0.8458252427184466,0.011353547068702808,0.011295578274249292,6.145991465755785e-09,agreement,,,a1,a1,0,AI,a1,AI,0.14347202295552366,0.14347202295552366,True,True,1.0,0.0,0.9910161004612631,0.9910161004612631,1.1111097424122414,1.1098779134295227,1.1111097424122414,4,87,0.04395604395604396,0.9560439560439561,73,16,2,0.8021978021978022,0.17582417582417584,0.02197802197802198,2,14,0.125,0.875,90,1,0.989010989010989,0.01098901098901099,11,62,0,0,19,71,0,1
scenario1,200,scenario1__H200__eta-global_decay__states-exogenous,cfg_3734ec426b4dcce1d840,run_8e3a03a8d67ee4bf,1,42,global_decay,global_decay_eta0_0p15_c_0p0005,True,0.35,0.85,0.15,0.0005,0.1,0.1,0.99,0.01,A,opposed_binary_state_preferences_v1,binary_stay_switch_a0_0p1_a1_0p9_v1__exogenous,92,A,A,0.0008518699037898649,0.0008468929901279003,0.01,0.8458252427184466,0.009915049794576816,0.009864284897337407,5.263463890431419e-09,agreement,,,a1,a1,0,AI,a1,AI,0.14340344168260036,0.14340344168260036,True,True,1.0,0.0,0.9919144904151368,0.9919144904151368,1.1111097424122414,1.1098779134295227,1.1111097424122414,4,88,0.043478260869565216,0.9565217391304348,74,16,2,0.8043478260869565,0.17391304347826086,0.021739130434782608,2,14,0.125,0.875,91,1,0.9891304347826086,0.010869565217391304,11,63,0,0,19,72,0,1
scenario1,200,scenario1__H200__eta-global_decay__states-exogenous,cfg_3734ec426b4dcce1d840,run_8e3a03a8d67ee4bf,1,42,global_decay,global_decay_eta0_0p15_c_0p0005,True,0.35,0.85,0.15,0.0005,0.1,0.1,0.99,0.01,A,opposed_binary_state_preferences_v1,binary_stay_switch_a0_0p1_a1_0p9_v1__exogenous,93,A,A,0.0007297088277205727,0.000725445620606691,0.01,0.8458252427184466,0.008656214759903713,0.008611776947675967,4.5081157843199215e-09,agreement,,,a1,a1,0,AI,a1,AI,0.1433349259436216,0.1433349259436216,True,True,1.0,0.0,0.9927230413736231,0.9927230413736231,1.1111097424122414,1.1098779134295227,1.1111097424122414,4,89,0.043010752688172046,0.956989247311828,75,16,2,0.8064516129032258,0.17204301075268819,0.021505376344086023,2,14,0.125,0.875,92,1,0.989247311827957,0.010752688172043012,11,64,0,0,19,73,0,1
scenario1,200,scenario1__H200__eta-global_decay__states-exogenous,cfg_3734ec426b4dcce1d840,run_8e3a03a8d67ee4bf,1,42,global_decay,global_decay_eta0_0p15_c_0p0005,True,0.35,0.85,0.15,0.0005,0.1,0.1,0.99,0.01,A,opposed_binary_state_preferences_v1,binary_stay_switch_a0_0p1_a1_0p9_v1__exogenous,94,A,A,0.0006251160669388374,0.0006214639263009063,0.01,0.8458252427184466,0.007555047963627742,0.007516163945882691,3.8615422170637514e-09,agreement,,,a1,a1,0,AI,a1,AI,0.14326647564469913,0.14326647564469913,True,True,1.0,0.0,0.9934507372362608,0.9934507372362608,1.1111097424122414,1.1098779134295227,1.1111097424122414,4,90,0.0425531914893617,0.9574468085106383,76,16,2,0.8085106382978723,0.1702127659574468,0.02127659574468085,2,14,0.125,0.875,93,1,0.9893617021276596,0.010638297872340425,11,65,0,0,19,74,0,1
scenario1,200,scenario1__H200__eta-global_decay__states-exogenous,cfg_3734ec426b4dcce1d840,run_8e3a03a8d67ee4bf,1,42,global_decay,global_decay_eta0_0p15_c_0p0005,True,0.35,0.85,0.15,0.0005,0.1,0.1,0.99,0.01,A,opposed_binary_state_preferences_v1,binary_stay_switch_a0_0p1_a1_0p9_v1__exogenous,95,A,A,0.0005355578911596343,0.0005324289798394584,0.01,0.8458252427184466,0.006592170565910885,0.006558158918629804,3.3080170248021845e-09,agreement,,,a1,a1,0,AI,a1,AI,0.14319809069212408,0.14319809069212408,True,True,1.0,0.0,0.9941056635126346,0.9941056635126346,1.1111097424122414,1.1098779134295227,1.1111097424122414,4,91,0.042105263157894736,0.9578947368421052,77,16,2,0.8105263157894737,0.16842105263157894,0.021052631578947368,2,14,0.125,0.875,94,1,0.9894736842105263,0.010526315789473684,11,66,0,0,19,75,0,1
scenario1,200,scenario1__H200__eta-global_decay__states-exogenous,cfg_3734ec426b4dcce1d840,run_8e3a03a8d67ee4bf,1,42,global_decay,global_decay_eta0_0p15_c_0p0005,True,0.35,0.85,0.15,0.0005,0.1,0.1,0.99,0.01,A,opposed_binary_state_preferences_v1,binary_stay_switch_a0_0p1_a1_0p9_v1__exogenous,96,A,A,0.0004588670236904743,0.00045618616649729254,0.01,0.8458252427184466,0.005750521648943135,0.005720782367642691,2.8340985539290764e-09,agreement,,,a1,a1,0,AI,a1,AI,0.1431297709923664,0.1431297709923664,True,True,1.0,0.0,0.9946950971613712,0.9946950971613712,1.1111097424122414,1.1098779134295227,1.1111097424122414,4,92,0.041666666666666664,0.9583333333333334,78,16,2,0.8125,0.16666666666666666,0.020833333333333332,2,14,0.125,0.875,95,1,0.9895833333333334,0.010416666666666666,11,67,0,0,19,76,0,1
scenario1,200,scenario1__H200__eta-global_decay__states-exogenous,cfg_3734ec426b4dcce1d840,run_8e3a03a8d67ee4bf,1,42,global_decay,global_decay_eta0_0p15_c_0p0005,True,0.35,0.85,0.15,0.0005,0.1,0.1,0.99,0.01,A,opposed_binary_state_preferences_v1,binary_stay_switch_a0_0p1_a1_0p9_v1__exogenous,97,A,A,0.00039318949167370794,0.00039089234495664956,0.01,0.8458252427184466,0.005015092251038085,0.0049890974068569375,2.4282955164885156e-09,agreement,,,a1,a1,0,AI,a1,AI,0.14306151645207438,0.14306151645207438,True,True,1.0,0.0,0.995225587445234,0.995225587445234,1.1111097424122414,1.1098779134295227,1.1111097424122414,4,93,0.041237113402061855,0.9587628865979382,79,16,2,0.8144329896907216,0.16494845360824742,0.020618556701030927,2,14,0.125,0.875,96,1,0.9896907216494846,0.010309278350515464,11,68,0,0,19,77,0,1
scenario1,200,scenario1__H200__eta-global_decay__states-exogenous,cfg_3734ec426b4dcce1d840,run_8e3a03a8d67ee4bf,1,42,global_decay,global_decay_eta0_0p15_c_0p0005,True,0.35,0.85,0.15,0.0005,0.1,0.1,0.99,0.01,A,opposed_binary_state_preferences_v1,binary_stay_switch_a0_0p1_a1_0p9_v1__exogenous,98,A,A,0.000336939206741847,0.00033497069331764394,0.01,0.8458252427184466,0.004372687867079315,0.004349973265689439,2.080783129132513e-09,agreement,,,a1,a1,0,AI,a1,AI,0.14299332697807435,0.14299332697807435,True,True,1.0,0.0,0.9957030287007106,0.9957030287007106,1.1111097424122414,1.1098779134295227,1.1111097424122414,4,94,0.04081632653061224,0.9591836734693877,80,16,2,0.8163265306122449,0.16326530612244897,0.02040816326530612,2,14,0.125,0.875,97,1,0.9897959183673469,0.01020408163265306,11,69,0,0,19,78,0,1
scenario1,200,scenario1__H200__eta-global_decay__states-exogenous,cfg_3734ec426b4dcce1d840,run_8e3a03a8d67ee4bf,1,42,global_decay,global_decay_eta0_0p15_c_0p0005,True,0.35,0.85,0.15,0.0005,0.1,0.1,0.99,0.01,A,opposed_binary_state_preferences_v1,binary_stay_switch_a0_0p1_a1_0p9_v1__exogenous,99,A,A,0.0002887591485804771,0.0002870721194400018,0.01,0.8458252427184466,0.003811716759070428,0.00379187450792353,1.7831593367677312e-09,agreement,,,a1,a1,0,AI,a1,AI,0.14292520247737014,0.14292520247737014,True,True,1.0,0.0,0.9961327258306395,0.9961327258306395,1.1111097424122414,1.1098779134295227,1.1111097424122414,4,95,0.04040404040404041,0.9595959595959596,81,16,2,0.8181818181818182,0.16161616161616163,0.020202020202020204,2,14,0.125,0.875,98,1,0.98989898989899,0.010101010101010102,11,70,0,0,19,79,0,1
scenario1,200,scenario1__H200__eta-global_decay__states-exogenous,cfg_3734ec426b4dcce1d840,run_8e3a03a8d67ee4bf,1,42,global_decay,global_decay_eta0_0p15_c_0p0005,True,0.35,0.85,0.15,0.0005,0.1,0.1,0.99,0.01,A,opposed_binary_state_preferences_v1,binary_stay_switch_a0_0p1_a1_0p9_v1__exogenous,100,A,A,0.00024748818880241947,0.00024604227864343176,0.01,0.8458252427184466,0.0033220015881949773,0.0033046734838450493,1.5282382609827644e-09,agreement,,,a1,a1,0,AI,a1,AI,0.14285714285714285,0.14285714285714285,True,True,1.0,0.0,0.9965194532475755,0.9965194532475755,1.1111097424122414,1.1098779134295227,1.1111097424122414,4,96,0.04,0.96,82,16,2,0.82,0.16,0.02,2,14,0.125,0.875,99,1,0.99,0.01,11,71,0,0,19,80,0,1
scenario1,200,scenario1__H200__eta-global_decay__states-exogenous,cfg_3734ec426b4dcce1d840,run_8e3a03a8d67ee4bf,1,42,global_decay,global_decay_eta0_0p15_c_0p0005,True,0.35,0.85,0.15,0.0005,0.1,0.1,0.99,0.01,A,opposed_binary_state_preferences_v1,binary_stay_switch_a0_0p1_a1_0p9_v1__exogenous,101,A,A,0.0002121327332592167,0.00021089338169437004,0.01,0.8458252427184466,0.0028946120559038093,0.0028794837095916016,1.3098720367914207e-09,agreement,,,a1,a1,0,AI,a1,AI,0.14278914802475012,0.14278914802475012,True,True,1.0,0.0,0.996867507922818,0.996867507922818,1.1111097424122414,1.1098779134295227,1.1111097424122414,4,97,0.039603960396039604,0.9603960396039604,83,16,2,0.8217821782178217,0.15841584158415842,0.019801980198019802,2,14,0.125,0.875,100,1,0.9900990099009901,0.009900990099009901,11,72,0,0,19,81,0,1
scenario1,200,scenario1__H200__eta-global_decay__states-exogenous,cfg_3734ec426b4dcce1d840,run_8e3a03a8d67ee4bf,1,42,global_decay,global_decay_eta0_0p15_c_0p0005,True,0.35,0.85,0.15,0.0005,0.1,0.1,0.99,0.01,A,opposed_binary_state_preferences_v1,binary_stay_switch_a0_0p1_a1_0p9_v1__exogenous,102,A,A,0.0001818424810089716,0.00018078009539817253,0.01,0.8458252427184466,0.0025217164198188696,0.0025085120459598822,1.1228026763551724e-09,agreement,,,a1,a1,0,AI,a1,AI,0.142721217887726,0.142721217887726,True,True,1.0,0.0,0.9971807571305362,0.9971807571305362,1.1111097424122414,1.1098779134295227,1.1111097424122414,4,98,0.0392156862745098,0.9607843137254902,84,16,2,0.8235294117647058,0.1568627450980392,0.0196078431372549,2,14,0.125,0.875,101,1,0.9901960784313726,0.00980392156862745,11,73,0,0,19,82,0,1
scenario1,200,scenario1__H200__eta-global_decay__states-exogenous,cfg_3734ec426b4dcce1d840,run_8e3a03a8d67ee4bf,1,42,global_decay,global_decay_eta0_0p15_c_0p0005,True,0.35,0.85,0.15,0.0005,0.1,0.1,0.99,0.01,A,opposed_binary_state_preferences_v1,binary_stay_switch_a0_0p1_a1_0p9_v1__exogenous,103,A,A,0.0001558897006556455,0.00015497894001308607,0.01,0.8458252427184466,0.002196449926115766,0.002184927724652573,9.625299190497982e-10,agreement,,,a1,a1,0,AI,a1,AI,0.1426533523537803,0.1426533523537803,True,True,1.0,0.0,0.9974626814174826,0.9974626814174826,1.1111097424122414,1.1098779134295227,1.1111097424122414,4,99,0.038834951456310676,0.9611650485436893,85,16,2,0.8252427184466019,0.1553398058252427,0.019417475728155338,2,14,0.125,0.875,102,1,0.9902912621359223,0.009708737864077669,11,74,0,0,19,83,0,1
scenario1,200,scenario1__H200__eta-global_decay__states-exogenous,cfg_3734ec426b4dcce1d840,run_8e3a03a8d67ee4bf,1,42,global_decay,global_decay_eta0_0p15_c_0p0005,True,0.35,0.85,0.15,0.0005,0.1,0.1,0.99,0.01,A,opposed_binary_state_preferences_v1,binary_stay_switch_a0_0p1_a1_0p9_v1__exogenous,104,A,A,0.00013365151225969035,0.0001328706746759839,0.01,0.8458252427184466,0.0019127983702806205,0.0019027464399421084,8.252035673707303e-10,agreement,,,a1,a1,0,AI,a1,AI,0.14258555133079848,0.14258555133079848,True,True,1.0,0.0,0.9977164132757343,0.9977164132757343,1.1111097424122414,1.1098779134295227,1.1111097424122414,4,100,0.038461538461538464,0.9615384615384616,86,16,2,0.8269230769230769,0.15384615384615385,0.019230769230769232,2,14,0.125,0.875,103,1,0.9903846153846154,0.009615384615384616,11,75,0,0,19,84,0,1
scenario1,200,scenario1__H200__eta-global_decay__states-exogenous,cfg_3734ec426b4dcce1d840,run_8e3a03a8d67ee4bf,1,42,global_decay,global_decay_eta0_0p15_c_0p0005,True,0.35,0.85,0.15,0.0005,0.1,0.1,0.99,0.01,A,opposed_binary_state_preferences_v1,binary_stay_switch_a0_0p1_a1_0p9_v1__exogenous,105,A,A,0.00011459473769794743,0.00011392523627161358,0.01,0.8458252427184466,0.001665495160539908,0.0016567278858314015,7.075280164265535e-10,agreement,,,a1,a1,0,AI,a1,AI,0.14251781472684086,0.14251781472684086,True,True,1.0,0.0,0.9979447719481609,0.9979447719481609,1.1111097424122414,1.1098779134295227,1.1111097424122414,4,101,0.0380952380952381,0.9619047619047619,87,16,2,0.8285714285714286,0.1523809523809524,0.01904761904761905,2,14,0.125,0.875,104,1,0.9904761904761905,0.009523809523809525,11,76,0,0,19,85,0,1
scenario1,200,scenario1__H200__eta-global_decay__states-exogenous,cfg_3734ec426b4dcce1d840,run_8e3a03a8d67ee4bf,1,42,global_decay,global_decay_eta0_0p15_c_0p0005,True,0.35,0.85,0.15,0.0005,0.1,0.1,0.99,0.01,A,opposed_binary_state_preferences_v1,binary_stay_switch_a0_0p1_a1_0p9_v1__exogenous,106,A,A,9.826294610204042e-05,9.768886055594418e-05,0.01,0.8458252427184466,0.0014499304114265305,0.0014422852716047731,6.066827089529561e-10,agreement,,,a1,a1,0,AI,a1,AI,0.14245014245014245,0.14245014245014245,True,True,1.0,0.0,0.9981502947533448,0.9981502947533448,1.1111097424122414,1.1098779134295227,1.1111097424122414,4,102,0.03773584905660377,0.9622641509433962,88,16,2,0.8301886792452831,0.1509433962264151,0.018867924528301886,2,14,0.125,0.875,105,1,0.9905660377358491,0.009433962264150943,11,77,0,0,19,86,0,1
scenario1,200,scenario1__H200__eta-global_decay__states-exogenous,cfg_3734ec426b4dcce1d840,run_8e3a03a8d67ee4bf,1,42,global_decay,global_decay_eta0_0p15_c_0p0005,True,0.35,0.85,0.15,0.0005,0.1,0.1,0.99,0.01,A,opposed_binary_state_preferences_v1,binary_stay_switch_a0_0p1_a1_0p9_v1__exogenous,107,A,A,8.42653754322341e-05,8.377306845395783e-05,0.01,0.8458252427184466,0.0012620707380578164,0.001255405491408257,5.202534777764764e-10,agreement,,,a1,a1,0,AI,a1,AI,0.14238253440911247,0.14238253440911247,True,True,1.0,0.0,0.9983352652780103,0.9983352652780103,1.1111097424122414,1.1098779134295227,1.1111097424122414,4,103,0.037383177570093455,0.9626168224299065,89,16,2,0.8317757009345794,0.14953271028037382,0.018691588785046728,2,14,0.125,0.875,106,1,0.9906542056074766,0.009345794392523364,11,78,0,0,19,87,0,1
scenario1,200,scenario1__H200__eta-global_decay__states-exogenous,cfg_3734ec426b4dcce1d840,run_8e3a03a8d67ee4bf,1,42,global_decay,global_decay_eta0_0p15_c_0p0005,True,0.35,0.85,0.15,0.0005,0.1,0.1,0.99,0.01,A,opposed_binary_state_preferences_v1,binary_stay_switch_a0_0p1_a1_0p9_v1__exogenous,108,A,A,7.226745771525725e-05,7.184524665225526e-05,0.01,0.8458252427184466,0.0010983885543992297,0.0010925787558154975,4.46173130884929e-10,agreement,,,a1,a1,0,AI,a1,AI,0.14231499051233396,0.14231499051233396,True,True,1.0,0.0,0.9985017387502093,0.9985017387502093,1.1111097424122414,1.1098779134295227,1.1111097424122414,4,104,0.037037037037037035,0.9629629629629629,90,16,2,0.8333333333333334,0.14814814814814814,0.018518518518518517,2,14,0.125,0.875,107,1,0.9907407407407407,0.009259259259259259,11,79,0,0,19,88,0,1
scenario1,200,scenario1__H200__eta-global_decay__states-exogenous,cfg_3734ec426b4dcce1d840,run_8e3a03a8d67ee4bf,1,42,global_decay,global_decay_eta0_0p15_c_0p0005,True,0.35,0.85,0.15,0.0005,0.1,0.1,0.99,0.01,A,opposed_binary_state_preferences_v1,binary_stay_switch_a0_0p1_a1_0p9_v1__exogenous,109,A,A,6.198271515615991e-05,6.162059105658326e-05,0.01,0.8458252427184466,0.0009557998010447559,0.0009507366152196125,3.826720016710493e-10,agreement,,,a1,a1,0,AI,a1,AI,0.1422475106685633,0.1422475106685633,True,True,1.0,0.0,0.9986515648751884,0.9986515648751884,1.1111097424122414,1.1098779134295227,1.1111097424122414,4,105,0.03669724770642202,0.963302752293578,91,16,2,0.8348623853211009,0.14678899082568808,0.01834862385321101,2,14,0.125,0.875,108,1,0.9908256880733946,0.009174311926605505,11,80,0,0,19,89,0,1
scenario1,200,scenario1__H200__eta-global_decay__states-exogenous,cfg_3734ec426b4dcce1d840,run_8e3a03a8d67ee4bf,1,42,global_decay,global_decay_eta0_0p15_c_0p0005,True,0.35,0.85,0.15,0.0005,0.1,0.1,0.99,0.01,A,opposed_binary_state_preferences_v1,binary_stay_switch_a0_0p1_a1_0p9_v1__exogenous,110,A,A,5.316582822071753e-05,5.285521537285875e-05,0.01,0.8458252427184466,0.0008316091400623789,0.0008271974165400918,3.282349648700035e-10,agreement,,,a1,a1,0,AI,a1,AI,0.14218009478672985,0.14218009478672985,True,True,1.0,0.0,0.9987864083876695,0.9987864083876695,1.1111097424122414,1.1098779134295227,1.1111097424122414,4,106,0.03636363636363636,0.9636363636363636,92,16,2,0.8363636363636363,0.14545454545454545,0.01818181818181818,2,14,0.125,0.875,109,1,0.990909090909091,0.00909090909090909,11,81,0,0,19,90,0,1
scenario1,200,scenario1__H200__eta-global_decay__states-exogenous,cfg_3734ec426b4dcce1d840,run_8e3a03a8d67ee4bf,1,42,global_decay,global_decay_eta0_0p15_c_0p0005,True,0.35,0.85,0.15,0.0005,0.1,0.1,0.99,0.01,A,opposed_binary_state_preferences_v1,binary_stay_switch_a0_0p1_a1_0p9_v1__exogenous,111,A,A,4.5606705724880915e-05,4.534025584117268e-05,0.01,0.8458252427184466,0.0007234617566109611,0.0007196183365432234,2.815644327934519e-10,agreement,,,a1,a1,0,AI,a1,AI,0.14211274277593555,0.14211274277593555,True,True,1.0,0.0,0.9989077675489025,0.9989077675489025,1.1111097424122414,1.1098779134295227,1.1111097424122414,4,107,0.036036036036036036,0.963963963963964,93,16,2,0.8378378378378378,0.14414414414414414,0.018018018018018018,2,14,0.125,0.875,110,1,0.990990990990991,0.009009009009009009,11,82,0,0,19,91,0,1
scenario1,200,scenario1__H200__eta-global_decay__states-exogenous,cfg_3734ec426b4dcce1d840,run_8e3a03a8d67ee4bf,1,42,global_decay,global_decay_eta0_0p15_c_0p0005,True,0.35,0.85,0.15,0.0005,0.1,0.1,0.99,0.01,A,opposed_binary_state_preferences_v1,binary_stay_switch_a0_0p1_a1_0p9_v1__exogenous,112,A,A,3.9125411685343126e-05,3.8896827725420995e-05,0.01,0.8458252427184466,0.0006293009998199142,0.0006259532275241907,2.4154889801666565e-10,agreement,,,a1,a1,0,AI,a1,AI,0.14204545454545453,0.14204545454545453,True,True,1.0,0.0,0.9990169907940123,0.9990169907940123,1.1111097424122414,1.1098779134295227,1.1111097424122414,4,108,0.03571428571428571,0.9642857142857143,94,16,2,0.8392857142857143,0.14285714285714285,0.017857142857142856,2,14,0.125,0.875,111,1,0.9910714285714286,0.008928571428571428,11,83,0,0,19,92,0,1
scenario1,200,scenario1__H200__eta-global_decay__states-exogenous,cfg_3734ec426b4dcce1d840,run_8e3a03a8d67ee4bf,1,42,global_decay,global_decay_eta0_0p15_c_0p0005,True,0.35,0.85,0.15,0.0005,0.1,0.1,0.99,0.01,A,opposed_binary_state_preferences_v1,binary_stay_switch_a0_0p1_a1_0p9_v1__exogenous,113,A,A,3.356782479822052e-05,3.3371710150787326e-05,0.01,0.8458252427184466,0.0005473311793901996,0.0005444155947555055,2.0723689534178288e-10,agreement,,,a1,a1,0,AI,a1,AI,0.14197823000473261,0.14197823000473261,True,True,1.0,0.0,0.9991152917146111,0.9991152917146111,1.1111097424122414,1.1098779134295227,1.1111097424122414,4,109,0.035398230088495575,0.9646017699115044,95,16,2,0.8407079646017699,0.1415929203539823,0.017699115044247787,2,14,0.125,0.875,112,1,0.9911504424778761,0.008849557522123894,11,84,0,0,19,93,0,1
scenario1,200,scenario1__H200__eta-global_decay__states-exogenous,cfg_3734ec426b4dcce1d840,run_8e3a03a8d67ee4bf,1,42,global_decay,global_decay_eta0_0p15_c_0p0005,True,0.35,0.85,0.15,0.0005,0.1,0.1,0.99,0.01,A,opposed_binary_state_preferences_v1,binary_stay_switch_a0_0p1_a1_0p9_v1__exogenous,114,A,A,2.8801924448260202e-05,2.8633653811347573e-05,0.01,0.8458252427184466,0.00047598491012556973,0.0004734461005702039,1.7781300271167005e-10,agreement,,,a1,a1,0,AI,a1,AI,0.14191106906338694,0.14191106906338694,True,True,1.0,0.0,0.99920376254315,0.99920376254315,1.1111097424122414,1.1098779134295227,1.1111097424122414,4,110,0.03508771929824561,0.9649122807017544,96,16,2,0.8421052631578947,0.14035087719298245,0.017543859649122806,2,14,0.125,0.875,113,1,0.9912280701754386,0.008771929824561403,11,85,0,0,19,94,0,1
scenario1,200,scenario1__H200__eta-global_decay__states-exogenous,cfg_3734ec426b4dcce1d840,run_8e3a03a8d67ee4bf,1,42,global_decay,global_decay_eta0_0p15_c_0p0005,True,0.35,0.85,0.15,0.0005,0.1,0.1,0.99,0.01,A,opposed_binary_state_preferences_v1,binary_stay_switch_a0_0p1_a1_0p9_v1__exogenous,115,A,A,2.4714612558724696e-05,2.4570221387788317e-05,0.01,0.8458252427184466,0.0004138944647523493,0.00041168405782264023,1.5257859876265968e-10,agreement,,,a1,a1,0,AI,a1,AI,0.14184397163120566,0.14184397163120566,True,True,1.0,0.0,0.9992833862888351,0.9992833862888351,1.1111097424122414,1.1098779134295227,1.1111097424122414,4,111,0.034782608695652174,0.9652173913043478,97,16,2,0.8434782608695652,0.1391304347826087,0.017391304347826087,2,14,0.125,0.875,114,1,0.991304347826087,0.008695652173913044,11,86,0,0,19,95,0,1
scenario1,200,scenario1__H200__eta-global_decay__states-exogenous,cfg_3734ec426b4dcce1d840,run_8e3a03a8d67ee4bf,1,42,global_decay,global_decay_eta0_0p15_c_0p0005,True,0.35,0.85,0.15,0.0005,0.1,0.1,0.99,0.01,A,opposed_binary_state_preferences_v1,binary_stay_switch_a0_0p1_a1_0p9_v1__exogenous,116,A,A,2.120899375606871e-05,2.108508360228643e-05,0.01,0.8458252427184466,0.0003598666565248344,0.0003579424363699036,1.3093585536552016e-10,agreement,,,a1,a1,0,AI,a1,AI,0.14177693761814744,0.14177693761814744,True,True,1.0,0.0,0.9993550476599515,0.9993550476599515,1.1111097424122414,1.1098779134295227,1.1111097424122414,4,112,0.034482758620689655,0.9655172413793104,98,16,2,0.8448275862068966,0.13793103448275862,0.017241379310344827,2,14,0.125,0.875,115,1,0.9913793103448276,0.008620689655172414,11,87,0,0,19,96,0,1
scenario1,200,scenario1__H200__eta-global_decay__states-exogenous,cfg_3734ec426b4dcce1d840,run_8e3a03a8d67ee4bf,1,42,global_decay,global_decay_eta0_0p15_c_0p0005,True,0.35,0.85,0.15,0.0005,0.1,0.1,0.99,0.01,A,opposed_binary_state_preferences_v1,binary_stay_switch_a0_0p1_a1_0p9_v1__exogenous,117,A,A,1.8202047571370877e-05,1.8095705019731643e-05,0.01,0.8458252427184466,0.00031286082786926135,0.00031118596074173786,1.1237191399290393e-10,agreement,,,a1,a1,0,AI,a1,AI,0.14170996693434104,0.14170996693434104,True,True,1.0,0.0,0.9994195428939564,0.9994195428939564,1.1111097424122414,1.1098779134295227,1.1111097424122414,4,113,0.03418803418803419,0.9658119658119658,99,16,2,0.8461538461538461,0.13675213675213677,0.017094017094017096,2,14,0.125,0.875,116,1,0.9914529914529915,0.008547008547008548,11,88,0,0,19,97,0,1
scenario1,200,scenario1__H200__eta-global_decay__states-exogenous,cfg_3734ec426b4dcce1d840,run_8e3a03a8d67ee4bf,1,42,global_decay,global_decay_eta0_0p15_c_0p0005,True,0.35,0.85,0.15,0.0005,0.1,0.1,0.99,0.01,A,opposed_binary_state_preferences_v1,binary_stay_switch_a0_0p1_a1_0p9_v1__exogenous,118,A,A,1.562263601189461e-05,1.5531363259731883e-05,0.01,0.8458252427184466,0.00027196957022164827,0.00027051192586959136,9.644729687206116e-11,agreement,,,a1,a1,0,AI,a1,AI,0.141643059490085,0.141643059490085,True,True,1.0,0.0,0.9994775886045607,0.9994775886045607,1.1111097424122414,1.1098779134295227,1.1111097424122414,4,114,0.03389830508474576,0.9661016949152542,100,16,2,0.847457627118644,0.13559322033898305,0.01694915254237288,2,14,0.125,0.875,117,1,0.9915254237288136,0.00847457627118644,11,89,0,0,19,98,0,1
scenario1,200,scenario1__H200__eta-global_decay__states-exogenous,cfg_3734ec426b4dcce1d840,run_8e3a03a8d67ee4bf,1,42,global_decay,global_decay_eta0_0p15_c_0p0005,True,0.35,0.85,0.15,0.0005,0.1,0.1,0.99,0.01,A,opposed_binary_state_preferences_v1,binary_stay_switch_a0_0p1_a1_0p9_v1__exogenous,119,A,A,1.3409798049869877e-05,1.3331453449571559e-05,0.01,0.8458252427184466,0.00023640184383997556,0.00023513340118102563,8.278601263712881e-11,agreement,,,a1,a1,0,AI,a1,AI,0.14157621519584707,0.14157621519584707,True,True,1.0,0.0,0.9995298297441046,0.9995298297441046,1.1111097424122414,1.1098779134295227,1.1111097424122414,4,115,0.03361344537815126,0.9663865546218487,101,16,2,0.8487394957983193,0.13445378151260504,0.01680672268907563,2,14,0.125,0.875,118,1,0.9915966386554622,0.008403361344537815,11,90,0,0,19,99,0,1
scenario1,200,scenario1__H200__eta-global_decay__states-exogenous,cfg_3734ec426b4dcce1d840,run_8e3a03a8d67ee4bf,1,42,global_decay,global_decay_eta0_0p15_c_0p0005,True,0.35,0.85,0.15,0.0005,0.1,0.1,0.99,0.01,A,opposed_binary_state_preferences_v1,binary_stay_switch_a0_0p1_a1_0p9_v1__exogenous,120,A,A,1.1511289595428649e-05,1.1444036727121597e-05,0.01,0.8458252427184466,0.00020546820520115863,0.00020436453202915967,7.106533644971741e-11,agreement,,,a1,a1,0,AI,a1,AI,0.14150943396226415,0.14150943396226415,True,True,1.0,0.0,0.9995768467696942,0.9995768467696942,1.1111097424122414,1.1098779134295227,1.1111097424122414,4,116,0.03333333333333333,0.9666666666666667,102,16,2,0.85,0.13333333333333333,0.016666666666666666,2,14,0.125,0.875,119,1,0.9916666666666667,0.008333333333333333,11,91,0,0,19,100,0,1
scenario1,200,scenario1__H200__eta-global_decay__states-exogenous,cfg_3734ec426b4dcce1d840,run_8e3a03a8d67ee4bf,1,42,global_decay,global_decay_eta0_0p15_c_0p0005,True,0.35,0.85,0.15,0.0005,0.1,0.1,0.99,0.01,A,opposed_binary_state_preferences_v1,binary_stay_switch_a0_0p1_a1_0p9_v1__exogenous,121,A,A,9.88233352060384e-06,9.824597567623259e-06,0.01,0.8458252427184466,0.00017856788411222438,0.00017760768179702165,6.10089706076615e-11,agreement,,,a1,a1,0,AI,a1,AI,0.14144271570014144,0.14144271570014144,True,True,1.0,0.0,0.9996191620927247,0.9996191620927247,1.1111097424122414,1.1098779134295227,1.1111097424122414,4,117,0.03305785123966942,0.9669421487603306,103,16,2,0.8512396694214877,0.1322314049586777,0.01652892561983471,2,14,0.125,0.875,120,1,0.9917355371900827,0.008264462809917356,11,92,0,0,19,101,0,1
scenario1,200,scenario1__H200__eta-global_decay__states-exogenous,cfg_3734ec426b4dcce1d840,run_8e3a03a8d67ee4bf,1,42,global_decay,global_decay_eta0_0p15_c_0p0005,True,0.35,0.85,0.15,0.0005,0.1,0.1,0.99,0.01,A,opposed_binary_state_preferences_v1,binary_stay_switch_a0_0p1_a1_0p9_v1__exogenous,122,A,A,8.484549429995092e-06,8.43497980699762e-06,0.01,0.8458252427184466,0.0001551774833021786,0.00015434218851423644,5.237955437496864e-11,agreement,,,a1,a1,0,AI,a1,AI,0.1413760603204524,0.1413760603204524,True,True,1.0,0.0,0.9996572458834523,0.9996572458834523,1.1111097424122414,1.1098779134295227,1.1111097424122414,4,118,0.03278688524590164,0.9672131147540983,104,16,2,0.8524590163934426,0.13114754098360656,0.01639344262295082,2,14,0.125,0.875,121,1,0.9918032786885246,0.00819672131147541,11,93,0,0,19,102,0,1
scenario1,200,scenario1__H200__eta-global_decay__states-exogenous,cfg_3734ec426b4dcce1d840,run_8e3a03a8d67ee4bf,1,42,global_decay,global_decay_eta0_0p15_c_0p0005,True,0.35,0.85,0.15,0.0005,0.1,0.1,0.99,0.01,A,opposed_binary_state_preferences_v1,binary_stay_switch_a0_0p1_a1_0p9_v1__exogenous,123,A,A,7.2850372579882465e-06,7.242475593001726e-06,0.01,0.8458252427184466,0.00013484110042236445,0.00013411453686522275,4.4974285553318546e-11,agreement,,,a1,a1,0,AI,a1,AI,0.14130946773433817,0.14130946773433817,True,True,1.0,0.0,0.9996915212951071,0.9996915212951071,1.1111097424122414,1.1098779134295227,1.1111097424122414,4,119,0.032520325203252036,0.967479674796748,105,16,2,0.8536585365853658,0.13008130081300814,0.016260162601626018,2,14,0.125,0.875,122,1,0.991869918699187,0.008130081300813009,11,94,0,0,19,103,0,1
scenario1,200,scenario1__H200__eta-global_decay__states-exogenous,cfg_3734ec426b4dcce1d840,run_8e3a03a8d67ee4bf,1,42,global_decay,global_decay_eta0_0p15_c_0p0005,True,0.35,0.85,0.15,0.0005,0.1,0.1,0.99,0.01,A,opposed_binary_state_preferences_v1,binary_stay_switch_a0_0p1_a1_0p9_v1__exogenous,124,A,A,6.255592520637105e-06,6.2190452218757166e-06,0.01,0.8458252427184466,0.00011716169642901438,0.00011652977040346976,3.861887350707638e-11,agreement,,,a1,a1,0,AI,a1,AI,0.14124293785310732,0.14124293785310732,True,True,1.0,0.0,0.9997223691655963,0.9997223691655963,1.1111097424122414,1.1098779134295227,1.1111097424122414,4,120,0.03225806451612903,0.967741935483871,106,16,2,0.8548387096774194,0.12903225806451613,0.016129032258064516,2,14,0.125,0.875,123,1,0.9919354838709677,0.008064516129032258,11,95,0,0,19,104,0,1
scenario1,200,scenario1__H200__eta-global_decay__states-exogenous,cfg_3734ec426b4dcce1d840,run_8e3a03a8d67ee4bf,1,42,global_decay,global_decay_eta0_0p15_c_0p0005,True,0.35,0.85,0.15,0.0005,0.1,0.1,0.99,0.01,A,opposed_binary_state_preferences_v1,binary_stay_switch_a0_0p1_a1_0p9_v1__exogenous,125,A,A,5.372034255010395e-06,5.340649004096661e-06,0.01,0.8458252427184466,0.00010179355558340859,0.00010124398995596934,3.3164269914271946e-11,agreement,,,a1,a1,0,AI,a1,AI,0.1411764705882353,0.1411764705882353,True,True,1.0,0.0,0.9997501322490366,0.9997501322490366,1.1111097424122414,1.1098779134295227,1.1111097424122414,4,121,0.032,0.968,107,16,2,0.856,0.128,0.016,2,14,0.125,0.875,124,1,0.992,0.008,11,96,0,0,19,105,0,1
scenario1,200,scenario1__H200__eta-global_decay__states-exogenous,cfg_3734ec426b4dcce1d840,run_8e3a03a8d67ee4bf,1,42,global_decay,global_decay_eta0_0p15_c_0p0005,True,0.35,0.85,0.15,0.0005,0.1,0.1,0.99,0.01,A,opposed_binary_state_preferences_v1,binary_stay_switch_a0_0p1_a1_0p9_v1__exogenous,126,A,A,4.613629419008927e-06,4.5866750270477225e-06,0.01,0.8458252427184466,8.843570109899535e-05,8.795780289953605e-05,2.848215369474381e-11,agreement,,,a1,a1,0,AI,a1,AI,0.14111006585136407,0.14111006585136407,True,True,1.0,0.0,0.999775119024133,0.999775119024133,1.1111097424122414,1.1098779134295227,1.1111097424122414,4,122,0.031746031746031744,0.9682539682539683,108,16,2,0.8571428571428571,0.12698412698412698,0.015873015873015872,2,14,0.125,0.875,125,1,0.9920634920634921,0.007936507936507936,11,97,0,0,19,106,0,1
scenario1,200,scenario1__H200__eta-global_decay__states-exogenous,cfg_3734ec426b4dcce1d840,run_8e3a03a8d67ee4bf,1,42,global_decay,global_decay_eta0_0p15_c_0p0005,True,0.35,0.85,0.15,0.0005,0.1,0.1,0.99,0.01,A,opposed_binary_state_preferences_v1,binary_stay_switch_a0_0p1_a1_0p9_v1__exogenous,127,A,A,3.962599867878787e-06,3.9394490119422114e-06,0.01,0.8458252427184466,7.68261470406615e-05,7.64106044987565e-05,2.4463088022300128e-11,agreement,,,a1,a1,0,AI,a1,AI,0.14104372355430184,0.14104372355430184,True,True,1.0,0.0,0.9997976071217196,0.9997976071217196,1.1111097424122414,1.1098779134295227,1.1111097424122414,4,123,0.031496062992125984,0.968503937007874,109,16,2,0.8582677165354331,0.12598425196850394,0.015748031496062992,2,14,0.125,0.875,126,1,0.9921259842519685,0.007874015748031496,11,98,0,0,19,107,0,1
scenario1,200,scenario1__H200__eta-global_decay__states-exogenous,cfg_3734ec426b4dcce1d840,run_8e3a03a8d67ee4bf,1,42,global_decay,global_decay_eta0_0p15_c_0p0005,True,0.35,0.85,0.15,0.0005,0.1,0.1,0.99,0.01,A,opposed_binary_state_preferences_v1,binary_stay_switch_a0_0p1_a1_0p9_v1__exogenous,128,A,A,3.4037000275573785e-06,3.3838144545455665e-06,0.01,0.8458252427184466,6.673688170233066e-05,6.637558704268108e-05,2.1012711285317478e-11,agreement,,,a1,a1,0,AI,a1,AI,0.14097744360902253,0.14097744360902253,True,True,1.0,0.0,0.9998178464095476,0.9998178464095476,1.1111097424122414,1.1098779134295227,1.1111097424122414,4,124,0.03125,0.96875,110,16,2,0.859375,0.125,0.015625,2,14,0.125,0.875,127,1,0.9921875,0.0078125,11,99,0,0,19,108,0,1
scenario1,200,scenario1__H200__eta-global_decay__states-exogenous,cfg_3734ec426b4dcce1d840,run_8e3a03a8d67ee4bf,1,42,global_decay,global_decay_eta0_0p15_c_0p0005,True,0.35,0.85,0.15,0.0005,0.1,0.1,0.99,0.01,A,opposed_binary_state_preferences_v1,binary_stay_switch_a0_0p1_a1_0p9_v1__exogenous,129,A,A,2.9238550988603797e-06,2.9067729430964737e-06,0.01,0.8458252427184466,5.796949057379743e-05,5.7655385343367285e-05,1.8050384327690256e-11,agreement,,,a1,a1,0,AI,a1,AI,0.14091122592766556,0.14091122592766556,True,True,1.0,0.0,0.9998360617685929,0.9998360617685929,1.1111097424122414,1.1098779134295227,1.1111097424122414,4,125,0.031007751937984496,0.9689922480620154,111,16,2,0.8604651162790697,0.12403100775193798,0.015503875968992248,2,14,0.125,0.875,128,1,0.9922480620155039,0.007751937984496124,11,100,0,0,19,109,0,1
scenario1,200,scenario1__H200__eta-global_decay__states-exogenous,cfg_3734ec426b4dcce1d840,run_8e3a03a8d67ee4bf,1,42,global_decay,global_decay_eta0_0p15_c_0p0005,True,0.35,0.85,0.15,0.0005,0.1,0.1,0.99,0.01,A,opposed_binary_state_preferences_v1,binary_stay_switch_a0_0p1_a1_0p9_v1__exogenous,130,A,A,2.511851092445108e-06,2.497176004191381e-06,0.01,0.8458252427184466,5.035133834573765e-05,5.007827844143133e-05,1.5506876185412185e-11,agreement,,,a1,a1,0,AI,a1,AI,0.14084507042253522,0.14084507042253522,True,True,1.0,0.0,0.9998524555917335,0.9998524555917335,1.1111097424122414,1.1098779134295227,1.1111097424122414,4,126,0.03076923076923077,0.9692307692307692,112,16,2,0.8615384615384616,0.12307692307692308,0.015384615384615385,2,14,0.125,0.875,129,1,0.9923076923076923,0.007692307692307693,11,101,0,0,19,110,0,1
scenario1,200,scenario1__H200__eta-global_decay__states-exogenous,cfg_3734ec426b4dcce1d840,run_8e3a03a8d67ee4bf,1,42,global_decay,global_decay_eta0_0p15_c_0p0005,True,0.35,0.85,0.15,0.0005,0.1,0.1,0.99,0.01,A,opposed_binary_state_preferences_v1,binary_stay_switch_a0_0p1_a1_0p9_v1__exogenous,131,A,A,2.1580692484387546e-06,2.1454610740235806e-06,0.01,0.8458252427184466,4.373223937676895e-05,4.34948772940023e-05,1.332272432565812e-11,agreement,,,a1,a1,0,AI,a1,AI,0.1407789770061004,0.1407789770061004,True,True,1.0,0.0,0.9998672100325602,0.9998672100325602,1.1111097424122414,1.1098779134295227,1.1111097424122414,4,127,0.030534351145038167,0.9694656488549618,113,16,2,0.8625954198473282,0.12213740458015267,0.015267175572519083,2,14,0.125,0.875,130,1,0.9923664122137404,0.007633587786259542,11,102,0,0,19,111,0,1
scenario1,200,scenario1__H200__eta-global_decay__states-exogenous,cfg_3734ec426b4dcce1d840,run_8e3a03a8d67ee4bf,1,42,global_decay,global_decay_eta0_0p15_c_0p0005,True,0.35,0.85,0.15,0.0005,0.1,0.1,0.99,0.01,A,opposed_binary_state_preferences_v1,binary_stay_switch_a0_0p1_a1_0p9_v1__exogenous,132,A,A,1.8542584673352228e-06,1.8434252588161314e-06,0.01,0.8458252427184466,3.7981554818576763e-05,3.777523694582606e-05,1.144723017074069e-11,agreement,,,a1,a1,0,AI,a1,AI,0.14071294559099437,0.14071294559099437,True,True,1.0,0.0,0.9998804890293042,0.9998804890293042,1.1111097424122414,1.1098779134295227,1.1111097424122414,4,128,0.030303030303030304,0.9696969696969697,114,16,2,0.8636363636363636,0.12121212121212122,0.015151515151515152,2,14,0.125,0.875,131,1,0.9924242424242424,0.007575757575757576,11,103,0,0,19,112,0,1
scenario1,200,scenario1__H200__eta-global_decay__states-exogenous,cfg_3734ec426b4dcce1d840,run_8e3a03a8d67ee4bf,1,42,global_decay,global_decay_eta0_0p15_c_0p0005,True,0.35,0.85,0.15,0.0005,0.1,0.1,0.99,0.01,A,opposed_binary_state_preferences_v1,binary_stay_switch_a0_0p1_a1_0p9_v1__exogenous,133,A,A,1.593340296509441e-06,1.5840314606712725e-06,0.01,0.8458252427184466,3.2985662294471446e-05,3.28063393529398e-05,9.836534215737665e-12,agreement,,,a1,a1,0,AI,a1,AI,0.14064697609001406,0.14064697609001406,True,True,1.0,0.0,0.9998924401263737,0.9998924401263737,1.1111097424122414,1.1098779134295227,1.1111097424122414,4,129,0.03007518796992481,0.9699248120300752,115,16,2,0.8646616541353384,0.12030075187969924,0.015037593984962405,2,14,0.125,0.875,132,1,0.9924812030075187,0.007518796992481203,11,104,0,0,19,113,0,1
scenario1,200,scenario1__H200__eta-global_decay__states-exogenous,cfg_3734ec426b4dcce1d840,run_8e3a03a8d67ee4bf,1,42,global_decay,global_decay_eta0_0p15_c_0p0005,True,0.35,0.85,0.15,0.0005,0.1,0.1,0.99,0.01,A,opposed_binary_state_preferences_v1,binary_stay_switch_a0_0p1_a1_0p9_v1__exogenous,134,A,A,1.3692418019230218e-06,1.36124222569641e-06,0.01,0.8458252427184466,2.864575079554189e-05,2.8489899756106065e-05,8.452904634318674e-12,agreement,,,a1,a1,0,AI,a1,AI,0.14058106841611998,0.14058106841611998,True,True,1.0,0.0,0.9999031961137363,0.9999031961137363,1.1111097424122414,1.1098779134295227,1.1111097424122414,4,130,0.029850746268656716,0.9701492537313433,116,16,2,0.8656716417910447,0.11940298507462686,0.014925373134328358,2,14,0.125,0.875,133,1,0.9925373134328358,0.007462686567164179,11,105,0,0,19,114,0,1
scenario1,200,scenario1__H200__eta-global_decay__states-exogenous,cfg_3734ec426b4dcce1d840,run_8e3a03a8d67ee4bf,1,42,global_decay,global_decay_eta0_0p15_c_0p0005,True,0.35,0.85,0.15,0.0005,0.1,0.1,0.99,0.01,A,opposed_binary_state_preferences_v1,binary_stay_switch_a0_0p1_a1_0p9_v1__exogenous,135,A,A,1.1767523264886702e-06,1.1698773392348715e-06,0.01,0.8458252427184466,2.487589938764622e-05,2.4740455409794203e-05,7.264653691839906e-12,agreement,,,a1,a1,0,AI,a1,AI,0.14051522248243561,0.14051522248243561,True,True,1.0,0.0,0.9999128765023627,0.9999128765023627,1.1111097424122414,1.1098779134295227,1.1111097424122414,4,131,0.02962962962962963,0.9703703703703703,117,16,2,0.8666666666666667,0.11851851851851852,0.014814814814814815,2,14,0.125,0.875,134,1,0.9925925925925926,0.007407407407407408,11,106,0,0,19,115,0,1
scenario1,200,scenario1__H200__eta-global_decay__states-exogenous,cfg_3734ec426b4dcce1d840,run_8e3a03a8d67ee4bf,1,42,global_decay,global_decay_eta0_0p15_c_0p0005,True,0.35,0.85,0.15,0.0005,0.1,0.1,0.99,0.01,A,opposed_binary_state_preferences_v1,binary_stay_switch_a0_0p1_a1_0p9_v1__exogenous,136,A,A,1.011400711525391e-06,1.0054917646351237e-06,0.01,0.8458252427184466,2.1601403532074985e-05,2.1483700648552117e-05,6.2438582373815135e-12,agreement,,,a1,a1,0,AI,a1,AI,0.14044943820224717,0.14044943820224717,True,True,1.0,0.0,0.9999215888521265,0.9999215888521265,1.1111097424122414,1.1098779134295227,1.1111097424122414,4,132,0.029411764705882353,0.9705882352941176,118,16,2,0.8676470588235294,0.11764705882352941,0.014705882352941176,2,14,0.125,0.875,135,1,0.9926470588235294,0.007352941176470588,11,107,0,0,19,116,0,1
scenario1,200,scenario1__H200__eta-global_decay__states-exogenous,cfg_3734ec426b4dcce1d840,run_8e3a03a8d67ee4bf,1,42,global_decay,global_decay_eta0_0p15_c_0p0005,True,0.35,0.85,0.15,0.0005,0.1,0.1,0.99,0.01,A,opposed_binary_state_preferences_v1,binary_stay_switch_a0_0p1_a1_0p9_v1__exogenous,137,A,A,8.693500497942967e-07,8.642710111751343e-07,0.01,0.8458252427184466,1.875731737880837e-05,1.8655036812412873e-05,5.366831011514189e-12,agreement,,,a1,a1,0,AI,a1,AI,0.14038371548900327,0.14038371548900327,True,True,1.0,0.0,0.9999294299669138,0.9999294299669138,1.1111097424122414,1.1098779134295227,1.1111097424122414,4,133,0.029197080291970802,0.9708029197080292,119,16,2,0.8686131386861314,0.11678832116788321,0.014598540145985401,2,14,0.125,0.875,136,1,0.9927007299270073,0.0072992700729927005,11,108,0,0,19,117,0,1
scenario1,200,scenario1__H200__eta-global_decay__states-exogenous,cfg_3734ec426b4dcce1d840,run_8e3a03a8d67ee4bf,1,42,global_decay,global_decay_eta0_0p15_c_0p0005,True,0.35,0.85,0.15,0.0005,0.1,0.1,0.99,0.01,A,opposed_binary_state_preferences_v1,binary_stay_switch_a0_0p1_a1_0p9_v1__exogenous,138,A,A,7.473074597436234e-07,7.429414354369311e-07,0.01,0.8458252427184466,1.6287184392107213e-05,1.6198309530494053e-05,4.613483614842391e-12,agreement,,,a1,a1,0,AI,a1,AI,0.1403180542563143,0.1403180542563143,True,True,1.0,0.0,0.9999364869702224,0.9999364869702224,1.1111097424122414,1.1098779134295227,1.1111097424122414,4,134,0.028985507246376812,0.9710144927536232,120,16,2,0.8695652173913043,0.11594202898550725,0.014492753623188406,2,14,0.125,0.875,137,1,0.9927536231884058,0.007246376811594203,11,109,0,0,19,118,0,1
scenario1,200,scenario1__H200__eta-global_decay__states-exogenous,cfg_3734ec426b4dcce1d840,run_8e3a03a8d67ee4bf,1,42,global_decay,global_decay_eta0_0p15_c_0p0005,True,0.35,0.85,0.15,0.0005,0.1,0.1,0.99,0.01,A,opposed_binary_state_preferences_v1,binary_stay_switch_a0_0p1_a1_0p9_v1__exogenous,139,A,A,6.424467310611693e-07,6.386933387900279e-07,0.01,0.8458252427184466,1.4141932166256615e-05,1.4064709342607022e-05,3.966128154589692e-12,agreement,,,a1,a1,0,AI,a1,AI,0.14025245441795228,0.14025245441795228,True,True,1.0,0.0,0.9999428382732002,0.9999428382732002,1.1111097424122414,1.1098779134295227,1.1111097424122414,4,135,0.02877697841726619,0.9712230215827338,121,16,2,0.8705035971223022,0.11510791366906475,0.014388489208633094,2,14,0.125,0.875,138,1,0.9928057553956835,0.007194244604316547,11,110,0,0,19,119,0,1
scenario1,200,scenario1__H200__eta-global_decay__states-exogenous,cfg_3734ec426b4dcce1d840,run_8e3a03a8d67ee4bf,1,42,global_decay,global_decay_eta0_0p15_c_0p0005,True,0.35,0.85,0.15,0.0005,0.1,0.1,0.99,0.01,A,opposed_binary_state_preferences_v1,binary_stay_switch_a0_0p1_a1_0p9_v1__exogenous,140,A,A,5.523420001970502e-07,5.491150304043298e-07,0.01,0.8458252427184466,1.2278910348266003e-05,1.2211814686900483e-05,3.409868640736008e-12,agreement,,,a1,a1,0,AI,a1,AI,0.14018691588785046,0.14018691588785046,True,True,1.0,0.0,0.9999485544458802,0.9999485544458802,1.1111097424122414,1.1098779134295227,1.1111097424122414,4,136,0.02857142857142857,0.9714285714285714,122,16,2,0.8714285714285714,0.11428571428571428,0.014285714285714285,2,14,0.125,0.875,139,1,0.9928571428571429,0.007142857142857143,11,111,0,0,19,120,0,1
scenario1,200,scenario1__H200__eta-global_decay__states-exogenous,cfg_3734ec426b4dcce1d840,run_8e3a03a8d67ee4bf,1,42,global_decay,global_decay_eta0_0p15_c_0p0005,True,0.35,0.85,0.15,0.0005,0.1,0.1,0.99,0.01,A,opposed_binary_state_preferences_v1,binary_stay_switch_a0_0p1_a1_0p9_v1__exogenous,141,A,A,4.749108786740993e-07,4.721362878242835e-07,0.01,0.8458252427184466,1.0661053272033457e-05,1.0602758946845454e-05,2.931929528600754e-12,agreement,,,a1,a1,0,AI,a1,AI,0.14012143858010276,0.14012143858010276,True,True,1.0,0.0,0.9999536990012922,0.9999536990012922,1.1111097424122414,1.1098779134295227,1.1111097424122414,4,137,0.028368794326241134,0.9716312056737588,123,16,2,0.8723404255319149,0.11347517730496454,0.014184397163120567,2,14,0.125,0.875,140,1,0.9929078014184397,0.0070921985815602835,11,112,0,0,19,121,0,1
scenario1,200,scenario1__H200__eta-global_decay__states-exogenous,cfg_3734ec426b4dcce1d840,run_8e3a03a8d67ee4bf,1,42,global_decay,global_decay_eta0_0p15_c_0p0005,True,0.35,0.85,0.15,0.0005,0.1,0.1,0.99,0.01,A,opposed_binary_state_preferences_v1,binary_stay_switch_a0_0p1_a1_0p9_v1__exogenous,142,A,A,4.0836568315694383e-07,4.0597987196847544e-07,0.01,0.8458252427184466,9.256151243435697e-06,9.205505584586304e-06,2.5209542307198817e-12,agreement,,,a1,a1,0,AI,a1,AI,0.1400560224089636,0.1400560224089636,True,True,1.0,0.0,0.9999583291011629,0.9999583291011629,1.1111097424122414,1.1098779134295227,1.1111097424122414,4,138,0.028169014084507043,0.971830985915493,124,16,2,0.8732394366197183,0.11267605633802817,0.014084507042253521,2,14,0.125,0.875,141,1,0.9929577464788732,0.007042253521126761,11,113,0,0,19,122,0,1
scenario1,200,scenario1__H200__eta-global_decay__states-exogenous,cfg_3734ec426b4dcce1d840,run_8e3a03a8d67ee4bf,1,42,global_decay,global_decay_eta0_0p15_c_0p0005,True,0.35,0.85,0.15,0.0005,0.1,0.1,0.99,0.01,A,opposed_binary_state_preferences_v1,binary_stay_switch_a0_0p1_a1_0p9_v1__exogenous,143,A,A,3.511716098856632e-07,3.491199459224705e-07,0.01,0.8458252427184466,8.036216470734779e-06,7.992217423971038e-06,2.1679481525073755e-12,agreement,,,a1,a1,0,AI,a1,AI,0.13999066728884743,0.13999066728884743,True,True,1.0,0.0,0.9999624961910466,0.9999624961910466,1.1111097424122414,1.1098779134295227,1.1111097424122414,4,139,0.027972027972027972,0.972027972027972,125,16,2,0.8741258741258742,0.11188811188811189,0.013986013986013986,2,14,0.125,0.875,142,1,0.993006993006993,0.006993006993006993,11,114,0,0,19,123,0,1
scenario1,200,scenario1__H200__eta-global_decay__states-exogenous,cfg_3734ec426b4dcce1d840,run_8e3a03a8d67ee4bf,1,42,global_decay,global_decay_eta0_0p15_c_0p0005,True,0.35,0.85,0.15,0.0005,0.1,0.1,0.99,0.01,A,opposed_binary_state_preferences_v1,binary_stay_switch_a0_0p1_a1_0p9_v1__exogenous,144,A,A,3.020108618848703e-07,3.002464117289375e-07,0.01,0.8458252427184466,6.976931423885749e-06,6.93870793114051e-06,1.864695808752434e-12,agreement,,,a1,a1,0,AI,a1,AI,0.13992537313432835,0.13992537313432835,True,True,1.0,0.0,0.9999662465719419,0.9999662465719419,1.1111097424122414,1.1098779134295227,1.1111097424122414,4,140,0.027777777777777776,0.9722222222222222,126,16,2,0.875,0.1111111111111111,0.013888888888888888,2,14,0.125,0.875,143,1,0.9930555555555556,0.006944444444444444,11,115,0,0,19,124,0,1
scenario1,200,scenario1__H200__eta-global_decay__states-exogenous,cfg_3734ec426b4dcce1d840,run_8e3a03a8d67ee4bf,1,42,global_decay,global_decay_eta0_0p15_c_0p0005,True,0.35,0.85,0.15,0.0005,0.1,0.1,0.99,0.01,A,opposed_binary_state_preferences_v1,binary_stay_switch_a0_0p1_a1_0p9_v1__exogenous,145,A,A,2.597518793450098e-07,2.5823432053552277e-07,0.01,0.8458252427184466,6.057168966127221e-06,6.023963892003405e-06,1.6034907611402812e-12,agreement,,,a1,a1,0,AI,a1,AI,0.13986013986013984,0.13986013986013984,True,True,1.0,0.0,0.9999696219147477,0.9999696219147477,1.1111097424122414,1.1098779134295227,1.1111097424122414,4,141,0.027586206896551724,0.9724137931034482,127,16,2,0.8758620689655172,0.1103448275862069,0.013793103448275862,2,14,0.125,0.875,144,1,0.993103448275862,0.006896551724137931,11,116,0,0,19,125,0,1
scenario1,200,scenario1__H200__eta-global_decay__states-exogenous,cfg_3734ec426b4dcce1d840,run_8e3a03a8d67ee4bf,1,42,global_decay,global_decay_eta0_0p15_c_0p0005,True,0.35,0.85,0.15,0.0005,0.1,0.1,0.99,0.01,A,opposed_binary_state_preferences_v1,binary_stay_switch_a0_0p1_a1_0p9_v1__exogenous,146,A,A,2.234229451708825e-07,2.2211763234873637e-07,0.01,0.8458252427184466,5.258574976626048e-06,5.229730250092702e-06,1.3792150688910832e-12,agreement,,,a1,a1,0,AI,a1,AI,0.13979496738117428,0.13979496738117428,True,True,1.0,0.0,0.9999726597232729,0.9999726597232729,1.1111097424122414,1.1098779134295227,1.1111097424122414,4,142,0.0273972602739726,0.9726027397260274,128,16,2,0.8767123287671232,0.1095890410958904,0.0136986301369863,2,14,0.125,0.875,145,1,0.9931506849315068,0.00684931506849315,11,117,0,0,19,126,0,1
scenario1,200,scenario1__H200__eta-global_decay__states-exogenous,cfg_3734ec426b4dcce1d840,run_8e3a03a8d67ee4bf,1,42,global_decay,global_decay_eta0_0p15_c_0p0005,True,0.35,0.85,0.15,0.0005,0.1,0.1,0.99,0.01,A,opposed_binary_state_preferences_v1,binary_stay_switch_a0_0p1_a1_0p9_v1__exogenous,147,A,A,1.9218954183851312e-07,1.910667051797611e-07,0.01,0.8458252427184466,4.565205365589119e-06,4.5401490530939155e-06,1.1864765956485514e-12,agreement,,,a1,a1,0,AI,a1,AI,0.13972985561248255,0.13972985561248255,True,True,1.0,0.0,0.9999753937509456,0.9999753937509456,1.1111097424122414,1.1098779134295227,1.1111097424122414,4,143,0.027210884353741496,0.9727891156462585,129,16,2,0.8775510204081632,0.10884353741496598,0.013605442176870748,2,14,0.125,0.875,146,1,0.9931972789115646,0.006802721088435374,11,118,0,0,19,127,0,1
scenario1,200,scenario1__H200__eta-global_decay__states-exogenous,cfg_3734ec426b4dcce1d840,run_8e3a03a8d67ee4bf,1,42,global_decay,global_decay_eta0_0p15_c_0p0005,True,0.35,0.85,0.15,0.0005,0.1,0.1,0.99,0.01,A,opposed_binary_state_preferences_v1,binary_stay_switch_a0_0p1_a1_0p9_v1__exogenous,148,A,A,1.6533492490718852e-07,1.6436898205264031e-07,0.01,0.8458252427184466,3.963210430791896e-06,3.94144549000135e-06,1.020690365198209e-12,agreement,,,a1,a1,0,AI,a1,AI,0.13966480446927373,0.13966480446927373,True,True,1.0,0.0,0.999977854375851,0.999977854375851,1.1111097424122414,1.1098779134295227,1.1111097424122414,4,144,0.02702702702702703,0.972972972972973,130,16,2,0.8783783783783784,0.10810810810810811,0.013513513513513514,2,14,0.125,0.875,147,1,0.9932432432432432,0.006756756756756757,11,119,0,0,19,128,0,1
scenario1,200,scenario1__H200__eta-global_decay__states-exogenous,cfg_3734ec426b4dcce1d840,run_8e3a03a8d67ee4bf,1,42,global_decay,global_decay_eta0_0p15_c_0p0005,True,0.35,0.85,0.15,0.0005,0.1,0.1,0.99,0.01,A,opposed_binary_state_preferences_v1,binary_stay_switch_a0_0p1_a1_0p9_v1__exogenous,149,A,A,1.4224345494808397e-07,1.4141242031344474e-07,0.01,0.8458252427184466,3.440560411700422e-06,3.4216549082294838e-06,8.782159097656122e-13,agreement,,,a1,a1,0,AI,a1,AI,0.13959981386691483,0.13959981386691483,True,True,1.0,0.0,0.9999800689382659,0.9999800689382659,1.1111097424122414,1.1098779134295227,1.1111097424122414,4,145,0.026845637583892617,0.9731543624161074,131,16,2,0.8791946308724832,0.10738255033557047,0.013422818791946308,2,14,0.125,0.875,148,1,0.9932885906040269,0.006711409395973154,11,120,0,0,19,129,0,1
scenario1,200,scenario1__H200__eta-global_decay__states-exogenous,cfg_3734ec426b4dcce1d840,run_8e3a03a8d67ee4bf,1,42,global_decay,global_decay_eta0_0p15_c_0p0005,True,0.35,0.85,0.15,0.0005,0.1,0.1,0.99,0.01,A,opposed_binary_state_preferences_v1,binary_stay_switch_a0_0p1_a1_0p9_v1__exogenous,150,A,A,1.2238629511354456e-07,1.216712727592179e-07,0.01,0.8458252427184466,2.9868068871299662e-06,2.970385485604452e-06,7.556282971565593e-13,agreement,,,a1,a1,0,AI,a1,AI,0.13953488372093023,0.13953488372093023,True,True,1.0,0.0,0.9999820620444393,0.9999820620444393,1.1111097424122414,1.1098779134295227,1.1111097424122414,4,146,0.02666666666666667,0.9733333333333334,132,16,2,0.88,0.10666666666666667,0.013333333333333334,2,14,0.125,0.875,149,1,0.9933333333333333,0.006666666666666667,11,121,0,0,19,130,0,1
scenario1,200,scenario1__H200__eta-global_decay__states-exogenous,cfg_3734ec426b4dcce1d840,run_8e3a03a8d67ee4bf,1,42,global_decay,global_decay_eta0_0p15_c_0p0005,True,0.35,0.85,0.15,0.0005,0.1,0.1,0.99,0.01,A,opposed_binary_state_preferences_v1,binary_stay_switch_a0_0p1_a1_0p9_v1__exogenous,151,A,A,1.0530913765584067e-07,1.0469388586258285e-07,0.01,0.8458252427184466,2.592875357137029e-06,2.5786119204571693e-06,6.500427838744544e-13,agreement,,,a1,a1,0,AI,a1,AI,0.1394700139470014,0.1394700139470014,True,True,1.0,0.0,0.9999838558399954,0.9999838558399954,1.1111097424122414,1.1098779134295227,1.1111097424122414,4,147,0.026490066225165563,0.9735099337748344,133,16,2,0.8807947019867549,0.10596026490066225,0.013245033112582781,2,14,0.125,0.875,150,1,0.9933774834437086,0.006622516556291391,11,122,0,0,19,131,0,1
scenario1,200,scenario1__H200__eta-global_decay__states-exogenous,cfg_3734ec426b4dcce1d840,run_8e3a03a8d67ee4bf,1,42,global_decay,global_decay_eta0_0p15_c_0p0005,True,0.35,0.85,0.15,0.0005,0.1,0.1,0.99,0.01,A,opposed_binary_state_preferences_v1,binary_stay_switch_a0_0p1_a1_0p9_v1__exogenous,152,A,A,9.062167075823387e-08,9.009222814116264e-08,0.01,0.8458252427184466,2.2508849502004865e-06,2.2384961035701186e-06,5.595303012980785e-13,agreement,,,a1,a1,0,AI,a1,AI,0.13940520446096652,0.13940520446096652,True,True,1.0,0.0,0.9999854702559958,0.9999854702559958,1.1111097424122414,1.1098779134295227,1.1111097424122414,4,148,0.02631578947368421,0.9736842105263158,134,16,2,0.881578947368421,0.10526315789473684,0.013157894736842105,2,14,0.125,0.875,151,1,0.993421052631579,0.006578947368421052,11,123,0,0,19,132,0,1
scenario1,200,scenario1__H200__eta-global_decay__states-exogenous,cfg_3734ec426b4dcce1d840,run_8e3a03a8d67ee4bf,1,42,global_decay,global_decay_eta0_0p15_c_0p0005,True,0.35,0.85,0.15,0.0005,0.1,0.1,0.99,0.01,A,opposed_binary_state_preferences_v1,binary_stay_switch_a0_0p1_a1_0p9_v1__exogenous,153,A,A,7.798853821758789e-08,7.753290265679981e-08,0.01,0.8458252427184466,1.9539917220361794e-06,1.9432312572011594e-06,4.814599375646891e-13,agreement,,,a1,a1,0,AI,a1,AI,0.13934045517882024,0.13934045517882024,True,True,1.0,0.0,0.9999869232303963,0.9999869232303963,1.1111097424122414,1.1098779134295227,1.1111097424122414,4,149,0.026143790849673203,0.9738562091503268,135,16,2,0.8823529411764706,0.10457516339869281,0.013071895424836602,2,14,0.125,0.875,152,1,0.9934640522875817,0.006535947712418301,11,124,0,0,19,133,0,1
scenario1,200,scenario1__H200__eta-global_decay__states-exogenous,cfg_3734ec426b4dcce1d840,run_8e3a03a8d67ee4bf,1,42,global_decay,global_decay_eta0_0p15_c_0p0005,True,0.35,0.85,0.15,0.0005,0.1,0.1,0.99,0.01,A,opposed_binary_state_preferences_v1,binary_stay_switch_a0_0p1_a1_0p9_v1__exogenous,154,A,A,6.712157980361838e-08,6.672943270926617e-08,0.01,0.8458252427184466,1.6962524711600126e-06,1.6869064803750174e-06,4.143730860572465e-13,agreement,,,a1,a1,0,AI,a1,AI,0.1392757660167131,0.1392757660167131,True,True,1.0,0.0,0.9999882309073567,0.9999882309073567,1.1111097424122414,1.1098779134295227,1.1111097424122414,4,150,0.025974025974025976,0.974025974025974,136,16,2,0.8831168831168831,0.1038961038961039,0.012987012987012988,2,14,0.125,0.875,153,1,0.9935064935064936,0.006493506493506494,11,125,0,0,19,134,0,1
scenario1,200,scenario1__H200__eta-global_decay__states-exogenous,cfg_3734ec426b4dcce1d840,run_8e3a03a8d67ee4bf,1,42,global_decay,global_decay_eta0_0p15_c_0p0005,True,0.35,0.85,0.15,0.0005,0.1,0.1,0.99,0.01,A,opposed_binary_state_preferences_v1,binary_stay_switch_a0_0p1_a1_0p9_v1__exogenous,155,A,A,5.7773170360217495e-08,5.743563985282242e-08,0.01,0.8458252427184466,1.4725063949745476e-06,1.4643890401555796e-06,3.5658086821689015e-13,agreement,,,a1,a1,0,AI,a1,AI,0.13921113689095127,0.13921113689095127,True,True,1.0,0.0,0.999989407816621,0.999989407816621,1.1111097424122414,1.1098779134295227,1.1111097424122414,4,151,0.025806451612903226,0.9741935483870968,137,16,2,0.8838709677419355,0.1032258064516129,0.012903225806451613,2,14,0.125,0.875,154,1,0.9935483870967742,0.0064516129032258064,11,126,0,0,19,135,0,1
scenario1,200,scenario1__H200__eta-global_decay__states-exogenous,cfg_3734ec426b4dcce1d840,run_8e3a03a8d67ee4bf,1,42,global_decay,global_decay_eta0_0p15_c_0p0005,True,0.35,0.85,0.15,0.0005,0.1,0.1,0.99,0.01,A,opposed_binary_state_preferences_v1,binary_stay_switch_a0_0p1_a1_0p9_v1__exogenous,156,A,A,4.9730501632577e-08,4.943995913085177e-08,0.01,0.8458252427184466,1.278272255968861e-06,1.2712220921923731e-06,3.070097747091816e-13,agreement,,,a1,a1,0,AI,a1,AI,0.13914656771799627,0.13914656771799627,True,True,1.0,0.0,0.999990467034959,0.999990467034959,1.1111097424122414,1.1098779134295227,1.1111097424122414,4,152,0.02564102564102564,0.9743589743589743,138,16,2,0.8846153846153846,0.10256410256410256,0.01282051282051282,2,14,0.125,0.875,155,1,0.9935897435897436,0.00641025641025641,11,127,0,0,19,136,0,1
scenario1,200,scenario1__H200__eta-global_decay__states-exogenous,cfg_3734ec426b4dcce1d840,run_8e3a03a8d67ee4bf,1,42,global_decay,global_decay_eta0_0p15_c_0p0005,True,0.35,0.85,0.15,0.0005,0.1,0.1,0.99,0.01,A,opposed_binary_state_preferences_v1,binary_stay_switch_a0_0p1_a1_0p9_v1__exogenous,157,A,A,4.281067301950971e-08,4.256055850967574e-08,0.01,0.8458252427184466,1.1096590342694414e-06,1.10353581172043e-06,2.642103307792855e-13,agreement,,,a1,a1,0,AI,a1,AI,0.13908205841446453,0.13908205841446453,True,True,1.0,0.0,0.999991420331463,0.999991420331463,1.1111097424122414,1.1098779134295227,1.1111097424122414,4,153,0.025477707006369428,0.9745222929936306,139,16,2,0.8853503184713376,0.10191082802547771,0.012738853503184714,2,14,0.125,0.875,156,1,0.9936305732484076,0.006369426751592357,11,128,0,0,19,137,0,1
scenario1,200,scenario1__H200__eta-global_decay__states-exogenous,cfg_3734ec426b4dcce1d840,run_8e3a03a8d67ee4bf,1,42,global_decay,global_decay_eta0_0p15_c_0p0005,True,0.35,0.85,0.15,0.0005,0.1,0.1,0.99,0.01,A,opposed_binary_state_preferences_v1,binary_stay_switch_a0_0p1_a1_0p9_v1__exogenous,158,A,A,3.685647649384772e-08,3.6641148424880784e-08,0.01,0.8458252427184466,9.632883006551322e-07,9.57970186303082e-07,2.2745227417150663e-13,agreement,,,a1,a1,0,AI,a1,AI,0.13901760889712697,0.13901760889712697,True,True,1.0,0.0,0.9999922782983167,0.9999922782983167,1.1111097424122414,1.1098779134295227,1.1111097424122414,4,154,0.02531645569620253,0.9746835443037974,140,16,2,0.8860759493670886,0.10126582278481013,0.012658227848101266,2,14,0.125,0.875,157,1,0.9936708860759493,0.006329113924050633,11,129,0,0,19,138,0,1
scenario1,200,scenario1__H200__eta-global_decay__states-exogenous,cfg_3734ec426b4dcce1d840,run_8e3a03a8d67ee4bf,1,42,global_decay,global_decay_eta0_0p15_c_0p0005,True,0.35,0.85,0.15,0.0005,0.1,0.1,0.99,0.01,A,opposed_binary_state_preferences_v1,binary_stay_switch_a0_0p1_a1_0p9_v1__exogenous,159,A,A,3.173277725929984e-08,3.1547383583609126e-08,0.01,0.8458252427184466,8.362267789086173e-07,8.316079413659099e-07,1.9590135445985815e-13,agreement,,,a1,a1,0,AI,a1,AI,0.13895321908290875,0.13895321908290875,True,True,1.0,0.0,0.9999930504684851,0.9999930504684851,1.1111097424122414,1.1098779134295227,1.1111097424122414,4,155,0.025157232704402517,0.9748427672955975,141,16,2,0.8867924528301887,0.10062893081761007,0.012578616352201259,2,14,0.125,0.875,158,1,0.9937106918238994,0.006289308176100629,11,130,0,0,19,139,0,1
scenario1,200,scenario1__H200__eta-global_decay__states-exogenous,cfg_3734ec426b4dcce1d840,run_8e3a03a8d67ee4bf,1,42,global_decay,global_decay_eta0_0p15_c_0p0005,True,0.35,0.85,0.15,0.0005,0.1,0.1,0.99,0.01,A,opposed_binary_state_preferences_v1,binary_stay_switch_a0_0p1_a1_0p9_v1__exogenous,160,A,A,2.7323405708679204e-08,2.7163773081023328e-08,0.01,0.8458252427184466,7.259277637344331e-07,7.219162740045892e-07,1.6860014415191627e-13,agreement,,,a1,a1,0,AI,a1,AI,0.13888888888888887,0.13888888888888887,True,True,1.0,0.0,0.9999937454216365,0.9999937454216365,1.1111097424122414,1.1098779134295227,1.1111097424122414,4,156,0.025,0.975,142,16,2,0.8875,0.1,0.0125,2,14,0.125,0.875,159,1,0.99375,0.00625,11,131,0,0,19,140,0,1
scenario1,200,scenario1__H200__eta-global_decay__states-exogenous,cfg_3734ec426b4dcce1d840,run_8e3a03a8d67ee4bf,1,42,global_decay,global_decay_eta0_0p15_c_0p0005,True,0.35,0.85,0.15,0.0005,0.1,0.1,0.99,0.01,A,opposed_binary_state_preferences_v1,binary_stay_switch_a0_0p1_a1_0p9_v1__exogenous,161,A,A,2.3528488249140425e-08,2.3391026819770093e-08,0.01,0.8458252427184466,6.301802332170768e-07,6.266962403968831e-07,1.4517233382602845e-13,agreement,,,a1,a1,0,AI,a1,AI,0.13882461823229986,0.13882461823229986,True,True,1.0,0.0,0.9999943708794728,0.9999943708794728,1.1111097424122414,1.1098779134295227,1.1111097424122414,4,157,0.024844720496894408,0.9751552795031055,143,16,2,0.8881987577639752,0.09937888198757763,0.012422360248447204,2,14,0.125,0.875,160,1,0.9937888198757764,0.006211180124223602,11,132,0,0,19,141,0,1
scenario1,200,scenario1__H200__eta-global_decay__states-exogenous,cfg_3734ec426b4dcce1d840,run_8e3a03a8d67ee4bf,1,42,global_decay,global_decay_eta0_0p15_c_0p0005,True,0.35,0.85,0.15,0.0005,0.1,0.1,0.99,0.01,A,opposed_binary_state_preferences_v1,binary_stay_switch_a0_0p1_a1_0p9_v1__exogenous,162,A,A,2.0262154850370352e-08,2.0143776451454022e-08,0.01,0.8458252427184466,5.470646493670378e-07,5.440387956920934e-07,1.2508780732982044e-13,agreement,,,a1,a1,0,AI,a1,AI,0.13876040703052728,0.13876040703052728,True,True,1.0,0.0,0.9999949337915256,0.9999949337915256,1.1111097424122414,1.1098779134295227,1.1111097424122414,4,158,0.024691358024691357,0.9753086419753086,144,16,2,0.8888888888888888,0.09876543209876543,0.012345679012345678,2,14,0.125,0.875,161,1,0.9938271604938271,0.006172839506172839,11,133,0,0,19,142,0,1
scenario1,200,scenario1__H200__eta-global_decay__states-exogenous,cfg_3734ec426b4dcce1d840,run_8e3a03a8d67ee4bf,1,42,global_decay,global_decay_eta0_0p15_c_0p0005,True,0.35,0.85,0.15,0.0005,0.1,0.1,0.99,0.01,A,opposed_binary_state_preferences_v1,binary_stay_switch_a0_0p1_a1_0p9_v1__exogenous,163,A,A,1.745056999601739e-08,1.7348617831918312e-08,0.01,0.8458252427184466,4.7491456853088304e-07,4.7228661141731835e-07,1.0773057194321172e-13,agreement,,,a1,a1,0,AI,a1,AI,0.13869625520110956,0.13869625520110956,True,True,1.0,0.0,0.999995440412373,0.999995440412373,1.1111097424122414,1.1098779134295227,1.1111097424122414,4,159,0.024539877300613498,0.9754601226993865,145,16,2,0.8895705521472392,0.09815950920245399,0.012269938650306749,2,14,0.125,0.875,162,1,0.9938650306748467,0.006134969325153374,11,134,0,0,19,143,0,1
scenario1,200,scenario1__H200__eta-global_decay__states-exogenous,cfg_3734ec426b4dcce1d840,run_8e3a03a8d67ee4bf,1,42,global_decay,global_decay_eta0_0p15_c_0p0005,True,0.35,0.85,0.15,0.0005,0.1,0.1,0.99,0.01,A,opposed_binary_state_preferences_v1,binary_stay_switch_a0_0p1_a1_0p9_v1__exogenous,164,A,A,1.5030241286444937e-08,1.4942429505716048e-08,0.01,0.8458252427184466,4.1228330037146915e-07,4.100009159923937e-07,9.278874489400688e-14,agreement,,,a1,a1,0,AI,a1,AI,0.1386321626617375,0.1386321626617375,True,True,1.0,0.0,0.9999958963711357,0.9999958963711357,1.1111097424122414,1.1098779134295227,1.1111097424122414,4,160,0.024390243902439025,0.975609756097561,146,16,2,0.8902439024390244,0.0975609756097561,0.012195121951219513,2,14,0.125,0.875,163,1,0.9939024390243902,0.006097560975609756,11,135,0,0,19,144,0,1
scenario1,200,scenario1__H200__eta-global_decay__states-exogenous,cfg_3734ec426b4dcce1d840,run_8e3a03a8d67ee4bf,1,42,global_decay,global_decay_eta0_0p15_c_0p0005,True,0.35,0.85,0.15,0.0005,0.1,0.1,0.99,0.01,A,opposed_binary_state_preferences_v1,binary_stay_switch_a0_0p1_a1_0p9_v1__exogenous,165,A,A,1.294656643157734e-08,1.2870928187918074e-08,0.01,0.8458252427184466,3.579149528991738e-07,3.5593269568025853e-07,7.992524039465123e-14,agreement,,,a1,a1,0,AI,a1,AI,0.13856812933025403,0.13856812933025403,True,True,1.0,0.0,0.9999963067340222,0.9999963067340222,1.1111097424122414,1.1098779134295227,1.1111097424122414,4,161,0.024242424242424242,0.9757575757575757,147,16,2,0.8909090909090909,0.09696969696969697,0.012121212121212121,2,14,0.125,0.875,164,1,0.9939393939393939,0.006060606060606061,11,136,0,0,19,145,0,1
scenario1,200,scenario1__H200__eta-global_decay__states-exogenous,cfg_3734ec426b4dcce1d840,run_8e3a03a8d67ee4bf,1,42,global_decay,global_decay_eta0_0p15_c_0p0005,True,0.35,0.85,0.15,0.0005,0.1,0.1,0.99,0.01,A,opposed_binary_state_preferences_v1,binary_stay_switch_a0_0p1_a1_0p9_v1__exogenous,166,A,A,1.1152584939903804e-08,1.1087427746174232e-08,0.01,0.8458252427184466,3.1071928768554344e-07,3.0899768690520055e-07,6.877006352176511e-14,agreement,,,a1,a1,0,AI,a1,AI,0.13850415512465375,0.13850415512465375,True,True,1.0,0.0,0.9999966760606199,0.9999966760606199,1.1111097424122414,1.1098779134295227,1.1111097424122414,4,162,0.024096385542168676,0.9759036144578314,148,16,2,0.891566265060241,0.0963855421686747,0.012048192771084338,2,14,0.125,0.875,165,1,0.9939759036144579,0.006024096385542169,11,137,0,0,19,146,0,1
scenario1,200,scenario1__H200__eta-global_decay__states-exogenous,cfg_3734ec426b4dcce1d840,run_8e3a03a8d67ee4bf,1,42,global_decay,global_decay_eta0_0p15_c_0p0005,True,0.35,0.85,0.15,0.0005,0.1,0.1,0.99,0.01,A,opposed_binary_state_preferences_v1,binary_stay_switch_a0_0p1_a1_0p9_v1__exogenous,167,A,A,9.60790558534649e-09,9.551772933684726e-09,0.01,0.8458252427184466,2.6974988460651365e-07,2.682546593203496e-07,5.931411732678348e-14,agreement,,,a1,a1,0,AI,a1,AI,0.1384402399630826,0.1384402399630826,True,True,1.0,0.0,0.999997008454558,0.999997008454558,1.1111097424122414,1.1098779134295227,1.1111097424122414,4,163,0.023952095808383235,0.9760479041916168,149,16,2,0.8922155688622755,0.09580838323353294,0.011976047904191617,2,14,0.125,0.875,166,1,0.9940119760479041,0.005988023952095809,11,138,0,0,19,147,0,1
scenario1,200,scenario1__H200__eta-global_decay__states-exogenous,cfg_3734ec426b4dcce1d840,run_8e3a03a8d67ee4bf,1,42,global_decay,global_decay_eta0_0p15_c_0p0005,True,0.35,0.85,0.15,0.0005,0.1,0.1,0.99,0.01,A,opposed_binary_state_preferences_v1,binary_stay_switch_a0_0p1_a1_0p9_v1__exogenous,168,A,A,8.277784830568482e-09,8.229423196672535e-09,0.01,0.8458252427184466,2.34185181025428e-07,2.328865584193237e-07,5.1182742302355934e-14,agreement,,,a1,a1,0,AI,a1,AI,0.13837638376383762,0.13837638376383762,True,True,1.0,0.0,0.9999973076091022,0.9999973076091022,1.1111097424122414,1.1098779134295227,1.1111097424122414,4,164,0.023809523809523808,0.9761904761904762,150,16,2,0.8928571428571429,0.09523809523809523,0.011904761904761904,2,14,0.125,0.875,167,1,0.9940476190476191,0.005952380952380952,11,139,0,0,19,148,0,1
scenario1,200,scenario1__H200__eta-global_decay__states-exogenous,cfg_3734ec426b4dcce1d840,run_8e3a03a8d67ee4bf,1,42,global_decay,global_decay_eta0_0p15_c_0p0005,True,0.35,0.85,0.15,0.0005,0.1,0.1,0.99,0.01,A,opposed_binary_state_preferences_v1,binary_stay_switch_a0_0p1_a1_0p9_v1__exogenous,169,A,A,7.132334900139264e-09,7.090665374254748e-09,0.01,0.8458252427184466,2.0331200945496677e-07,2.0218413197841205e-07,4.4031255768007636e-14,agreement,,,a1,a1,0,AI,a1,AI,0.1383125864453665,0.1383125864453665,True,True,1.0,0.0,0.999997576848192,0.999997576848192,1.1111097424122414,1.1098779134295227,1.1111097424122414,4,165,0.023668639053254437,0.9763313609467456,151,16,2,0.893491124260355,0.09467455621301775,0.011834319526627219,2,14,0.125,0.875,168,1,0.9940828402366864,0.005917159763313609,11,140,0,0,19,149,0,1
scenario1,200,scenario1__H200__eta-global_decay__states-exogenous,cfg_3734ec426b4dcce1d840,run_8e3a03a8d67ee4bf,1,42,global_decay,global_decay_eta0_0p15_c_0p0005,True,0.35,0.85,0.15,0.0005,0.1,0.1,0.99,0.01,A,opposed_binary_state_preferences_v1,binary_stay_switch_a0_0p1_a1_0p9_v1__exogenous,170,A,A,6.145843212706448e-09,6.109937106722971e-09,0.01,0.8458252427184466,1.76511302293751e-07,1.755317130980815e-07,3.794117887449986e-14,agreement,,,a1,a1,0,AI,a1,AI,0.1382488479262673,0.1382488479262673,True,True,1.0,0.0,0.9999978191633728,0.9999978191633728,1.1111097424122414,1.1098779134295227,1.1111097424122414,4,166,0.023529411764705882,0.9764705882352941,152,16,2,0.8941176470588236,0.09411764705882353,0.011764705882352941,2,14,0.125,0.875,169,1,0.9941176470588236,0.0058823529411764705,11,141,0,0,19,150,0,1
scenario1,200,scenario1__H200__eta-global_decay__states-exogenous,cfg_3734ec426b4dcce1d840,run_8e3a03a8d67ee4bf,1,42,global_decay,global_decay_eta0_0p15_c_0p0005,True,0.35,0.85,0.15,0.0005,0.1,0.1,0.99,0.01,A,opposed_binary_state_preferences_v1,binary_stay_switch_a0_0p1_a1_0p9_v1__exogenous,171,A,A,5.2961874690143115e-09,5.26524534081657e-09,0.01,0.8458252427184466,1.5324568070202072e-07,1.523948767086826e-07,3.269585458320348e-14,agreement,,,a1,a1,0,AI,a1,AI,0.1381851681252879,0.1381851681252879,True,True,1.0,0.0,0.9999980372470355,0.9999980372470355,1.1111097424122414,1.1098779134295227,1.1111097424122414,4,167,0.023391812865497075,0.9766081871345029,153,16,2,0.8947368421052632,0.0935672514619883,0.011695906432748537,2,14,0.125,0.875,170,1,0.9941520467836257,0.005847953216374269,11,142,0,0,19,151,0,1
scenario1,200,scenario1__H200__eta-global_decay__states-exogenous,cfg_3734ec426b4dcce1d840,run_8e3a03a8d67ee4bf,1,42,global_decay,global_decay_eta0_0p15_c_0p0005,True,0.35,0.85,0.15,0.0005,0.1,0.1,0.99,0.01,A,opposed_binary_state_preferences_v1,binary_stay_switch_a0_0p1_a1_0p9_v1__exogenous,172,A,A,4.564332913185526e-09,4.537666528174943e-09,0.01,0.8458252427184466,1.330486789160637e-07,1.3230972222104362e-07,2.8097686743780548e-14,agreement,,,a1,a1,0,AI,a1,AI,0.13812154696132595,0.13812154696132595,True,True,1.0,0.0,0.999998233522332,0.999998233522332,1.1111097424122414,1.1098779134295227,1.1111097424122414,4,168,0.023255813953488372,0.9767441860465116,154,16,2,0.8953488372093024,0.09302325581395349,0.011627906976744186,2,14,0.125,0.875,171,1,0.9941860465116279,0.005813953488372093,11,143,0,0,19,152,0,1
scenario1,200,scenario1__H200__eta-global_decay__states-exogenous,cfg_3734ec426b4dcce1d840,run_8e3a03a8d67ee4bf,1,42,global_decay,global_decay_eta0_0p15_c_0p0005,True,0.35,0.85,0.15,0.0005,0.1,0.1,0.99,0.01,A,opposed_binary_state_preferences_v1,binary_stay_switch_a0_0p1_a1_0p9_v1__exogenous,173,A,A,3.933900190369845e-09,3.910917007708791e-09,0.01,0.8458252427184466,1.1551538957593622e-07,1.1487357008050543e-07,2.4285814871055566e-14,agreement,,,a1,a1,0,AI,a1,AI,0.13805798435342842,0.13805798435342842,True,True,1.0,0.0,0.9999984101700987,0.9999984101700987,1.1111097424122414,1.1098779134295227,1.1111097424122414,4,169,0.023121387283236993,0.976878612716763,155,16,2,0.8959537572254336,0.09248554913294797,0.011560693641618497,2,14,0.125,0.875,172,1,0.9942196531791907,0.005780346820809248,11,144,0,0,19,153,0,1
scenario1,200,scenario1__H200__eta-global_decay__states-exogenous,cfg_3734ec426b4dcce1d840,run_8e3a03a8d67ee4bf,1,42,global_decay,global_decay_eta0_0p15_c_0p0005,True,0.35,0.85,0.15,0.0005,0.1,0.1,0.99,0.01,A,opposed_binary_state_preferences_v1,binary_stay_switch_a0_0p1_a1_0p9_v1__exogenous,174,A,A,3.390793859439816e-09,3.3709836886509734e-09,0.01,0.8458252427184466,1.0029434123961189e-07,9.973688400231996e-08,2.0932964207900658e-14,agreement,,,a1,a1,0,AI,a1,AI,0.13799448022079117,0.13799448022079117,True,True,1.0,0.0,0.9999985691530888,0.9999985691530888,1.1111097424122414,1.1098779134295227,1.1111097424122414,4,170,0.022988505747126436,0.9770114942528736,156,16,2,0.896551724137931,0.09195402298850575,0.011494252873563218,2,14,0.125,0.875,173,1,0.9942528735632183,0.005747126436781609,11,145,0,0,19,154,0,1
scenario1,200,scenario1__H200__eta-global_decay__states-exogenous,cfg_3734ec426b4dcce1d840,run_8e3a03a8d67ee4bf,1,42,global_decay,global_decay_eta0_0p15_c_0p0005,True,0.35,0.85,0.15,0.0005,0.1,0.1,0.99,0.01,A,opposed_binary_state_preferences_v1,binary_stay_switch_a0_0p1_a1_0p9_v1__exogenous,175,A,A,2.9228830232705683e-09,2.9058065467028168e-09,0.01,0.8458252427184466,8.708044789146987e-08,8.659625838031852e-08,1.7964245011263715e-14,agreement,,,a1,a1,0,AI,a1,AI,0.13793103448275862,0.13793103448275862,True,True,1.0,0.0,0.9999987122377799,0.9999987122377799,1.1111097424122414,1.1098779134295227,1.1111097424122414,4,171,0.022857142857142857,0.9771428571428571,157,16,2,0.8971428571428571,0.09142857142857143,0.011428571428571429,2,14,0.125,0.875,174,1,0.9942857142857143,0.005714285714285714,11,146,0,0,19,155,0,1
scenario1,200,scenario1__H200__eta-global_decay__states-exogenous,cfg_3734ec426b4dcce1d840,run_8e3a03a8d67ee4bf,1,42,global_decay,global_decay_eta0_0p15_c_0p0005,True,0.35,0.85,0.15,0.0005,0.1,0.1,0.99,0.01,A,opposed_binary_state_preferences_v1,binary_stay_switch_a0_0p1_a1_0p9_v1__exogenous,176,A,A,2.519726744198766e-09,2.505005643709325e-09,0.01,0.8458252427184466,7.560888762443105e-08,7.518833067094473e-08,1.5555457480422264e-14,agreement,,,a1,a1,0,AI,a1,AI,0.1378676470588235,0.1378676470588235,True,True,1.0,0.0,0.9999988410140019,0.9999988410140019,1.1111097424122414,1.1098779134295227,1.1111097424122414,4,172,0.022727272727272728,0.9772727272727273,158,16,2,0.8977272727272727,0.09090909090909091,0.011363636363636364,2,14,0.125,0.875,175,1,0.9943181818181818,0.005681818181818182,11,147,0,0,19,156,0,1
scenario1,200,scenario1__H200__eta-global_decay__states-exogenous,cfg_3734ec426b4dcce1d840,run_8e3a03a8d67ee4bf,1,42,global_decay,global_decay_eta0_0p15_c_0p0005,True,0.35,0.85,0.15,0.0005,0.1,0.1,0.99,0.01,A,opposed_binary_state_preferences_v1,binary_stay_switch_a0_0p1_a1_0p9_v1__exogenous,177,A,A,2.1723379467448922e-09,2.159646409742047e-09,0.01,0.8458252427184466,6.56497892192876e-08,6.528449728509825e-08,1.3330777497280431e-14,agreement,,,a1,a1,0,AI,a1,AI,0.13780431786862654,0.13780431786862654,True,True,1.0,0.0,0.9999989569126018,0.9999989569126018,1.1111097424122414,1.1098779134295227,1.1111097424122414,4,173,0.022598870056497175,0.9774011299435028,159,16,2,0.8983050847457628,0.0903954802259887,0.011299435028248588,2,14,0.125,0.875,176,1,0.9943502824858758,0.005649717514124294,11,148,0,0,19,157,0,1
scenario1,200,scenario1__H200__eta-global_decay__states-exogenous,cfg_3734ec426b4dcce1d840,run_8e3a03a8d67ee4bf,1,42,global_decay,global_decay_eta0_0p15_c_0p0005,True,0.35,0.85,0.15,0.0005,0.1,0.1,0.99,0.01,A,opposed_binary_state_preferences_v1,binary_stay_switch_a0_0p1_a1_0p9_v1__exogenous,178,A,A,1.8729803978135797e-09,1.8620378094101159e-09,0.01,0.8458252427184466,5.7003619220008794e-08,5.66863253162578e-08,1.1562788297842759e-14,agreement,,,a1,a1,0,AI,a1,AI,0.13774104683195593,0.13774104683195593,True,True,1.0,0.0,0.9999990612213416,0.9999990612213416,1.1111097424122414,1.1098779134295227,1.1111097424122414,4,174,0.02247191011235955,0.9775280898876404,160,16,2,0.898876404494382,0.0898876404494382,0.011235955056179775,2,14,0.125,0.875,177,1,0.9943820224719101,0.0056179775280898875,11,149,0,0,19,158,0,1
scenario1,200,scenario1__H200__eta-global_decay__states-exogenous,cfg_3734ec426b4dcce1d840,run_8e3a03a8d67ee4bf,1,42,global_decay,global_decay_eta0_0p15_c_0p0005,True,0.35,0.85,0.15,0.0005,0.1,0.1,0.99,0.01,A,opposed_binary_state_preferences_v1,binary_stay_switch_a0_0p1_a1_0p9_v1__exogenous,179,A,A,1.6149941171230038e-09,1.6055587723012844e-09,0.01,0.8458252427184466,4.949717788847022e-08,4.9221571032134426e-08,9.970117736291043e-15,agreement,,,a1,a1,0,AI,a1,AI,0.13767783386874713,0.13767783386874713,True,True,1.0,0.0,0.9999991550992074,0.9999991550992074,1.1111097424122414,1.1098779134295227,1.1111097424122414,4,175,0.0223463687150838,0.9776536312849162,161,16,2,0.8994413407821229,0.0893854748603352,0.0111731843575419,2,14,0.125,0.875,178,1,0.994413407821229,0.00558659217877095,11,150,0,0,19,159,0,1
scenario1,200,scenario1__H200__eta-global_decay__states-exogenous,cfg_3734ec426b4dcce1d840,run_8e3a03a8d67ee4bf,1,42,global_decay,global_decay_eta0_0p15_c_0p0005,True,0.35,0.85,0.15,0.0005,0.1,0.1,0.99,0.01,A,opposed_binary_state_preferences_v1,binary_stay_switch_a0_0p1_a1_0p9_v1__exogenous,180,A,A,1.3926452253667389e-09,1.3845089183818785e-09,0.01,0.8458252427184466,4.2980123480049876e-08,4.274072289060808e-08,8.51736785246455e-15,agreement,,,a1,a1,0,AI,a1,AI,0.13761467889908255,0.13761467889908255,True,True,1.0,0.0,0.9999992395892867,0.9999992395892867,1.1111097424122414,1.1098779134295227,1.1111097424122414,4,176,0.022222222222222223,0.9777777777777777,162,16,2,0.9,0.08888888888888889,0.011111111111111112,2,14,0.125,0.875,179,1,0.9944444444444445,0.005555555555555556,11,151,0,0,19,160,0,1
scenario1,200,scenario1__H200__eta-global_decay__states-exogenous,cfg_3734ec426b4dcce1d840,run_8e3a03a8d67ee4bf,1,42,global_decay,global_decay_eta0_0p15_c_0p0005,True,0.35,0.85,0.15,0.0005,0.1,0.1,0.99,0.01,A,opposed_binary_state_preferences_v1,binary_stay_switch_a0_0p1_a1_0p9_v1__exogenous,181,A,B,1.2009967998575546e-09,1.1939801681458405e-09,0.01,0.8458252427184466,3.7321954996118614e-08,3.711400070645452e-08,7.414317707977535e-15,agreement,,,a1,a1,0,AI,a1,AI,0.1375515818431912,0.1375515818431912,True,True,1.0,0.0,0.999999315630358,0.999999315630358,1.1111097424122414,1.1098779134295227,1.1111097424122414,4,177,0.022099447513812154,0.9779005524861878,163,16,2,0.9005524861878453,0.08839779005524862,0.011049723756906077,2,14,0.125,0.875,180,1,0.994475138121547,0.0055248618784530384,11,152,0,0,19,161,0,1
scenario1,200,scenario1__H200__eta-global_decay__states-exogenous,cfg_3734ec426b4dcce1d840,run_8e3a03a8d67ee4bf,1,42,global_decay,global_decay_eta0_0p15_c_0p0005,True,0.35,0.85,0.15,0.0005,0.1,0.1,0.99,0.01,A,opposed_binary_state_preferences_v1,binary_stay_switch_a0_0p1_a1_0p9_v1__exogenous,182,B,A,1.0357977902485375e-09,1.0297463073279808e-09,0.01,0.8458252427184466,0.08079313589591118,0.6201897743594276,0.6344619726171529,contextual,0.5689239452343058,0.4310760547656942,a1,a0,1,H,a1,H,0.0,0.13748854262144822,False,True,1.0,0.10000026156892747,0.0,0.10000026156892747,1.1111097424122414,1.1111097424122414,1.1111097424122414,5,177,0.027472527472527472,0.9725274725274725,163,17,2,0.8956043956043956,0.09340659340659341,0.01098901098901099,3,14,0.17647058823529413,0.8235294117647058,180,2,0.989010989010989,0.01098901098901099,11,152,0,0,19,161,0,2
scenario1,200,scenario1__H200__eta-global_decay__states-exogenous,cfg_3734ec426b4dcce1d840,run_8e3a03a8d67ee4bf,1,42,global_decay,global_decay_eta0_0p15_c_0p0005,True,0.35,0.85,0.15,0.0005,0.1,0.1,0.99,0.01,A,opposed_binary_state_preferences_v1,binary_stay_switch_a0_0p1_a1_0p9_v1__exogenous,183,A,A,1.0357977902485375e-09,1.0297463073279808e-09,0.01,0.7295339627846547,3.24093934904558e-08,3.222875167003315e-08,6.474552245476156e-15,agreement,,,a1,a1,0,AI,a1,AI,0.1374255611543747,0.1374255611543747,True,True,1.0,0.0,0.90999944566059,0.90999944566059,1.1111109742412242,1.1111097424122414,1.1111109742412242,5,178,0.0273224043715847,0.9726775956284153,164,17,2,0.8961748633879781,0.09289617486338798,0.01092896174863388,3,14,0.17647058823529413,0.8235294117647058,181,2,0.9890710382513661,0.01092896174863388,11,153,0,0,19,162,0,2
scenario1,200,scenario1__H200__eta-global_decay__states-exogenous,cfg_3734ec426b4dcce1d840,run_8e3a03a8d67ee4bf,1,42,global_decay,global_decay_eta0_0p15_c_0p0005,True,0.35,0.85,0.15,0.0005,0.1,0.1,0.99,0.01,A,opposed_binary_state_preferences_v1,binary_stay_switch_a0_0p1_a1_0p9_v1__exogenous,184,A,A,8.93452697681171e-10,8.882328431967879e-10,0.01,0.7295339627846547,2.814606915378889e-08,2.7989138906128786e-08,5.515703426803798e-15,agreement,,,a1,a1,0,AI,a1,AI,0.13736263736263735,0.13736263736263735,True,True,1.0,0.0,0.918999501094531,0.918999501094531,1.1111110961922934,1.1111097424122414,1.1111110961922934,5,179,0.02717391304347826,0.9728260869565217,165,17,2,0.8967391304347826,0.09239130434782608,0.010869565217391304,3,14,0.17647058823529413,0.8235294117647058,182,2,0.9891304347826086,0.010869565217391304,11,154,0,0,19,163,0,2
scenario1,200,scenario1__H200__eta-global_decay__states-exogenous,cfg_3734ec426b4dcce1d840,run_8e3a03a8d67ee4bf,1,42,global_decay,global_decay_eta0_0p15_c_0p0005,True,0.35,0.85,0.15,0.0005,0.1,0.1,0.99,0.01,A,opposed_binary_state_preferences_v1,binary_stay_switch_a0_0p1_a1_0p9_v1__exogenous,185,A,A,7.707256787689223e-10,7.662228372631632e-10,0.01,0.7295339627846547,2.444414939925098e-08,2.4307815737493507e-08,4.677966191343942e-15,agreement,,,a1,a1,0,AI,a1,AI,0.13729977116704806,0.13729977116704806,True,True,1.0,0.0,0.9270995509850779,0.9270995509850779,1.1111111082654492,1.1111097424122414,1.1111111082654492,5,180,0.02702702702702703,0.972972972972973,166,17,2,0.8972972972972973,0.0918918918918919,0.010810810810810811,3,14,0.17647058823529413,0.8235294117647058,183,2,0.9891891891891892,0.010810810810810811,11,155,0,0,19,164,0,2
scenario1,200,scenario1__H200__eta-global_decay__states-exogenous,cfg_3734ec426b4dcce1d840,run_8e3a03a8d67ee4bf,1,42,global_decay,global_decay_eta0_0p15_c_0p0005,True,0.35,0.85,0.15,0.0005,0.1,0.1,0.99,0.01,A,opposed_binary_state_preferences_v1,binary_stay_switch_a0_0p1_a1_0p9_v1__exogenous,186,A,A,6.649052194413815e-10,6.610206170439647e-10,0.01,0.7295339627846547,2.12296437858054e-08,2.111120094243668e-08,4.345029406084194e-15,agreement,,,a1,a1,0,AI,a1,AI,0.1372369624885636,0.1372369624885636,True,True,1.0,0.0,0.9343895958865701,0.9343895958865701,1.1111111094606918,1.1111097424122414,1.1111111094606918,5,181,0.026881720430107527,0.9731182795698925,167,17,2,0.8978494623655914,0.0913978494623656,0.010752688172043012,3,14,0.17647058823529413,0.8235294117647058,184,2,0.989247311827957,0.010752688172043012,11,156,0,0,19,165,0,2
scenario1,200,scenario1__H200__eta-global_decay__states-exogenous,cfg_3734ec426b4dcce1d840,run_8e3a03a8d67ee4bf,1,42,global_decay,global_decay_eta0_0p15_c_0p0005,True,0.35,0.85,0.15,0.0005,0.1,0.1,0.99,0.01,A,opposed_binary_state_preferences_v1,binary_stay_switch_a0_0p1_a1_0p9_v1__exogenous,187,A,A,5.736556467824545e-10,5.703041554185351e-10,0.01,0.7295339627846547,1.843831979711952e-08,1.833541797830175e-08,3.461360260577367e-15,agreement,,,a1,a1,0,AI,a1,AI,0.13717421124828533,0.13717421124828533,True,True,1.0,0.0,0.9409506362979131,0.9409506362979131,1.1111111095790207,1.1111097424122414,1.1111111095790207,5,182,0.026737967914438502,0.9732620320855615,168,17,2,0.8983957219251337,0.09090909090909091,0.0106951871657754,3,14,0.17647058823529413,0.8235294117647058,185,2,0.9893048128342246,0.0106951871657754,11,157,0,0,19,166,0,2
scenario1,200,scenario1__H200__eta-global_decay__states-exogenous,cfg_3734ec426b4dcce1d840,run_8e3a03a8d67ee4bf,1,42,global_decay,global_decay_eta0_0p15_c_0p0005,True,0.35,0.85,0.15,0.0005,0.1,0.1,0.99,0.01,A,opposed_binary_state_preferences_v1,binary_stay_switch_a0_0p1_a1_0p9_v1__exogenous,188,A,A,4.949648859069463e-10,4.92073132727378e-10,0.01,0.7295339627846547,1.601441549503182e-08,1.592501363649627e-08,3.0556508696104768e-15,agreement,,,a1,a1,0,AI,a1,AI,0.13711151736745886,0.13711151736745886,True,True,1.0,0.0,0.9468555726681218,0.9468555726681218,1.1111111095907353,1.1111097424122414,1.1111111095907353,5,183,0.026595744680851064,0.973404255319149,169,17,2,0.898936170212766,0.09042553191489362,0.010638297872340425,3,14,0.17647058823529413,0.8235294117647058,186,2,0.9893617021276596,0.010638297872340425,11,158,0,0,19,167,0,2
scenario1,200,scenario1__H200__eta-global_decay__states-exogenous,cfg_3734ec426b4dcce1d840,run_8e3a03a8d67ee4bf,1,42,global_decay,global_decay_eta0_0p15_c_0p0005,True,0.35,0.85,0.15,0.0005,0.1,0.1,0.99,0.01,A,opposed_binary_state_preferences_v1,binary_stay_switch_a0_0p1_a1_0p9_v1__exogenous,189,A,A,4.2709949935663376e-10,4.246042388433682e-10,0.01,0.7295339627846547,1.390952180407127e-08,1.3831847060337406e-08,2.5566002817155805e-15,agreement,,,a1,a1,0,AI,a1,AI,0.13704888076747374,0.13704888076747374,True,True,1.0,0.0,0.9521700154013096,0.9521700154013096,1.111111109591895,1.1111097424122414,1.111111109591895,5,184,0.026455026455026454,0.9735449735449735,170,17,2,0.8994708994708994,0.08994708994708994,0.010582010582010581,3,14,0.17647058823529413,0.8235294117647058,187,2,0.9894179894179894,0.010582010582010581,11,159,0,0,19,168,0,2
scenario1,200,scenario1__H200__eta-global_decay__states-exogenous,cfg_3734ec426b4dcce1d840,run_8e3a03a8d67ee4bf,1,42,global_decay,global_decay_eta0_0p15_c_0p0005,True,0.35,0.85,0.15,0.0005,0.1,0.1,0.99,0.01,A,opposed_binary_state_preferences_v1,binary_stay_switch_a0_0p1_a1_0p9_v1__exogenous,190,A,A,3.685659909934587e-10,3.664127031407595e-10,0.01,0.7295339627846547,1.2081612680661471e-08,1.2014125250762146e-08,2.3554167466683017e-15,agreement,,,a1,a1,0,AI,a1,AI,0.136986301369863,0.136986301369863,True,True,1.0,0.0,0.9569530138611787,0.9569530138611787,1.1111111095920099,1.1111097424122414,1.1111111095920099,5,185,0.02631578947368421,0.9736842105263158,171,17,2,0.9,0.08947368421052632,0.010526315789473684,3,14,0.17647058823529413,0.8235294117647058,188,2,0.9894736842105263,0.010526315789473684,11,160,0,0,19,169,0,2
scenario1,200,scenario1__H200__eta-global_decay__states-exogenous,cfg_3734ec426b4dcce1d840,run_8e3a03a8d67ee4bf,1,42,global_decay,global_decay_eta0_0p15_c_0p0005,True,0.35,0.85,0.15,0.0005,0.1,0.1,0.99,0.01,A,opposed_binary_state_preferences_v1,binary_stay_switch_a0_0p1_a1_0p9_v1__exogenous,191,A,A,3.1807749907654656e-10,3.162191821625733e-10,0.01,0.7295339627846547,1.0494202889088563e-08,1.0435565361444477e-08,1.963641896371053e-15,agreement,,,a1,a1,0,AI,a1,AI,0.13692377909630307,0.13692377909630307,True,True,1.0,0.0,0.9612577124750609,0.9612577124750609,1.1111111095920212,1.1111097424122414,1.1111111095920212,5,186,0.02617801047120419,0.9738219895287958,172,17,2,0.900523560209424,0.08900523560209424,0.010471204188481676,3,14,0.17647058823529413,0.8235294117647058,189,2,0.9895287958115183,0.010471204188481676,11,161,0,0,19,170,0,2
scenario1,200,scenario1__H200__eta-global_decay__states-exogenous,cfg_3734ec426b4dcce1d840,run_8e3a03a8d67ee4bf,1,42,global_decay,global_decay_eta0_0p15_c_0p0005,True,0.35,0.85,0.15,0.0005,0.1,0.1,0.99,0.01,A,opposed_binary_state_preferences_v1,binary_stay_switch_a0_0p1_a1_0p9_v1__exogenous,192,A,A,2.7452512585748497e-10,2.729212567181315e-10,0.01,0.7295339627846547,9.115617097395742e-09,9.064667742674117e-09,1.6947726276977986e-15,agreement,,,a1,a1,0,AI,a1,AI,0.1368613138686131,0.1368613138686131,True,True,1.0,0.0,0.9651319412275547,0.9651319412275547,1.1111111095920223,1.1111097424122414,1.1111111095920223,5,187,0.026041666666666668,0.9739583333333334,173,17,2,0.9010416666666666,0.08854166666666667,0.010416666666666666,3,14,0.17647058823529413,0.8235294117647058,190,2,0.9895833333333334,0.010416666666666666,11,162,0,0,19,171,0,2
scenario1,200,scenario1__H200__eta-global_decay__states-exogenous,cfg_3734ec426b4dcce1d840,run_8e3a03a8d67ee4bf,1,42,global_decay,global_decay_eta0_0p15_c_0p0005,True,0.35,0.85,0.15,0.0005,0.1,0.1,0.99,0.01,A,opposed_binary_state_preferences_v1,binary_stay_switch_a0_0p1_a1_0p9_v1__exogenous,193,A,A,2.369532564426832e-10,2.35568894941015e-10,0.01,0.7295339627846547,7.918355441749165e-09,7.87408511749029e-09,1.3827381580226874e-15,agreement,,,a1,a1,0,AI,a1,AI,0.13679890560875513,0.13679890560875513,True,True,1.0,0.0,0.9686187471047992,0.9686187471047992,1.1111111095920225,1.1111097424122414,1.1111111095920225,5,188,0.025906735751295335,0.9740932642487047,174,17,2,0.9015544041450777,0.08808290155440414,0.010362694300518135,3,14,0.17647058823529413,0.8235294117647058,191,2,0.9896373056994818,0.010362694300518135,11,163,0,0,19,172,0,2
scenario1,200,scenario1__H200__eta-global_decay__states-exogenous,cfg_3734ec426b4dcce1d840,run_8e3a03a8d67ee4bf,1,42,global_decay,global_decay_eta0_0p15_c_0p0005,True,0.35,0.85,0.15,0.0005,0.1,0.1,0.99,0.01,A,opposed_binary_state_preferences_v1,binary_stay_switch_a0_0p1_a1_0p9_v1__exogenous,194,A,A,2.045383102808934e-10,2.0334332791762033e-10,0.01,0.7295339627846547,6.878542511580296e-09,6.84007474720478e-09,1.3427967830296442e-15,agreement,,,a1,a1,0,AI,a1,AI,0.13673655423883319,0.13673655423883319,True,True,1.0,0.0,0.9717568723943193,0.9717568723943193,1.1111111095920225,1.1111097424122414,1.1111111095920225,5,189,0.02577319587628866,0.9742268041237113,175,17,2,0.9020618556701031,0.08762886597938144,0.010309278350515464,3,14,0.17647058823529413,0.8235294117647058,192,2,0.9896907216494846,0.010309278350515464,11,164,0,0,19,173,0,2
scenario1,200,scenario1__H200__eta-global_decay__states-exogenous,cfg_3734ec426b4dcce1d840,run_8e3a03a8d67ee4bf,1,42,global_decay,global_decay_eta0_0p15_c_0p0005,True,0.35,0.85,0.15,0.0005,0.1,0.1,0.99,0.01,A,opposed_binary_state_preferences_v1,binary_stay_switch_a0_0p1_a1_0p9_v1__exogenous,195,A,A,1.7657044652325073e-10,1.7553886193070778e-10,0.01,0.7295339627846547,5.9754497164511334e-09,5.942023123246441e-09,1.0099666912476166e-15,agreement,,,a1,a1,0,AI,a1,AI,0.1366742596810934,0.1366742596810934,True,True,1.0,0.0,0.9745811851548873,0.9745811851548873,1.1111111095920225,1.1111097424122414,1.1111111095920225,5,190,0.02564102564102564,0.9743589743589743,176,17,2,0.9025641025641026,0.08717948717948718,0.010256410256410256,3,14,0.17647058823529413,0.8235294117647058,193,2,0.9897435897435898,0.010256410256410256,11,165,0,0,19,174,0,2
scenario1,200,scenario1__H200__eta-global_decay__states-exogenous,cfg_3734ec426b4dcce1d840,run_8e3a03a8d67ee4bf,1,42,global_decay,global_decay_eta0_0p15_c_0p0005,True,0.35,0.85,0.15,0.0005,0.1,0.1,0.99,0.01,A,opposed_binary_state_preferences_v1,binary_stay_switch_a0_0p1_a1_0p9_v1__exogenous,196,A,A,1.5243781146312535e-10,1.5154721793106664e-10,0.01,0.7295339627846547,5.191079954451321e-09,5.1620329551012145e-09,9.41070255131668e-16,agreement,,,a1,a1,0,AI,a1,AI,0.13661202185792348,0.13661202185792348,True,True,1.0,0.0,0.9771230666393986,0.9771230666393986,1.1111111095920225,1.1111097424122414,1.1111111095920225,5,191,0.025510204081632654,0.9744897959183674,177,17,2,0.9030612244897959,0.08673469387755102,0.01020408163265306,3,14,0.17647058823529413,0.8235294117647058,194,2,0.9897959183673469,0.01020408163265306,11,166,0,0,19,175,0,2
scenario1,200,scenario1__H200__eta-global_decay__states-exogenous,cfg_3734ec426b4dcce1d840,run_8e3a03a8d67ee4bf,1,42,global_decay,global_decay_eta0_0p15_c_0p0005,True,0.35,0.85,0.15,0.0005,0.1,0.1,0.99,0.01,A,opposed_binary_state_preferences_v1,binary_stay_switch_a0_0p1_a1_0p9_v1__exogenous,197,A,A,1.3161297383155087e-10,1.3084404608256028e-10,0.01,0.7295339627846547,4.5098072473869275e-09,4.484565482632555e-09,8.125087441784618e-16,agreement,,,a1,a1,0,AI,a1,AI,0.13654984069185253,0.13654984069185253,True,True,1.0,0.0,0.9794107599754588,0.9794107599754588,1.1111111095920225,1.1111097424122414,1.1111111095920225,5,192,0.025380710659898477,0.9746192893401016,178,17,2,0.9035532994923858,0.08629441624365482,0.01015228426395939,3,14,0.17647058823529413,0.8235294117647058,195,2,0.9898477157360406,0.01015228426395939,11,167,0,0,19,176,0,2
scenario1,200,scenario1__H200__eta-global_decay__states-exogenous,cfg_3734ec426b4dcce1d840,run_8e3a03a8d67ee4bf,1,42,global_decay,global_decay_eta0_0p15_c_0p0005,True,0.35,0.85,0.15,0.0005,0.1,0.1,0.99,0.01,A,opposed_binary_state_preferences_v1,binary_stay_switch_a0_0p1_a1_0p9_v1__exogenous,198,A,A,1.1364124322187164e-10,1.1297731243450927e-10,0.01,0.7295339627846547,3.918064715088314e-09,3.896129119635736e-09,7.015608052530147e-16,agreement,,,a1,a1,0,AI,a1,AI,0.1364877161055505,0.1364877161055505,True,True,1.0,0.0,0.9814696839779129,0.9814696839779129,1.1111111095920225,1.1111097424122414,1.1111111095920225,5,193,0.025252525252525252,0.9747474747474747,179,17,2,0.9040404040404041,0.08585858585858586,0.010101010101010102,3,14,0.17647058823529413,0.8235294117647058,196,2,0.98989898989899,0.010101010101010102,11,168,0,0,19,177,0,2
scenario1,200,scenario1__H200__eta-global_decay__states-exogenous,cfg_3734ec426b4dcce1d840,run_8e3a03a8d67ee4bf,1,42,global_decay,global_decay_eta0_0p15_c_0p0005,True,0.35,0.85,0.15,0.0005,0.1,0.1,0.99,0.01,A,opposed_binary_state_preferences_v1,binary_stay_switch_a0_0p1_a1_0p9_v1__exogenous,199,A,A,9.813060947912302e-11,9.75572970885799e-11,0.01,0.7295339627846547,3.404072430723281e-09,3.385009366349627e-09,6.058063729943828e-16,agreement,,,a1,a1,0,AI,a1,AI,0.1364256480218281,0.1364256480218281,True,True,1.0,0.0,0.9833227155801216,0.9833227155801216,1.1111111095920225,1.1111097424122414,1.1111111095920225,5,194,0.02512562814070352,0.9748743718592965,180,17,2,0.9045226130653267,0.08542713567839195,0.010050251256281407,3,14,0.17647058823529413,0.8235294117647058,197,2,0.9899497487437185,0.010050251256281407,11,169,0,0,19,178,0,2
scenario1,200,scenario1__H200__eta-global_decay__states-exogenous,cfg_3734ec426b4dcce1d840,run_8e3a03a8d67ee4bf,1,42,global_decay,global_decay_eta0_0p15_c_0p0005,True,0.35,0.85,0.15,0.0005,0.1,0.1,0.99,0.01,A,opposed_binary_state_preferences_v1,binary_stay_switch_a0_0p1_a1_0p9_v1__exogenous,200,A,A,8.474307749015671e-11,8.424797961401238e-11,0.01,0.7295339627846547,2.9576019590282384e-09,2.941034738629393e-09,5.231588456367076e-16,agreement,,,a1,a1,0,AI,a1,AI,0.13636363636363635,0.13636363636363635,True,True,1.0,0.0,0.9849904440221094,0.9849904440221094,1.1111111095920225,1.1111097424122414,1.1111111095920225,5,195,0.025,0.975,181,17,2,0.905,0.085,0.01,3,14,0.17647058823529413,0.8235294117647058,198,2,0.99,0.01,11,170,0,0,19,179,0,2
scenario1,200,scenario1__H200__eta-exact_empirical__states-exogenous,cfg_0042d33e8480cdbfb328,run_cd810dac14f6d7fb,1,42,exact_empirical,exact_empirical,True,0.35,0.85,,,0.1,0.9,0.1,0.9,B,opposed_binary_state_preferences_v1,binary_stay_switch_a0_0p1_a1_0p9_v1__exogenous,1,B,B,0.99,0.01,0.01,0.99,0.08079313589591118,0.08079313589591118,0.9192068641040889,disagreement,,,a1,a0,1,H,a1,H,0.0,1.0,False,True,1.0,0.1,0.0,0.1,0.0,1.0,1.0,1,0,1.0,0.0,0,0,1,0.0,0.0,1.0,0,0,,,0,1,0.0,1.0,0,0,0,0,0,0,0,1
scenario1,200,scenario1__H200__eta-exact_empirical__states-exogenous,cfg_0042d33e8480cdbfb328,run_cd810dac14f6d7fb,1,42,exact_empirical,exact_empirical,True,0.35,0.85,,,0.1,0.9,0.1,0.9,B,opposed_binary_state_preferences_v1,binary_stay_switch_a0_0p1_a1_0p9_v1__exogenous,2,B,B,0.99,0.01,0.01,0.0,0.08079313589591118,0.0,0.005018124385838513,agreement,,,a1,a1,0,AI,a1,AI,1.0,0.5,True,True,0.0,0.09000000000000001,0.1,0.1,0.0,0.81,0.81,1,1,0.5,0.5,1,0,1,0.5,0.0,0.5,0,0,,,0,2,0.0,1.0,0,0,0,1,0,0,0,2
scenario1,200,scenario1__H200__eta-exact_empirical__states-exogenous,cfg_0042d33e8480cdbfb328,run_cd810dac14f6d7fb,1,42,exact_empirical,exact_empirical,True,0.35,0.85,,,0.1,0.9,0.1,0.9,B,opposed_binary_state_preferences_v1,binary_stay_switch_a0_0p1_a1_0p9_v1__exogenous,3,B,B,0.99,0.01,0.0,0.0,0.0,0.0,0.0,agreement,,,a1,a1,0,AI,a1,AI,0.5,0.3333333333333333,True,True,0.0,0.08100000000000002,0.19,0.19,0.0,0.6561000000000001,0.6561000000000001,1,2,0.3333333333333333,0.6666666666666666,2,0,1,0.6666666666666666,0.0,0.3333333333333333,0,0,,,0,3,0.0,1.0,0,0,0,2,0,0,0,3
scenario1,200,scenario1__H200__eta-exact_empirical__states-exogenous,cfg_0042d33e8480cdbfb328,run_cd810dac14f6d7fb,1,42,exact_empirical,exact_empirical,True,0.35,0.85,,,0.1,0.9,0.1,0.9,B,opposed_binary_state_preferences_v1,binary_stay_switch_a0_0p1_a1_0p9_v1__exogenous,4,B,B,0.99,0.01,0.0,0.0,0.0,0.0,0.0,agreement,,,a1,a1,0,AI,a1,AI,0.3333333333333333,0.25,True,True,0.0,0.07290000000000002,0.271,0.271,0.0,0.5314410000000002,0.5314410000000002,1,3,0.25,0.75,3,0,1,0.75,0.0,0.25,0,0,,,0,4,0.0,1.0,0,0,0,3,0,0,0,4
scenario1,200,scenario1__H200__eta-exact_empirical__states-exogenous,cfg_0042d33e8480cdbfb328,run_cd810dac14f6d7fb,1,42,exact_empirical,exact_empirical,True,0.35,0.85,,,0.1,0.9,0.1,0.9,B,opposed_binary_state_preferences_v1,binary_stay_switch_a0_0p1_a1_0p9_v1__exogenous,5,B,B,0.99,0.01,0.0,0.0,0.0,0.0,0.0,agreement,,,a1,a1,0,AI,a1,AI,0.25,0.2,True,True,0.0,0.06561000000000002,0.34390000000000004,0.34390000000000004,0.0,0.43046721000000016,0.43046721000000016,1,4,0.2,0.8,4,0,1,0.8,0.0,0.2,0,0,,,0,5,0.0,1.0,0,0,0,4,0,0,0,5
scenario1,200,scenario1__H200__eta-exact_empirical__states-exogenous,cfg_0042d33e8480cdbfb328,run_cd810dac14f6d7fb,1,42,exact_empirical,exact_empirical,True,0.35,0.85,,,0.1,0.9,0.1,0.9,B,opposed_binary_state_preferences_v1,binary_stay_switch_a0_0p1_a1_0p9_v1__exogenous,6,B,B,0.99,0.01,0.0,0.0,0.0,0.0,0.0,agreement,,,a1,a1,0,AI,a1,AI,0.2,0.16666666666666666,True,True,0.0,0.05904900000000002,0.40951000000000004,0.40951000000000004,0.0,0.34867844010000015,0.34867844010000015,1,5,0.16666666666666666,0.8333333333333334,5,0,1,0.8333333333333334,0.0,0.16666666666666666,0,0,,,0,6,0.0,1.0,0,0,0,5,0,0,0,6
scenario1,200,scenario1__H200__eta-exact_empirical__states-exogenous,cfg_0042d33e8480cdbfb328,run_cd810dac14f6d7fb,1,42,exact_empirical,exact_empirical,True,0.35,0.85,,,0.1,0.9,0.1,0.9,B,opposed_binary_state_preferences_v1,binary_stay_switch_a0_0p1_a1_0p9_v1__exogenous,7,B,B,0.99,0.01,0.0,0.0,0.0,0.0,0.0,agreement,,,a1,a1,0,AI,a1,AI,0.16666666666666666,0.14285714285714285,True,True,0.0,0.05314410000000002,0.46855900000000006,0.46855900000000006,0.0,0.28242953648100017,0.28242953648100017,1,6,0.14285714285714285,0.8571428571428571,6,0,1,0.8571428571428571,0.0,0.14285714285714285,0,0,,,0,7,0.0,1.0,0,0,0,6,0,0,0,7
scenario1,200,scenario1__H200__eta-exact_empirical__states-exogenous,cfg_0042d33e8480cdbfb328,run_cd810dac14f6d7fb,1,42,exact_empirical,exact_empirical,True,0.35,0.85,,,0.1,0.9,0.1,0.9,B,opposed_binary_state_preferences_v1,binary_stay_switch_a0_0p1_a1_0p9_v1__exogenous,8,B,B,0.99,0.01,0.0,0.0,0.0,0.0,0.0,agreement,,,a1,a1,0,AI,a1,AI,0.14285714285714285,0.125,True,True,0.0,0.04782969000000002,0.5217031000000001,0.5217031000000001,0.0,0.22876792454961012,0.22876792454961012,1,7,0.125,0.875,7,0,1,0.875,0.0,0.125,0,0,,,0,8,0.0,1.0,0,0,0,7,0,0,0,8
scenario1,200,scenario1__H200__eta-exact_empirical__states-exogenous,cfg_0042d33e8480cdbfb328,run_cd810dac14f6d7fb,1,42,exact_empirical,exact_empirical,True,0.35,0.85,,,0.1,0.9,0.1,0.9,B,opposed_binary_state_preferences_v1,binary_stay_switch_a0_0p1_a1_0p9_v1__exogenous,9,B,A,0.99,0.01,0.0,0.0,0.0,0.0,0.0,agreement,,,a1,a1,0,AI,a1,AI,0.125,0.1111111111111111,True,True,0.0,0.043046721000000024,0.5695327900000001,0.5695327900000001,0.0,0.1853020188851842,0.1853020188851842,1,8,0.1111111111111111,0.8888888888888888,8,0,1,0.8888888888888888,0.0,0.1111111111111111,0,0,,,0,9,0.0,1.0,0,0,0,8,0,0,0,9
scenario1,200,scenario1__H200__eta-exact_empirical__states-exogenous,cfg_0042d33e8480cdbfb328,run_cd810dac14f6d7fb,1,42,exact_empirical,exact_empirical,True,0.35,0.85,,,0.1,0.9,0.1,0.9,B,opposed_binary_state_preferences_v1,binary_stay_switch_a0_0p1_a1_0p9_v1__exogenous,10,A,B,0.99,0.01,0.0,0.0,0.08079313589591118,0.08079313589591118,0.9192068641040889,disagreement,,,a0,a1,1,H,a0,H,0.0,1.0,False,True,1.0,0.1,0.0,0.1,1.1500946352969992,0.1853020188851842,1.1500946352969992,2,8,0.2,0.8,8,0,2,0.8,0.0,0.2,0,0,,,1,9,0.1,0.9,0,0,0,8,1,0,0,9
scenario1,200,scenario1__H200__eta-exact_empirical__states-exogenous,cfg_0042d33e8480cdbfb328,run_cd810dac14f6d7fb,1,42,exact_empirical,exact_empirical,True,0.35,0.85,,,0.1,0.9,0.1,0.9,B,opposed_binary_state_preferences_v1,binary_stay_switch_a0_0p1_a1_0p9_v1__exogenous,11,B,B,0.99,1.0,0.0,0.0,0.0,0.0,0.0,agreement,,,a1,a1,0,AI,a1,AI,0.1111111111111111,0.1,True,True,0.0,0.03486784401000002,0.5613215599000001,0.5613215599000001,1.1500946352969992,0.2536031524737291,0.2536031524737291,2,9,0.18181818181818182,0.8181818181818182,9,0,2,0.8181818181818182,0.0,0.18181818181818182,0,0,,,1,10,0.09090909090909091,0.9090909090909091,0,0,0,9,1,0,0,10
scenario1,200,scenario1__H200__eta-exact_empirical__states-exogenous,cfg_0042d33e8480cdbfb328,run_cd810dac14f6d7fb,1,42,exact_empirical,exact_empirical,True,0.35,0.85,,,0.1,0.9,0.1,0.9,B,opposed_binary_state_preferences_v1,binary_stay_switch_a0_0p1_a1_0p9_v1__exogenous,12,B,B,0.99,1.0,0.0,0.0,0.0,0.0,0.0,agreement,,,a1,a1,0,AI,a1,AI,0.1,0.09090909090909091,True,True,0.0,0.03138105960900001,0.6051894039100001,0.6051894039100001,1.1500946352969992,0.30892707068045056,0.30892707068045056,2,10,0.16666666666666666,0.8333333333333334,10,0,2,0.8333333333333334,0.0,0.16666666666666666,0,0,,,1,11,0.08333333333333333,0.9166666666666666,0,0,0,10,1,0,0,11
scenario1,200,scenario1__H200__eta-exact_empirical__states-exogenous,cfg_0042d33e8480cdbfb328,run_cd810dac14f6d7fb,1,42,exact_empirical,exact_empirical,True,0.35,0.85,,,0.1,0.9,0.1,0.9,B,opposed_binary_state_preferences_v1,binary_stay_switch_a0_0p1_a1_0p9_v1__exogenous,13,B,B,0.99,1.0,0.0,0.0,0.0,0.0,0.0,agreement,,,a1,a1,0,AI,a1,AI,0.09090909090909091,0.08333333333333333,True,True,0.0,0.028242953648100012,0.644670463519,0.644670463519,1.1500946352969992,0.3537394444278949,0.3537394444278949,2,11,0.15384615384615385,0.8461538461538461,11,0,2,0.8461538461538461,0.0,0.15384615384615385,0,0,,,1,12,0.07692307692307693,0.9230769230769231,0,0,0,11,1,0,0,12
scenario1,200,scenario1__H200__eta-exact_empirical__states-exogenous,cfg_0042d33e8480cdbfb328,run_cd810dac14f6d7fb,1,42,exact_empirical,exact_empirical,True,0.35,0.85,,,0.1,0.9,0.1,0.9,B,opposed_binary_state_preferences_v1,binary_stay_switch_a0_0p1_a1_0p9_v1__exogenous,14,B,B,0.99,1.0,0.0,0.0,0.0,0.0,0.0,agreement,,,a1,a1,0,AI,a1,AI,0.08333333333333333,0.07692307692307693,True,True,0.0,0.025418658283290013,0.6802034171671,0.6802034171671,1.1500946352969992,0.3900374671633248,0.3900374671633248,2,12,0.14285714285714285,0.8571428571428571,12,0,2,0.8571428571428571,0.0,0.14285714285714285,0,0,,,1,13,0.07142857142857142,0.9285714285714286,0,0,0,12,1,0,0,13
scenario1,200,scenario1__H200__eta-exact_empirical__states-exogenous,cfg_0042d33e8480cdbfb328,run_cd810dac14f6d7fb,1,42,exact_empirical,exact_empirical,True,0.35,0.85,,,0.1,0.9,0.1,0.9,B,opposed_binary_state_preferences_v1,binary_stay_switch_a0_0p1_a1_0p9_v1__exogenous,15,B,B,0.99,1.0,0.0,0.0,0.0,0.0,0.0,agreement,,,a1,a1,0,AI,a1,AI,0.07692307692307693,0.07142857142857142,True,True,0.0,0.022876792454961013,0.71218307545039,0.71218307545039,1.1500946352969992,0.41943886557902305,0.41943886557902305,2,13,0.13333333333333333,0.8666666666666667,13,0,2,0.8666666666666667,0.0,0.13333333333333333,0,0,,,1,14,0.06666666666666667,0.9333333333333333,0,0,0,13,1,0,0,14
scenario1,200,scenario1__H200__eta-exact_empirical__states-exogenous,cfg_0042d33e8480cdbfb328,run_cd810dac14f6d7fb,1,42,exact_empirical,exact_empirical,True,0.35,0.85,,,0.1,0.9,0.1,0.9,B,opposed_binary_state_preferences_v1,binary_stay_switch_a0_0p1_a1_0p9_v1__exogenous,16,B,B,0.99,1.0,0.0,0.0,0.0,0.0,0.0,agreement,,,a1,a1,0,AI,a1,AI,0.07142857142857142,0.06666666666666667,True,True,0.0,0.020589113209464913,0.7409647679053509,0.7409647679053509,1.1500946352969992,0.4432539982957386,0.4432539982957386,2,14,0.125,0.875,14,0,2,0.875,0.0,0.125,0,0,,,1,15,0.0625,0.9375,0,0,0,14,1,0,0,15
scenario1,200,scenario1__H200__eta-exact_empirical__states-exogenous,cfg_0042d33e8480cdbfb328,run_cd810dac14f6d7fb,1,42,exact_empirical,exact_empirical,True,0.35,0.85,,,0.1,0.9,0.1,0.9,B,opposed_binary_state_preferences_v1,binary_stay_switch_a0_0p1_a1_0p9_v1__exogenous,17,B,A,0.99,1.0,0.0,0.0,0.0,0.0,0.0,agreement,,,a1,a1,0,AI,a1,AI,0.06666666666666667,0.0625,True,True,0.0,0.01853020188851842,0.7668682911148158,0.7668682911148158,1.1500946352969992,0.4625442557962782,0.4625442557962782,2,15,0.11764705882352941,0.8823529411764706,15,0,2,0.8823529411764706,0.0,0.11764705882352941,0,0,,,1,16,0.058823529411764705,0.9411764705882353,0,0,0,15,1,0,0,16
scenario1,200,scenario1__H200__eta-exact_empirical__states-exogenous,cfg_0042d33e8480cdbfb328,run_cd810dac14f6d7fb,1,42,exact_empirical,exact_empirical,True,0.35,0.85,,,0.1,0.9,0.1,0.9,B,opposed_binary_state_preferences_v1,binary_stay_switch_a0_0p1_a1_0p9_v1__exogenous,18,A,B,0.99,1.0,0.0,0.0,0.08079313589591118,0.0,0.005018124385838513,agreement,,,a0,a0,0,AI,a0,AI,1.0,0.5,True,True,0.0,0.043046721000000024,0.1,0.1,0.4781693643717153,0.4625442557962782,0.4781693643717153,2,16,0.1111111111111111,0.8888888888888888,16,0,2,0.8888888888888888,0.0,0.1111111111111111,0,0,,,2,16,0.1111111111111111,0.8888888888888888,1,0,0,15,2,0,0,16
scenario1,200,scenario1__H200__eta-exact_empirical__states-exogenous,cfg_0042d33e8480cdbfb328,run_cd810dac14f6d7fb,1,42,exact_empirical,exact_empirical,True,0.35,0.85,,,0.1,0.9,0.1,0.9,B,opposed_binary_state_preferences_v1,binary_stay_switch_a0_0p1_a1_0p9_v1__exogenous,19,B,B,1.0,1.0,0.0,0.0,0.0,0.0,0.0,agreement,,,a1,a1,0,AI,a1,AI,0.0625,0.058823529411764705,True,True,0.0,0.015009463529699923,0.7211633158030007,0.7211633158030007,0.4781693643717153,0.41769608998843977,0.41769608998843977,2,17,0.10526315789473684,0.8947368421052632,17,0,2,0.8947368421052632,0.0,0.10526315789473684,0,0,,,2,17,0.10526315789473684,0.8947368421052632,1,0,0,16,2,0,0,17
scenario1,200,scenario1__H200__eta-exact_empirical__states-exogenous,cfg_0042d33e8480cdbfb328,run_cd810dac14f6d7fb,1,42,exact_empirical,exact_empirical,True,0.35,0.85,,,0.1,0.9,0.1,0.9,B,opposed_binary_state_preferences_v1,binary_stay_switch_a0_0p1_a1_0p9_v1__exogenous,20,B,B,1.0,1.0,0.0,0.0,0.0,0.0,0.0,agreement,,,a1,a1,0,AI,a1,AI,0.058823529411764705,0.05555555555555555,True,True,0.0,0.013508517176729932,0.7490469842227007,0.7490469842227007,0.4781693643717153,0.3813690756840906,0.3813690756840906,2,18,0.1,0.9,18,0,2,0.9,0.0,0.1,0,0,,,2,18,0.1,0.9,1,0,0,17,2,0,0,18
scenario1,200,scenario1__H200__eta-exact_empirical__states-exogenous,cfg_0042d33e8480cdbfb328,run_cd810dac14f6d7fb,1,42,exact_empirical,exact_empirical,True,0.35,0.85,,,0.1,0.9,0.1,0.9,B,opposed_binary_state_preferences_v1,binary_stay_switch_a0_0p1_a1_0p9_v1__exogenous,21,B,B,1.0,1.0,0.0,0.0,0.0,0.0,0.0,agreement,,,a1,a1,0,AI,a1,AI,0.05555555555555555,0.05263157894736842,True,True,0.0,0.01215766545905694,0.7741422858004305,0.7741422858004305,0.4781693643717153,0.35194419409756783,0.35194419409756783,2,19,0.09523809523809523,0.9047619047619048,19,0,2,0.9047619047619048,0.0,0.09523809523809523,0,0,,,2,19,0.09523809523809523,0.9047619047619048,1,0,0,18,2,0,0,19
scenario1,200,scenario1__H200__eta-exact_empirical__states-exogenous,cfg_0042d33e8480cdbfb328,run_cd810dac14f6d7fb,1,42,exact_empirical,exact_empirical,True,0.35,0.85,,,0.1,0.9,0.1,0.9,B,opposed_binary_state_preferences_v1,binary_stay_switch_a0_0p1_a1_0p9_v1__exogenous,22,B,B,1.0,1.0,0.0,0.0,0.0,0.0,0.0,agreement,,,a1,a1,0,AI,a1,AI,0.05263157894736842,0.05,True,True,0.0,0.010941898913151246,0.7967280572203875,0.7967280572203875,0.4781693643717153,0.3281100400124844,0.3281100400124844,2,20,0.09090909090909091,0.9090909090909091,20,0,2,0.9090909090909091,0.0,0.09090909090909091,0,0,,,2,20,0.09090909090909091,0.9090909090909091,1,0,0,19,2,0,0,20
scenario1,200,scenario1__H200__eta-exact_empirical__states-exogenous,cfg_0042d33e8480cdbfb328,run_cd810dac14f6d7fb,1,42,exact_empirical,exact_empirical,True,0.35,0.85,,,0.1,0.9,0.1,0.9,B,opposed_binary_state_preferences_v1,binary_stay_switch_a0_0p1_a1_0p9_v1__exogenous,23,B,B,1.0,1.0,0.0,0.0,0.0,0.0,0.0,agreement,,,a1,a1,0,AI,a1,AI,0.05,0.047619047619047616,True,True,0.0,0.009847709021836121,0.8170552514983488,0.8170552514983488,0.4781693643717153,0.3088043752035668,0.3088043752035668,2,21,0.08695652173913043,0.9130434782608695,21,0,2,0.9130434782608695,0.0,0.08695652173913043,0,0,,,2,21,0.08695652173913043,0.9130434782608695,1,0,0,20,2,0,0,21
scenario1,200,scenario1__H200__eta-exact_empirical__states-exogenous,cfg_0042d33e8480cdbfb328,run_cd810dac14f6d7fb,1,42,exact_empirical,exact_empirical,True,0.35,0.85,,,0.1,0.9,0.1,0.9,B,opposed_binary_state_preferences_v1,binary_stay_switch_a0_0p1_a1_0p9_v1__exogenous,24,B,B,1.0,1.0,0.0,0.0,0.0,0.0,0.0,agreement,,,a1,a1,0,AI,a1,AI,0.047619047619047616,0.045454545454545456,True,True,0.0,0.00886293811965251,0.8353497263485139,0.8353497263485139,0.4781693643717153,0.2931667867083435,0.2931667867083435,2,22,0.08333333333333333,0.9166666666666666,22,0,2,0.9166666666666666,0.0,0.08333333333333333,0,0,,,2,22,0.08333333333333333,0.9166666666666666,1,0,0,21,2,0,0,22
scenario1,200,scenario1__H200__eta-exact_empirical__states-exogenous,cfg_0042d33e8480cdbfb328,run_cd810dac14f6d7fb,1,42,exact_empirical,exact_empirical,True,0.35,0.85,,,0.1,0.9,0.1,0.9,B,opposed_binary_state_preferences_v1,binary_stay_switch_a0_0p1_a1_0p9_v1__exogenous,25,B,B,1.0,1.0,0.0,0.0,0.0,0.0,0.0,agreement,,,a1,a1,0,AI,a1,AI,0.045454545454545456,0.043478260869565216,True,True,0.0,0.007976644307687259,0.8518147537136626,0.8518147537136626,0.4781693643717153,0.2805003400272127,0.2805003400272127,2,23,0.08,0.92,23,0,2,0.92,0.0,0.08,0,0,,,2,23,0.08,0.92,1,0,0,22,2,0,0,23
scenario1,200,scenario1__H200__eta-exact_empirical__states-exogenous,cfg_0042d33e8480cdbfb328,run_cd810dac14f6d7fb,1,42,exact_empirical,exact_empirical,True,0.35,0.85,,,0.1,0.9,0.1,0.9,B,opposed_binary_state_preferences_v1,binary_stay_switch_a0_0p1_a1_0p9_v1__exogenous,26,B,B,1.0,1.0,0.0,0.0,0.0,0.0,0.0,agreement,,,a1,a1,0,AI,a1,AI,0.043478260869565216,0.041666666666666664,True,True,0.0,0.007178979876918534,0.8666332783422963,0.8666332783422963,0.4781693643717153,0.27024051821549666,0.27024051821549666,2,24,0.07692307692307693,0.9230769230769231,24,0,2,0.9230769230769231,0.0,0.07692307692307693,0,0,,,2,24,0.07692307692307693,0.9230769230769231,1,0,0,23,2,0,0,24
scenario1,200,scenario1__H200__eta-exact_empirical__states-exogenous,cfg_0042d33e8480cdbfb328,run_cd810dac14f6d7fb,1,42,exact_empirical,exact_empirical,True,0.35,0.85,,,0.1,0.9,0.1,0.9,B,opposed_binary_state_preferences_v1,binary_stay_switch_a0_0p1_a1_0p9_v1__exogenous,27,B,B,1.0,1.0,0.0,0.0,0.0,0.0,0.0,agreement,,,a1,a1,0,AI,a1,AI,0.041666666666666664,0.04,True,True,0.0,0.006461081889226681,0.8799699505080667,0.8799699505080667,0.4781693643717153,0.2619300625480067,0.2619300625480067,2,25,0.07407407407407407,0.9259259259259259,25,0,2,0.9259259259259259,0.0,0.07407407407407407,0,0,,,2,25,0.07407407407407407,0.9259259259259259,1,0,0,24,2,0,0,25
scenario1,200,scenario1__H200__eta-exact_empirical__states-exogenous,cfg_0042d33e8480cdbfb328,run_cd810dac14f6d7fb,1,42,exact_empirical,exact_empirical,True,0.35,0.85,,,0.1,0.9,0.1,0.9,B,opposed_binary_state_preferences_v1,binary_stay_switch_a0_0p1_a1_0p9_v1__exogenous,28,B,A,1.0,1.0,0.0,0.0,0.0,0.0,0.0,agreement,,,a1,a1,0,AI,a1,AI,0.04,0.038461538461538464,True,True,0.0,0.005814973700304013,0.8919729554572601,0.8919729554572601,0.4781693643717153,0.2551985934573398,0.2551985934573398,2,26,0.07142857142857142,0.9285714285714286,26,0,2,0.9285714285714286,0.0,0.07142857142857142,0,0,,,2,26,0.07142857142857142,0.9285714285714286,1,0,0,25,2,0,0,26
scenario1,200,scenario1__H200__eta-exact_empirical__states-exogenous,cfg_0042d33e8480cdbfb328,run_cd810dac14f6d7fb,1,42,exact_empirical,exact_empirical,True,0.35,0.85,,,0.1,0.9,0.1,0.9,B,opposed_binary_state_preferences_v1,binary_stay_switch_a0_0p1_a1_0p9_v1__exogenous,29,A,B,1.0,1.0,0.0,0.0,0.0,0.0,0.0,agreement,,,a0,a0,0,AI,a0,AI,0.5,0.3333333333333333,True,True,0.0,0.013508517176729932,0.131381059609,0.131381059609,0.24974610349389964,0.2551985934573398,0.24974610349389964,2,27,0.06896551724137931,0.9310344827586207,27,0,2,0.9310344827586207,0.0,0.06896551724137931,0,0,,,3,26,0.10344827586206896,0.896551724137931,2,0,0,25,3,0,0,26
scenario1,200,scenario1__H200__eta-exact_empirical__states-exogenous,cfg_0042d33e8480cdbfb328,run_cd810dac14f6d7fb,1,42,exact_empirical,exact_empirical,True,0.35,0.85,,,0.1,0.9,0.1,0.9,B,opposed_binary_state_preferences_v1,binary_stay_switch_a0_0p1_a1_0p9_v1__exogenous,30,B,B,1.0,1.0,0.0,0.0,0.0,0.0,0.0,agreement,,,a1,a1,0,AI,a1,AI,0.038461538461538464,0.037037037037037035,True,True,0.0,0.00471012869724625,0.8224980939203806,0.8224980939203806,0.24974610349389964,0.22918801001489622,0.22918801001489622,2,28,0.06666666666666667,0.9333333333333333,28,0,2,0.9333333333333333,0.0,0.06666666666666667,0,0,,,3,27,0.1,0.9,2,0,0,26,3,0,0,27
scenario1,200,scenario1__H200__eta-exact_empirical__states-exogenous,cfg_0042d33e8480cdbfb328,run_cd810dac14f6d7fb,1,42,exact_empirical,exact_empirical,True,0.35,0.85,,,0.1,0.9,0.1,0.9,B,opposed_binary_state_preferences_v1,binary_stay_switch_a0_0p1_a1_0p9_v1__exogenous,31,B,B,1.0,1.0,0.0,0.0,0.0,0.0,0.0,agreement,,,a1,a1,0,AI,a1,AI,0.037037037037037035,0.03571428571428571,True,True,0.0,0.004239115827521626,0.8402482845283425,0.8402482845283425,0.24974610349389964,0.2081194374265169,0.2081194374265169,2,29,0.06451612903225806,0.9354838709677419,29,0,2,0.9354838709677419,0.0,0.06451612903225806,0,0,,,3,28,0.0967741935483871,0.9032258064516129,2,0,0,27,3,0,0,28
scenario1,200,scenario1__H200__eta-exact_empirical__states-exogenous,cfg_0042d33e8480cdbfb328,run_cd810dac14f6d7fb,1,42,exact_empirical,exact_empirical,True,0.35,0.85,,,0.1,0.9,0.1,0.9,B,opposed_binary_state_preferences_v1,binary_stay_switch_a0_0p1_a1_0p9_v1__exogenous,32,B,B,1.0,1.0,0.0,0.0,0.0,0.0,0.0,agreement,,,a1,a1,0,AI,a1,AI,0.03571428571428571,0.034482758620689655,True,True,0.0,0.0038152042447694634,0.8562234560755083,0.8562234560755083,0.24974610349389964,0.19105389362992967,0.19105389362992967,2,30,0.0625,0.9375,30,0,2,0.9375,0.0,0.0625,0,0,,,3,29,0.09375,0.90625,2,0,0,28,3,0,0,29
scenario1,200,scenario1__H200__eta-exact_empirical__states-exogenous,cfg_0042d33e8480cdbfb328,run_cd810dac14f6d7fb,1,42,exact_empirical,exact_empirical,True,0.35,0.85,,,0.1,0.9,0.1,0.9,B,opposed_binary_state_preferences_v1,binary_stay_switch_a0_0p1_a1_0p9_v1__exogenous,33,B,B,1.0,1.0,0.0,0.0,0.0,0.0,0.0,agreement,,,a1,a1,0,AI,a1,AI,0.034482758620689655,0.03333333333333333,True,True,0.0,0.003433683820292517,0.8706011104679575,0.8706011104679575,0.24974610349389964,0.177230803154694,0.177230803154694,2,31,0.06060606060606061,0.9393939393939394,31,0,2,0.9393939393939394,0.0,0.06060606060606061,0,0,,,3,30,0.09090909090909091,0.9090909090909091,2,0,0,29,3,0,0,30
scenario1,200,scenario1__H200__eta-exact_empirical__states-exogenous,cfg_0042d33e8480cdbfb328,run_cd810dac14f6d7fb,1,42,exact_empirical,exact_empirical,True,0.35,0.85,,,0.1,0.9,0.1,0.9,B,opposed_binary_state_preferences_v1,binary_stay_switch_a0_0p1_a1_0p9_v1__exogenous,34,B,B,1.0,1.0,0.0,0.0,0.0,0.0,0.0,agreement,,,a1,a1,0,AI,a1,AI,0.03333333333333333,0.03225806451612903,True,True,0.0,0.0030903154382632653,0.8835409994211617,0.8835409994211617,0.24974610349389964,0.16603409986975312,0.16603409986975312,2,32,0.058823529411764705,0.9411764705882353,32,0,2,0.9411764705882353,0.0,0.058823529411764705,0,0,,,3,31,0.08823529411764706,0.9117647058823529,2,0,0,30,3,0,0,31
scenario1,200,scenario1__H200__eta-exact_empirical__states-exogenous,cfg_0042d33e8480cdbfb328,run_cd810dac14f6d7fb,1,42,exact_empirical,exact_empirical,True,0.35,0.85,,,0.1,0.9,0.1,0.9,B,opposed_binary_state_preferences_v1,binary_stay_switch_a0_0p1_a1_0p9_v1__exogenous,35,B,B,1.0,1.0,0.0,0.0,0.0,0.0,0.0,agreement,,,a1,a1,0,AI,a1,AI,0.03225806451612903,0.03125,True,True,0.0,0.002781283894436939,0.8951868994790455,0.8951868994790455,0.24974610349389964,0.156964770208951,0.156964770208951,2,33,0.05714285714285714,0.9428571428571428,33,0,2,0.9428571428571428,0.0,0.05714285714285714,0,0,,,3,32,0.08571428571428572,0.9142857142857143,2,0,0,31,3,0,0,32
scenario1,200,scenario1__H200__eta-exact_empirical__states-exogenous,cfg_0042d33e8480cdbfb328,run_cd810dac14f6d7fb,1,42,exact_empirical,exact_empirical,True,0.35,0.85,,,0.1,0.9,0.1,0.9,B,opposed_binary_state_preferences_v1,binary_stay_switch_a0_0p1_a1_0p9_v1__exogenous,36,B,A,1.0,1.0,0.0,0.0,0.0,0.0,0.0,agreement,,,a1,a1,0,AI,a1,AI,0.03125,0.030303030303030304,True,True,0.0,0.002503155504993245,0.9056682095311409,0.9056682095311409,0.24974610349389964,0.1496186131837013,0.1496186131837013,2,34,0.05555555555555555,0.9444444444444444,34,0,2,0.9444444444444444,0.0,0.05555555555555555,0,0,,,3,33,0.08333333333333333,0.9166666666666666,2,0,0,32,3,0,0,33
scenario1,200,scenario1__H200__eta-exact_empirical__states-exogenous,cfg_0042d33e8480cdbfb328,run_cd810dac14f6d7fb,1,42,exact_empirical,exact_empirical,True,0.35,0.85,,,0.1,0.9,0.1,0.9,B,opposed_binary_state_preferences_v1,binary_stay_switch_a0_0p1_a1_0p9_v1__exogenous,37,A,B,1.0,1.0,0.0,0.0,0.0,0.0,0.0,agreement,,,a0,a0,0,AI,a0,AI,0.3333333333333333,0.25,True,True,0.0,0.005814973700304013,0.15655523817672995,0.15655523817672995,0.14366822599324902,0.1496186131837013,0.14366822599324902,2,35,0.05405405405405406,0.9459459459459459,35,0,2,0.9459459459459459,0.0,0.05405405405405406,0,0,,,4,33,0.10810810810810811,0.8918918918918919,3,0,0,32,4,0,0,33
scenario1,200,scenario1__H200__eta-exact_empirical__states-exogenous,cfg_0042d33e8480cdbfb328,run_cd810dac14f6d7fb,1,42,exact_empirical,exact_empirical,True,0.35,0.85,,,0.1,0.9,0.1,0.9,B,opposed_binary_state_preferences_v1,binary_stay_switch_a0_0p1_a1_0p9_v1__exogenous,38,B,B,1.0,1.0,0.0,0.0,0.0,0.0,0.0,agreement,,,a1,a1,0,AI,a1,AI,0.030303030303030304,0.029411764705882353,True,True,0.0,0.0020275559590445286,0.8335912497202241,0.8335912497202241,0.14366822599324902,0.13412121701819046,0.13412121701819046,2,36,0.05263157894736842,0.9473684210526315,36,0,2,0.9473684210526315,0.0,0.05263157894736842,0,0,,,4,34,0.10526315789473684,0.8947368421052632,3,0,0,33,4,0,0,34
scenario1,200,scenario1__H200__eta-exact_empirical__states-exogenous,cfg_0042d33e8480cdbfb328,run_cd810dac14f6d7fb,1,42,exact_empirical,exact_empirical,True,0.35,0.85,,,0.1,0.9,0.1,0.9,B,opposed_binary_state_preferences_v1,binary_stay_switch_a0_0p1_a1_0p9_v1__exogenous,39,B,B,1.0,1.0,0.0,0.0,0.0,0.0,0.0,agreement,,,a1,a1,0,AI,a1,AI,0.029411764705882353,0.02857142857142857,True,True,0.0,0.0018248003631400759,0.8502321247482018,0.8502321247482018,0.14366822599324902,0.12156832612412669,0.12156832612412669,2,37,0.05128205128205128,0.9487179487179487,37,0,2,0.9487179487179487,0.0,0.05128205128205128,0,0,,,4,35,0.10256410256410256,0.8974358974358975,3,0,0,34,4,0,0,35
scenario1,200,scenario1__H200__eta-exact_empirical__states-exogenous,cfg_0042d33e8480cdbfb328,run_cd810dac14f6d7fb,1,42,exact_empirical,exact_empirical,True,0.35,0.85,,,0.1,0.9,0.1,0.9,B,opposed_binary_state_preferences_v1,binary_stay_switch_a0_0p1_a1_0p9_v1__exogenous,40,B,B,1.0,1.0,0.0,0.0,0.0,0.0,0.0,agreement,,,a1,a1,0,AI,a1,AI,0.02857142857142857,0.027777777777777776,True,True,0.0,0.0016423203268260682,0.8652089122733816,0.8652089122733816,0.14366822599324902,0.11140048449993503,0.11140048449993503,2,38,0.05,0.95,38,0,2,0.95,0.0,0.05,0,0,,,4,36,0.1,0.9,3,0,0,35,4,0,0,36
scenario1,200,scenario1__H200__eta-exact_empirical__states-exogenous,cfg_0042d33e8480cdbfb328,run_cd810dac14f6d7fb,1,42,exact_empirical,exact_empirical,True,0.35,0.85,,,0.1,0.9,0.1,0.9,B,opposed_binary_state_preferences_v1,binary_stay_switch_a0_0p1_a1_0p9_v1__exogenous,41,B,B,1.0,1.0,0.0,0.0,0.0,0.0,0.0,agreement,,,a1,a1,0,AI,a1,AI,0.027777777777777776,0.02702702702702703,True,True,0.0,0.0014780882941434613,0.8786880210460434,0.8786880210460434,0.14366822599324902,0.10316453278433979,0.10316453278433979,2,39,0.04878048780487805,0.9512195121951219,39,0,2,0.9512195121951219,0.0,0.04878048780487805,0,0,,,4,37,0.0975609756097561,0.9024390243902439,3,0,0,36,4,0,0,37
scenario1,200,scenario1__H200__eta-exact_empirical__states-exogenous,cfg_0042d33e8480cdbfb328,run_cd810dac14f6d7fb,1,42,exact_empirical,exact_empirical,True,0.35,0.85,,,0.1,0.9,0.1,0.9,B,opposed_binary_state_preferences_v1,binary_stay_switch_a0_0p1_a1_0p9_v1__exogenous,42,B,B,1.0,1.0,0.0,0.0,0.0,0.0,0.0,agreement,,,a1,a1,0,AI,a1,AI,0.02702702702702703,0.02631578947368421,True,True,0.0,0.0013302794647291152,0.890819218941439,0.890819218941439,0.14366822599324902,0.09649341189470764,0.09649341189470764,2,40,0.047619047619047616,0.9523809523809523,40,0,2,0.9523809523809523,0.0,0.047619047619047616,0,0,,,4,38,0.09523809523809523,0.9047619047619048,3,0,0,37,4,0,0,38
scenario1,200,scenario1__H200__eta-exact_empirical__states-exogenous,cfg_0042d33e8480cdbfb328,run_cd810dac14f6d7fb,1,42,exact_empirical,exact_empirical,True,0.35,0.85,,,0.1,0.9,0.1,0.9,B,opposed_binary_state_preferences_v1,binary_stay_switch_a0_0p1_a1_0p9_v1__exogenous,43,B,B,1.0,1.0,0.0,0.0,0.0,0.0,0.0,agreement,,,a1,a1,0,AI,a1,AI,0.02631578947368421,0.02564102564102564,True,True,0.0,0.0011972515182562037,0.9017372970472951,0.9017372970472951,0.14366822599324902,0.09108980397410561,0.09108980397410561,2,41,0.046511627906976744,0.9534883720930233,41,0,2,0.9534883720930233,0.0,0.046511627906976744,0,0,,,4,39,0.09302325581395349,0.9069767441860465,3,0,0,38,4,0,0,39
scenario1,200,scenario1__H200__eta-exact_empirical__states-exogenous,cfg_0042d33e8480cdbfb328,run_cd810dac14f6d7fb,1,42,exact_empirical,exact_empirical,True,0.35,0.85,,,0.1,0.9,0.1,0.9,B,opposed_binary_state_preferences_v1,binary_stay_switch_a0_0p1_a1_0p9_v1__exogenous,44,B,B,1.0,1.0,0.0,0.0,0.0,0.0,0.0,agreement,,,a1,a1,0,AI,a1,AI,0.02564102564102564,0.025,True,True,0.0,0.0010775263664305832,0.9115635673425656,0.9115635673425656,0.14366822599324902,0.08671288155841797,0.08671288155841797,2,42,0.045454545454545456,0.9545454545454546,42,0,2,0.9545454545454546,0.0,0.045454545454545456,0,0,,,4,40,0.09090909090909091,0.9090909090909091,3,0,0,39,4,0,0,40
scenario1,200,scenario1__H200__eta-exact_empirical__states-exogenous,cfg_0042d33e8480cdbfb328,run_cd810dac14f6d7fb,1,42,exact_empirical,exact_empirical,True,0.35,0.85,,,0.1,0.9,0.1,0.9,B,opposed_binary_state_preferences_v1,binary_stay_switch_a0_0p1_a1_0p9_v1__exogenous,45,B,A,1.0,1.0,0.0,0.0,0.0,0.0,0.0,agreement,,,a1,a1,0,AI,a1,AI,0.025,0.024390243902439025,True,True,0.0,0.000969773729787525,0.920407210608309,0.920407210608309,0.14366822599324902,0.08316757440171098,0.08316757440171098,2,43,0.044444444444444446,0.9555555555555556,43,0,2,0.9555555555555556,0.0,0.044444444444444446,0,0,,,4,41,0.08888888888888889,0.9111111111111111,3,0,0,40,4,0,0,41
scenario1,200,scenario1__H200__eta-exact_empirical__states-exogenous,cfg_0042d33e8480cdbfb328,run_cd810dac14f6d7fb,1,42,exact_empirical,exact_empirical,True,0.35,0.85,,,0.1,0.9,0.1,0.9,B,opposed_binary_state_preferences_v1,binary_stay_switch_a0_0p1_a1_0p9_v1__exogenous,46,A,B,1.0,1.0,0.0,0.0,0.0,0.0,0.0,agreement,,,a0,a0,0,AI,a0,AI,0.25,0.2,True,True,0.0,0.0022528399544939205,0.16065270692994021,0.16065270692994021,0.08029587560477831,0.08316757440171098,0.08029587560477831,2,44,0.043478260869565216,0.9565217391304348,44,0,2,0.9565217391304348,0.0,0.043478260869565216,0,0,,,5,41,0.10869565217391304,0.8913043478260869,4,0,0,40,5,0,0,41
scenario1,200,scenario1__H200__eta-exact_empirical__states-exogenous,cfg_0042d33e8480cdbfb328,run_cd810dac14f6d7fb,1,42,exact_empirical,exact_empirical,True,0.35,0.85,,,0.1,0.9,0.1,0.9,B,opposed_binary_state_preferences_v1,binary_stay_switch_a0_0p1_a1_0p9_v1__exogenous,47,B,B,1.0,1.0,0.0,0.0,0.0,0.0,0.0,agreement,,,a1,a1,0,AI,a1,AI,0.024390243902439025,0.023809523809523808,True,True,0.0,0.0007855167211278952,0.8455298405927303,0.8455298405927303,0.08029587560477831,0.07459236406981594,0.07459236406981594,2,45,0.0425531914893617,0.9574468085106383,45,0,2,0.9574468085106383,0.0,0.0425531914893617,0,0,,,5,42,0.10638297872340426,0.8936170212765957,4,0,0,41,5,0,0,42
scenario1,200,scenario1__H200__eta-exact_empirical__states-exogenous,cfg_0042d33e8480cdbfb328,run_cd810dac14f6d7fb,1,42,exact_empirical,exact_empirical,True,0.35,0.85,,,0.1,0.9,0.1,0.9,B,opposed_binary_state_preferences_v1,binary_stay_switch_a0_0p1_a1_0p9_v1__exogenous,48,B,B,1.0,1.0,0.0,0.0,0.0,0.0,0.0,agreement,,,a1,a1,0,AI,a1,AI,0.023809523809523808,0.023255813953488372,True,True,0.0,0.0007069650490151057,0.8609768565334572,0.8609768565334572,0.08029587560477831,0.06764644370098097,0.06764644370098097,2,46,0.041666666666666664,0.9583333333333334,46,0,2,0.9583333333333334,0.0,0.041666666666666664,0,0,,,5,43,0.10416666666666667,0.8958333333333334,4,0,0,42,5,0,0,43
scenario1,200,scenario1__H200__eta-exact_empirical__states-exogenous,cfg_0042d33e8480cdbfb328,run_cd810dac14f6d7fb,1,42,exact_empirical,exact_empirical,True,0.35,0.85,,,0.1,0.9,0.1,0.9,B,opposed_binary_state_preferences_v1,binary_stay_switch_a0_0p1_a1_0p9_v1__exogenous,49,B,B,1.0,1.0,0.0,0.0,0.0,0.0,0.0,agreement,,,a1,a1,0,AI,a1,AI,0.023255813953488372,0.022727272727272728,True,True,0.0,0.0006362685441135952,0.8748791708801115,0.8748791708801115,0.08029587560477831,0.06202024820222463,0.06202024820222463,2,47,0.04081632653061224,0.9591836734693877,47,0,2,0.9591836734693877,0.0,0.04081632653061224,0,0,,,5,44,0.10204081632653061,0.8979591836734694,4,0,0,43,5,0,0,44
scenario1,200,scenario1__H200__eta-exact_empirical__states-exogenous,cfg_0042d33e8480cdbfb328,run_cd810dac14f6d7fb,1,42,exact_empirical,exact_empirical,True,0.35,0.85,,,0.1,0.9,0.1,0.9,B,opposed_binary_state_preferences_v1,binary_stay_switch_a0_0p1_a1_0p9_v1__exogenous,50,B,B,1.0,1.0,0.0,0.0,0.0,0.0,0.0,agreement,,,a1,a1,0,AI,a1,AI,0.022727272727272728,0.022222222222222223,True,True,0.0,0.0005726416897022357,0.8873912537921003,0.8873912537921003,0.08029587560477831,0.057463029848232004,0.057463029848232004,2,48,0.04,0.96,48,0,2,0.96,0.0,0.04,0,0,,,5,45,0.1,0.9,4,0,0,44,5,0,0,45
scenario1,200,scenario1__H200__eta-exact_empirical__states-exogenous,cfg_0042d33e8480cdbfb328,run_cd810dac14f6d7fb,1,42,exact_empirical,exact_empirical,True,0.35,0.85,,,0.1,0.9,0.1,0.9,B,opposed_binary_state_preferences_v1,binary_stay_switch_a0_0p1_a1_0p9_v1__exogenous,51,B,B,1.0,1.0,0.0,0.0,0.0,0.0,0.0,agreement,,,a1,a1,0,AI,a1,AI,0.022222222222222223,0.021739130434782608,True,True,0.0,0.0005153775207320121,0.8986521284128902,0.8986521284128902,0.08029587560477831,0.05377168298149798,0.05377168298149798,2,49,0.0392156862745098,0.9607843137254902,49,0,2,0.9607843137254902,0.0,0.0392156862745098,0,0,,,5,46,0.09803921568627451,0.9019607843137255,4,0,0,45,5,0,0,46
scenario1,200,scenario1__H200__eta-exact_empirical__states-exogenous,cfg_0042d33e8480cdbfb328,run_cd810dac14f6d7fb,1,42,exact_empirical,exact_empirical,True,0.35,0.85,,,0.1,0.9,0.1,0.9,B,opposed_binary_state_preferences_v1,binary_stay_switch_a0_0p1_a1_0p9_v1__exogenous,52,B,B,1.0,1.0,0.0,0.0,0.0,0.0,0.0,agreement,,,a1,a1,0,AI,a1,AI,0.021739130434782608,0.02127659574468085,True,True,0.0,0.00046383976865881093,0.9087869155716012,0.9087869155716012,0.08029587560477831,0.050781692019443415,0.050781692019443415,2,50,0.038461538461538464,0.9615384615384616,50,0,2,0.9615384615384616,0.0,0.038461538461538464,0,0,,,5,47,0.09615384615384616,0.9038461538461539,4,0,0,46,5,0,0,47
scenario1,200,scenario1__H200__eta-exact_empirical__states-exogenous,cfg_0042d33e8480cdbfb328,run_cd810dac14f6d7fb,1,42,exact_empirical,exact_empirical,True,0.35,0.85,,,0.1,0.9,0.1,0.9,B,opposed_binary_state_preferences_v1,binary_stay_switch_a0_0p1_a1_0p9_v1__exogenous,53,B,B,1.0,1.0,0.0,0.0,0.0,0.0,0.0,agreement,,,a1,a1,0,AI,a1,AI,0.02127659574468085,0.020833333333333332,True,True,0.0,0.00041745579179292984,0.917908224014441,0.917908224014441,0.08029587560477831,0.04835979934017921,0.04835979934017921,2,51,0.03773584905660377,0.9622641509433962,51,0,2,0.9622641509433962,0.0,0.03773584905660377,0,0,,,5,48,0.09433962264150944,0.9056603773584906,4,0,0,47,5,0,0,48
scenario1,200,scenario1__H200__eta-exact_empirical__states-exogenous,cfg_0042d33e8480cdbfb328,run_cd810dac14f6d7fb,1,42,exact_empirical,exact_empirical,True,0.35,0.85,,,0.1,0.9,0.1,0.9,B,opposed_binary_state_preferences_v1,binary_stay_switch_a0_0p1_a1_0p9_v1__exogenous,54,B,B,1.0,1.0,0.0,0.0,0.0,0.0,0.0,agreement,,,a1,a1,0,AI,a1,AI,0.020833333333333332,0.02040816326530612,True,True,0.0,0.00037571021261363684,0.9261174016129969,0.9261174016129969,0.08029587560477831,0.04639806626997522,0.04639806626997522,2,52,0.037037037037037035,0.9629629629629629,52,0,2,0.9629629629629629,0.0,0.037037037037037035,0,0,,,5,49,0.09259259259259259,0.9074074074074074,4,0,0,48,5,0,0,49
scenario1,200,scenario1__H200__eta-exact_empirical__states-exogenous,cfg_0042d33e8480cdbfb328,run_cd810dac14f6d7fb,1,42,exact_empirical,exact_empirical,True,0.35,0.85,,,0.1,0.9,0.1,0.9,B,opposed_binary_state_preferences_v1,binary_stay_switch_a0_0p1_a1_0p9_v1__exogenous,55,B,B,1.0,1.0,0.0,0.0,0.0,0.0,0.0,agreement,,,a1,a1,0,AI,a1,AI,0.02040816326530612,0.02,True,True,0.0,0.00033813919135227316,0.9335056614516972,0.9335056614516972,0.08029587560477831,0.04480906248310997,0.04480906248310997,2,53,0.03636363636363636,0.9636363636363636,53,0,2,0.9636363636363636,0.0,0.03636363636363636,0,0,,,5,50,0.09090909090909091,0.9090909090909091,4,0,0,49,5,0,0,50
scenario1,200,scenario1__H200__eta-exact_empirical__states-exogenous,cfg_0042d33e8480cdbfb328,run_cd810dac14f6d7fb,1,42,exact_empirical,exact_empirical,True,0.35,0.85,,,0.1,0.9,0.1,0.9,B,opposed_binary_state_preferences_v1,binary_stay_switch_a0_0p1_a1_0p9_v1__exogenous,56,B,B,1.0,1.0,0.0,0.0,0.0,0.0,0.0,agreement,,,a1,a1,0,AI,a1,AI,0.02,0.0196078431372549,True,True,0.0,0.00030432527221704587,0.9401550953065275,0.9401550953065275,0.08029587560477831,0.04352196941574913,0.04352196941574913,2,54,0.03571428571428571,0.9642857142857143,54,0,2,0.9642857142857143,0.0,0.03571428571428571,0,0,,,5,51,0.08928571428571429,0.9107142857142857,4,0,0,50,5,0,0,51
scenario1,200,scenario1__H200__eta-exact_empirical__states-exogenous,cfg_0042d33e8480cdbfb328,run_cd810dac14f6d7fb,1,42,exact_empirical,exact_empirical,True,0.35,0.85,,,0.1,0.9,0.1,0.9,B,opposed_binary_state_preferences_v1,binary_stay_switch_a0_0p1_a1_0p9_v1__exogenous,57,B,B,1.0,1.0,0.0,0.0,0.0,0.0,0.0,agreement,,,a1,a1,0,AI,a1,AI,0.0196078431372549,0.019230769230769232,True,True,0.0,0.00027389274499534127,0.9461395857758748,0.9461395857758748,0.08029587560477831,0.04247942403118685,0.04247942403118685,2,55,0.03508771929824561,0.9649122807017544,55,0,2,0.9649122807017544,0.0,0.03508771929824561,0,0,,,5,52,0.08771929824561403,0.9122807017543859,4,0,0,51,5,0,0,52
scenario1,200,scenario1__H200__eta-exact_empirical__states-exogenous,cfg_0042d33e8480cdbfb328,run_cd810dac14f6d7fb,1,42,exact_empirical,exact_empirical,True,0.35,0.85,,,0.1,0.9,0.1,0.9,B,opposed_binary_state_preferences_v1,binary_stay_switch_a0_0p1_a1_0p9_v1__exogenous,58,B,B,1.0,1.0,0.0,0.0,0.0,0.0,0.0,agreement,,,a1,a1,0,AI,a1,AI,0.019230769230769232,0.018867924528301886,True,True,0.0,0.00024650347049580716,0.9515256271982873,0.9515256271982873,0.08029587560477831,0.0416349622696914,0.0416349622696914,2,56,0.034482758620689655,0.9655172413793104,56,0,2,0.9655172413793104,0.0,0.034482758620689655,0,0,,,5,53,0.08620689655172414,0.9137931034482759,4,0,0,52,5,0,0,53
scenario1,200,scenario1__H200__eta-exact_empirical__states-exogenous,cfg_0042d33e8480cdbfb328,run_cd810dac14f6d7fb,1,42,exact_empirical,exact_empirical,True,0.35,0.85,,,0.1,0.9,0.1,0.9,B,opposed_binary_state_preferences_v1,binary_stay_switch_a0_0p1_a1_0p9_v1__exogenous,59,B,B,1.0,1.0,0.0,0.0,0.0,0.0,0.0,agreement,,,a1,a1,0,AI,a1,AI,0.018867924528301886,0.018518518518518517,True,True,0.0,0.00022185312344622646,0.9563730644784585,0.9563730644784585,0.08029587560477831,0.04095094824288008,0.04095094824288008,2,57,0.03389830508474576,0.9661016949152542,57,0,2,0.9661016949152542,0.0,0.03389830508474576,0,0,,,5,54,0.0847457627118644,0.9152542372881356,4,0,0,53,5,0,0,54
scenario1,200,scenario1__H200__eta-exact_empirical__states-exogenous,cfg_0042d33e8480cdbfb328,run_cd810dac14f6d7fb,1,42,exact_empirical,exact_empirical,True,0.35,0.85,,,0.1,0.9,0.1,0.9,B,opposed_binary_state_preferences_v1,binary_stay_switch_a0_0p1_a1_0p9_v1__exogenous,60,B,B,1.0,1.0,0.0,0.0,0.0,0.0,0.0,agreement,,,a1,a1,0,AI,a1,AI,0.018518518518518517,0.01818181818181818,True,True,0.0,0.00019966781110160382,0.9607357580306126,0.9607357580306126,0.08029587560477831,0.040396896881162915,0.040396896881162915,2,58,0.03333333333333333,0.9666666666666667,58,0,2,0.9666666666666667,0.0,0.03333333333333333,0,0,,,5,55,0.08333333333333333,0.9166666666666666,4,0,0,54,5,0,0,55
scenario1,200,scenario1__H200__eta-exact_empirical__states-exogenous,cfg_0042d33e8480cdbfb328,run_cd810dac14f6d7fb,1,42,exact_empirical,exact_empirical,True,0.35,0.85,,,0.1,0.9,0.1,0.9,B,opposed_binary_state_preferences_v1,binary_stay_switch_a0_0p1_a1_0p9_v1__exogenous,61,B,B,1.0,1.0,0.0,0.0,0.0,0.0,0.0,agreement,,,a1,a1,0,AI,a1,AI,0.01818181818181818,0.017857142857142856,True,True,0.0,0.00017970102999144343,0.9646621822275514,0.9646621822275514,0.08029587560477831,0.03994811527817201,0.03994811527817201,2,59,0.03278688524590164,0.9672131147540983,59,0,2,0.9672131147540983,0.0,0.03278688524590164,0,0,,,5,56,0.08196721311475409,0.9180327868852459,4,0,0,55,5,0,0,56
scenario1,200,scenario1__H200__eta-exact_empirical__states-exogenous,cfg_0042d33e8480cdbfb328,run_cd810dac14f6d7fb,1,42,exact_empirical,exact_empirical,True,0.35,0.85,,,0.1,0.9,0.1,0.9,B,opposed_binary_state_preferences_v1,binary_stay_switch_a0_0p1_a1_0p9_v1__exogenous,62,B,B,1.0,1.0,0.0,0.0,0.0,0.0,0.0,agreement,,,a1,a1,0,AI,a1,AI,0.017857142857142856,0.017543859649122806,True,True,0.0,0.0001617309269922991,0.9681959640047962,0.9681959640047962,0.08029587560477831,0.039584602179749385,0.039584602179749385,2,60,0.03225806451612903,0.967741935483871,60,0,2,0.967741935483871,0.0,0.03225806451612903,0,0,,,5,57,0.08064516129032258,0.9193548387096774,4,0,0,56,5,0,0,57
scenario1,200,scenario1__H200__eta-exact_empirical__states-exogenous,cfg_0042d33e8480cdbfb328,run_cd810dac14f6d7fb,1,42,exact_empirical,exact_empirical,True,0.35,0.85,,,0.1,0.9,0.1,0.9,B,opposed_binary_state_preferences_v1,binary_stay_switch_a0_0p1_a1_0p9_v1__exogenous,63,B,B,1.0,1.0,0.0,0.0,0.0,0.0,0.0,agreement,,,a1,a1,0,AI,a1,AI,0.017543859649122806,0.017241379310344827,True,True,0.0,0.0001455578342930692,0.9713763676043166,0.9713763676043166,0.08029587560477831,0.039290156570027046,0.039290156570027046,2,61,0.031746031746031744,0.9682539682539683,61,0,2,0.9682539682539683,0.0,0.031746031746031744,0,0,,,5,58,0.07936507936507936,0.9206349206349206,4,0,0,57,5,0,0,58
scenario1,200,scenario1__H200__eta-exact_empirical__states-exogenous,cfg_0042d33e8480cdbfb328,run_cd810dac14f6d7fb,1,42,exact_empirical,exact_empirical,True,0.35,0.85,,,0.1,0.9,0.1,0.9,B,opposed_binary_state_preferences_v1,binary_stay_switch_a0_0p1_a1_0p9_v1__exogenous,64,B,B,1.0,1.0,0.0,0.0,0.0,0.0,0.0,agreement,,,a1,a1,0,AI,a1,AI,0.017241379310344827,0.01694915254237288,True,True,0.0,0.00013100205086376228,0.9742387308438849,0.9742387308438849,0.08029587560477831,0.039051655626151954,0.039051655626151954,2,62,0.03125,0.96875,62,0,2,0.96875,0.0,0.03125,0,0,,,5,59,0.078125,0.921875,4,0,0,58,5,0,0,59
scenario1,200,scenario1__H200__eta-exact_empirical__states-exogenous,cfg_0042d33e8480cdbfb328,run_cd810dac14f6d7fb,1,42,exact_empirical,exact_empirical,True,0.35,0.85,,,0.1,0.9,0.1,0.9,B,opposed_binary_state_preferences_v1,binary_stay_switch_a0_0p1_a1_0p9_v1__exogenous,65,B,B,1.0,1.0,0.0,0.0,0.0,0.0,0.0,agreement,,,a1,a1,0,AI,a1,AI,0.01694915254237288,0.016666666666666666,True,True,0.0,0.00011790184577738606,0.9768148577594964,0.9768148577594964,0.08029587560477831,0.03885846986161314,0.03885846986161314,2,63,0.03076923076923077,0.9692307692307692,63,0,2,0.9692307692307692,0.0,0.03076923076923077,0,0,,,5,60,0.07692307692307693,0.9230769230769231,4,0,0,59,5,0,0,60
scenario1,200,scenario1__H200__eta-exact_empirical__states-exogenous,cfg_0042d33e8480cdbfb328,run_cd810dac14f6d7fb,1,42,exact_empirical,exact_empirical,True,0.35,0.85,,,0.1,0.9,0.1,0.9,B,opposed_binary_state_preferences_v1,binary_stay_switch_a0_0p1_a1_0p9_v1__exogenous,66,B,B,1.0,1.0,0.0,0.0,0.0,0.0,0.0,agreement,,,a1,a1,0,AI,a1,AI,0.016666666666666666,0.01639344262295082,True,True,0.0,0.00010611166119964746,0.9791333719835468,0.9791333719835468,0.08029587560477831,0.038701989392336704,0.038701989392336704,2,64,0.030303030303030304,0.9696969696969697,64,0,2,0.9696969696969697,0.0,0.030303030303030304,0,0,,,5,61,0.07575757575757576,0.9242424242424242,4,0,0,60,5,0,0,61
scenario1,200,scenario1__H200__eta-exact_empirical__states-exogenous,cfg_0042d33e8480cdbfb328,run_cd810dac14f6d7fb,1,42,exact_empirical,exact_empirical,True,0.35,0.85,,,0.1,0.9,0.1,0.9,B,opposed_binary_state_preferences_v1,binary_stay_switch_a0_0p1_a1_0p9_v1__exogenous,67,B,B,1.0,1.0,0.0,0.0,0.0,0.0,0.0,agreement,,,a1,a1,0,AI,a1,AI,0.01639344262295082,0.016129032258064516,True,True,0.0,9.550049507968271e-05,0.981220034785192,0.981220034785192,0.08029587560477831,0.03857524021222278,0.03857524021222278,2,65,0.029850746268656716,0.9701492537313433,65,0,2,0.9701492537313433,0.0,0.029850746268656716,0,0,,,5,62,0.07462686567164178,0.9253731343283582,4,0,0,61,5,0,0,62
scenario1,200,scenario1__H200__eta-exact_empirical__states-exogenous,cfg_0042d33e8480cdbfb328,run_cd810dac14f6d7fb,1,42,exact_empirical,exact_empirical,True,0.35,0.85,,,0.1,0.9,0.1,0.9,B,opposed_binary_state_preferences_v1,binary_stay_switch_a0_0p1_a1_0p9_v1__exogenous,68,B,A,1.0,1.0,0.0,0.0,0.0,0.0,0.0,agreement,,,a1,a1,0,AI,a1,AI,0.016129032258064516,0.015873015873015872,True,True,0.0,8.595044557171444e-05,0.9830980313066728,0.9830980313066728,0.08029587560477831,0.038472573376330504,0.038472573376330504,2,66,0.029411764705882353,0.9705882352941176,66,0,2,0.9705882352941176,0.0,0.029411764705882353,0,0,,,5,63,0.07352941176470588,0.9264705882352942,4,0,0,62,5,0,0,63
scenario1,200,scenario1__H200__eta-exact_empirical__states-exogenous,cfg_0042d33e8480cdbfb328,run_cd810dac14f6d7fb,1,42,exact_empirical,exact_empirical,True,0.35,0.85,,,0.1,0.9,0.1,0.9,B,opposed_binary_state_preferences_v1,binary_stay_switch_a0_0p1_a1_0p9_v1__exogenous,69,A,B,1.0,1.0,0.0,0.0,0.0,0.0,0.0,agreement,,,a0,a0,0,AI,a0,AI,0.2,0.16666666666666666,True,True,0.0,0.00019966781110160382,0.11423855000274731,0.11423855000274731,0.03838941323925776,0.038472573376330504,0.03838941323925776,2,67,0.028985507246376812,0.9710144927536232,67,0,2,0.9710144927536232,0.0,0.028985507246376812,0,0,,,6,63,0.08695652173913043,0.9130434782608695,5,0,0,62,6,0,0,63
scenario1,200,scenario1__H200__eta-exact_empirical__states-exogenous,cfg_0042d33e8480cdbfb328,run_cd810dac14f6d7fb,1,42,exact_empirical,exact_empirical,True,0.35,0.85,,,0.1,0.9,0.1,0.9,B,opposed_binary_state_preferences_v1,binary_stay_switch_a0_0p1_a1_0p9_v1__exogenous,70,B,B,1.0,1.0,0.0,0.0,0.0,0.0,0.0,agreement,,,a1,a1,0,AI,a1,AI,0.015873015873015872,0.015625,True,True,0.0,6.96198609130887e-05,0.896309405358405,0.896309405358405,0.03838941323925776,0.03461783162636091,0.03461783162636091,2,68,0.02857142857142857,0.9714285714285714,68,0,2,0.9714285714285714,0.0,0.02857142857142857,0,0,,,6,64,0.08571428571428572,0.9142857142857143,5,0,0,63,6,0,0,64
scenario1,200,scenario1__H200__eta-exact_empirical__states-exogenous,cfg_0042d33e8480cdbfb328,run_cd810dac14f6d7fb,1,42,exact_empirical,exact_empirical,True,0.35,0.85,,,0.1,0.9,0.1,0.9,B,opposed_binary_state_preferences_v1,binary_stay_switch_a0_0p1_a1_0p9_v1__exogenous,71,B,B,1.0,1.0,0.0,0.0,0.0,0.0,0.0,agreement,,,a1,a1,0,AI,a1,AI,0.015625,0.015384615384615385,True,True,0.0,6.265787482177983e-05,0.9066784648225644,0.9066784648225644,0.03838941323925776,0.031495490808885536,0.031495490808885536,2,69,0.028169014084507043,0.971830985915493,69,0,2,0.971830985915493,0.0,0.028169014084507043,0,0,,,6,65,0.08450704225352113,0.9154929577464789,5,0,0,64,6,0,0,65
scenario1,200,scenario1__H200__eta-exact_empirical__states-exogenous,cfg_0042d33e8480cdbfb328,run_cd810dac14f6d7fb,1,42,exact_empirical,exact_empirical,True,0.35,0.85,,,0.1,0.9,0.1,0.9,B,opposed_binary_state_preferences_v1,binary_stay_switch_a0_0p1_a1_0p9_v1__exogenous,72,B,B,1.0,1.0,0.0,0.0,0.0,0.0,0.0,agreement,,,a1,a1,0,AI,a1,AI,0.015384615384615385,0.015151515151515152,True,True,0.0,5.639208733960185e-05,0.916010618340308,0.916010618340308,0.03838941323925776,0.02896639474673048,0.02896639474673048,2,70,0.027777777777777776,0.9722222222222222,70,0,2,0.9722222222222222,0.0,0.027777777777777776,0,0,,,6,66,0.08333333333333333,0.9166666666666666,5,0,0,65,6,0,0,66
scenario1,200,scenario1__H200__eta-exact_empirical__states-exogenous,cfg_0042d33e8480cdbfb328,run_cd810dac14f6d7fb,1,42,exact_empirical,exact_empirical,True,0.35,0.85,,,0.1,0.9,0.1,0.9,B,opposed_binary_state_preferences_v1,binary_stay_switch_a0_0p1_a1_0p9_v1__exogenous,73,B,B,1.0,1.0,0.0,0.0,0.0,0.0,0.0,agreement,,,a1,a1,0,AI,a1,AI,0.015151515151515152,0.014925373134328358,True,True,0.0,5.075287860564167e-05,0.9244095565062771,0.9244095565062771,0.03838941323925776,0.02691782693638489,0.02691782693638489,2,71,0.0273972602739726,0.9726027397260274,71,0,2,0.9726027397260274,0.0,0.0273972602739726,0,0,,,6,67,0.0821917808219178,0.9178082191780822,5,0,0,66,6,0,0,67
scenario1,200,scenario1__H200__eta-exact_empirical__states-exogenous,cfg_0042d33e8480cdbfb328,run_cd810dac14f6d7fb,1,42,exact_empirical,exact_empirical,True,0.35,0.85,,,0.1,0.9,0.1,0.9,B,opposed_binary_state_preferences_v1,binary_stay_switch_a0_0p1_a1_0p9_v1__exogenous,74,B,B,1.0,1.0,0.0,0.0,0.0,0.0,0.0,agreement,,,a1,a1,0,AI,a1,AI,0.014925373134328358,0.014705882352941176,True,True,0.0,4.5677590745077506e-05,0.9319686008556494,0.9319686008556494,0.03838941323925776,0.025258487010004962,0.025258487010004962,2,72,0.02702702702702703,0.972972972972973,72,0,2,0.972972972972973,0.0,0.02702702702702703,0,0,,,6,68,0.08108108108108109,0.918918918918919,5,0,0,67,6,0,0,68
scenario1,200,scenario1__H200__eta-exact_empirical__states-exogenous,cfg_0042d33e8480cdbfb328,run_cd810dac14f6d7fb,1,42,exact_empirical,exact_empirical,True,0.35,0.85,,,0.1,0.9,0.1,0.9,B,opposed_binary_state_preferences_v1,binary_stay_switch_a0_0p1_a1_0p9_v1__exogenous,75,B,B,1.0,1.0,0.0,0.0,0.0,0.0,0.0,agreement,,,a1,a1,0,AI,a1,AI,0.014705882352941176,0.014492753623188406,True,True,0.0,4.1109831670569756e-05,0.9387717407700844,0.9387717407700844,0.03838941323925776,0.02391442166963722,0.02391442166963722,2,73,0.02666666666666667,0.9733333333333334,73,0,2,0.9733333333333334,0.0,0.02666666666666667,0,0,,,6,69,0.08,0.92,5,0,0,68,6,0,0,69
scenario1,200,scenario1__H200__eta-exact_empirical__states-exogenous,cfg_0042d33e8480cdbfb328,run_cd810dac14f6d7fb,1,42,exact_empirical,exact_empirical,True,0.35,0.85,,,0.1,0.9,0.1,0.9,B,opposed_binary_state_preferences_v1,binary_stay_switch_a0_0p1_a1_0p9_v1__exogenous,76,B,B,1.0,1.0,0.0,0.0,0.0,0.0,0.0,agreement,,,a1,a1,0,AI,a1,AI,0.014492753623188406,0.014285714285714285,True,True,0.0,3.699884850351278e-05,0.9448945666930759,0.9448945666930759,0.03838941323925776,0.022825728743939348,0.022825728743939348,2,74,0.02631578947368421,0.9736842105263158,74,0,2,0.9736842105263158,0.0,0.02631578947368421,0,0,,,6,70,0.07894736842105263,0.9210526315789473,5,0,0,69,6,0,0,70
scenario1,200,scenario1__H200__eta-exact_empirical__states-exogenous,cfg_0042d33e8480cdbfb328,run_cd810dac14f6d7fb,1,42,exact_empirical,exact_empirical,True,0.35,0.85,,,0.1,0.9,0.1,0.9,B,opposed_binary_state_preferences_v1,binary_stay_switch_a0_0p1_a1_0p9_v1__exogenous,77,B,B,1.0,1.0,0.0,0.0,0.0,0.0,0.0,agreement,,,a1,a1,0,AI,a1,AI,0.014285714285714285,0.014084507042253521,True,True,0.0,3.3298963653161505e-05,0.9504051100237684,0.9504051100237684,0.03838941323925776,0.021943887474124072,0.021943887474124072,2,75,0.025974025974025976,0.974025974025974,75,0,2,0.974025974025974,0.0,0.025974025974025976,0,0,,,6,71,0.07792207792207792,0.922077922077922,5,0,0,70,6,0,0,71
scenario1,200,scenario1__H200__eta-exact_empirical__states-exogenous,cfg_0042d33e8480cdbfb328,run_cd810dac14f6d7fb,1,42,exact_empirical,exact_empirical,True,0.35,0.85,,,0.1,0.9,0.1,0.9,B,opposed_binary_state_preferences_v1,binary_stay_switch_a0_0p1_a1_0p9_v1__exogenous,78,B,B,1.0,1.0,0.0,0.0,0.0,0.0,0.0,agreement,,,a1,a1,0,AI,a1,AI,0.014084507042253521,0.013888888888888888,True,True,0.0,2.9969067287845354e-05,0.9553645990213915,0.9553645990213915,0.03838941323925776,0.021229596045573697,0.021229596045573697,2,76,0.02564102564102564,0.9743589743589743,76,0,2,0.9743589743589743,0.0,0.02564102564102564,0,0,,,6,72,0.07692307692307693,0.9230769230769231,5,0,0,71,6,0,0,72
scenario1,200,scenario1__H200__eta-exact_empirical__states-exogenous,cfg_0042d33e8480cdbfb328,run_cd810dac14f6d7fb,1,42,exact_empirical,exact_empirical,True,0.35,0.85,,,0.1,0.9,0.1,0.9,B,opposed_binary_state_preferences_v1,binary_stay_switch_a0_0p1_a1_0p9_v1__exogenous,79,B,B,1.0,1.0,0.0,0.0,0.0,0.0,0.0,agreement,,,a1,a1,0,AI,a1,AI,0.013888888888888888,0.0136986301369863,True,True,0.0,2.697216055906082e-05,0.9598281391192524,0.9598281391192524,0.03838941323925776,0.020651019988447896,0.020651019988447896,2,77,0.02531645569620253,0.9746835443037974,77,0,2,0.9746835443037974,0.0,0.02531645569620253,0,0,,,6,73,0.0759493670886076,0.9240506329113924,5,0,0,72,6,0,0,73
scenario1,200,scenario1__H200__eta-exact_empirical__states-exogenous,cfg_0042d33e8480cdbfb328,run_cd810dac14f6d7fb,1,42,exact_empirical,exact_empirical,True,0.35,0.85,,,0.1,0.9,0.1,0.9,B,opposed_binary_state_preferences_v1,binary_stay_switch_a0_0p1_a1_0p9_v1__exogenous,80,B,B,1.0,1.0,0.0,0.0,0.0,0.0,0.0,agreement,,,a1,a1,0,AI,a1,AI,0.0136986301369863,0.013513513513513514,True,True,0.0,2.427494450315474e-05,0.9638453252073271,0.9638453252073271,0.03838941323925776,0.020182373382175996,0.020182373382175996,2,78,0.025,0.975,78,0,2,0.975,0.0,0.025,0,0,,,6,74,0.075,0.925,5,0,0,73,6,0,0,74
scenario1,200,scenario1__H200__eta-exact_empirical__states-exogenous,cfg_0042d33e8480cdbfb328,run_cd810dac14f6d7fb,1,42,exact_empirical,exact_empirical,True,0.35,0.85,,,0.1,0.9,0.1,0.9,B,opposed_binary_state_preferences_v1,binary_stay_switch_a0_0p1_a1_0p9_v1__exogenous,81,B,B,1.0,1.0,0.0,0.0,0.0,0.0,0.0,agreement,,,a1,a1,0,AI,a1,AI,0.013513513513513514,0.013333333333333334,True,True,0.0,2.1847450052839264e-05,0.9674607926865945,0.9674607926865945,0.03838941323925776,0.019802769631095757,0.019802769631095757,2,79,0.024691358024691357,0.9753086419753086,79,0,2,0.9753086419753086,0.0,0.024691358024691357,0,0,,,6,75,0.07407407407407407,0.9259259259259259,5,0,0,74,6,0,0,75
scenario1,200,scenario1__H200__eta-exact_empirical__states-exogenous,cfg_0042d33e8480cdbfb328,run_cd810dac14f6d7fb,1,42,exact_empirical,exact_empirical,True,0.35,0.85,,,0.1,0.9,0.1,0.9,B,opposed_binary_state_preferences_v1,binary_stay_switch_a0_0p1_a1_0p9_v1__exogenous,82,B,B,1.0,1.0,0.0,0.0,0.0,0.0,0.0,agreement,,,a1,a1,0,AI,a1,AI,0.013333333333333334,0.013157894736842105,True,True,0.0,1.9662705047555338e-05,0.970714713417935,0.970714713417935,0.03838941323925776,0.019495290592720763,0.019495290592720763,2,80,0.024390243902439025,0.975609756097561,80,0,2,0.975609756097561,0.0,0.024390243902439025,0,0,,,6,76,0.07317073170731707,0.926829268292683,5,0,0,75,6,0,0,76
scenario1,200,scenario1__H200__eta-exact_empirical__states-exogenous,cfg_0042d33e8480cdbfb328,run_cd810dac14f6d7fb,1,42,exact_empirical,exact_empirical,True,0.35,0.85,,,0.1,0.9,0.1,0.9,B,opposed_binary_state_preferences_v1,binary_stay_switch_a0_0p1_a1_0p9_v1__exogenous,83,B,B,1.0,1.0,0.0,0.0,0.0,0.0,0.0,agreement,,,a1,a1,0,AI,a1,AI,0.013157894736842105,0.012987012987012988,True,True,0.0,1.7696434542799806e-05,0.9736432420761415,0.9736432420761415,0.03838941323925776,0.019246232571637018,0.019246232571637018,2,81,0.024096385542168676,0.9759036144578314,81,0,2,0.9759036144578314,0.0,0.024096385542168676,0,0,,,6,77,0.07228915662650602,0.927710843373494,5,0,0,76,6,0,0,77
scenario1,200,scenario1__H200__eta-exact_empirical__states-exogenous,cfg_0042d33e8480cdbfb328,run_cd810dac14f6d7fb,1,42,exact_empirical,exact_empirical,True,0.35,0.85,,,0.1,0.9,0.1,0.9,B,opposed_binary_state_preferences_v1,binary_stay_switch_a0_0p1_a1_0p9_v1__exogenous,84,B,B,1.0,1.0,0.0,0.0,0.0,0.0,0.0,agreement,,,a1,a1,0,AI,a1,AI,0.012987012987012988,0.01282051282051282,True,True,0.0,1.5926791088519825e-05,0.9762789178685274,0.9762789178685274,0.03838941323925776,0.019044495574559187,0.019044495574559187,2,82,0.023809523809523808,0.9761904761904762,82,0,2,0.9761904761904762,0.0,0.023809523809523808,0,0,,,6,78,0.07142857142857142,0.9285714285714286,5,0,0,77,6,0,0,78
scenario1,200,scenario1__H200__eta-exact_empirical__states-exogenous,cfg_0042d33e8480cdbfb328,run_cd810dac14f6d7fb,1,42,exact_empirical,exact_empirical,True,0.35,0.85,,,0.1,0.9,0.1,0.9,B,opposed_binary_state_preferences_v1,binary_stay_switch_a0_0p1_a1_0p9_v1__exogenous,85,B,B,1.0,1.0,0.0,0.0,0.0,0.0,0.0,agreement,,,a1,a1,0,AI,a1,AI,0.01282051282051282,0.012658227848101266,True,True,0.0,1.4334111979667843e-05,0.9786510260816746,0.9786510260816746,0.03838941323925776,0.018881088606926142,0.018881088606926142,2,83,0.023529411764705882,0.9764705882352941,83,0,2,0.9764705882352941,0.0,0.023529411764705882,0,0,,,6,79,0.07058823529411765,0.9294117647058824,5,0,0,78,6,0,0,79
scenario1,200,scenario1__H200__eta-exact_empirical__states-exogenous,cfg_0042d33e8480cdbfb328,run_cd810dac14f6d7fb,1,42,exact_empirical,exact_empirical,True,0.35,0.85,,,0.1,0.9,0.1,0.9,B,opposed_binary_state_preferences_v1,binary_stay_switch_a0_0p1_a1_0p9_v1__exogenous,86,B,A,1.0,1.0,0.0,0.0,0.0,0.0,0.0,agreement,,,a1,a1,0,AI,a1,AI,0.012658227848101266,0.0125,True,True,0.0,1.2900700781701059e-05,0.9807859234735071,0.9807859234735071,0.03838941323925776,0.018748728963143377,0.018748728963143377,2,84,0.023255813953488372,0.9767441860465116,84,0,2,0.9767441860465116,0.0,0.023255813953488372,0,0,,,6,80,0.06976744186046512,0.9302325581395349,5,0,0,79,6,0,0,80
scenario1,200,scenario1__H200__eta-exact_empirical__states-exogenous,cfg_0042d33e8480cdbfb328,run_cd810dac14f6d7fb,1,42,exact_empirical,exact_empirical,True,0.35,0.85,,,0.1,0.9,0.1,0.9,B,opposed_binary_state_preferences_v1,binary_stay_switch_a0_0p1_a1_0p9_v1__exogenous,87,A,B,1.0,1.0,0.0,0.0,0.0,0.0,0.0,agreement,,,a0,a0,0,AI,a0,AI,0.16666666666666666,0.14285714285714285,True,True,0.0,2.9969067287845354e-05,0.11714659349952036,0.11714659349952036,0.018641517651679335,0.018748728963143377,0.018641517651679335,2,85,0.022988505747126436,0.9770114942528736,85,0,2,0.9770114942528736,0.0,0.022988505747126436,0,0,,,7,80,0.08045977011494253,0.9195402298850575,6,0,0,79,7,0,0,80
scenario1,200,scenario1__H200__eta-exact_empirical__states-exogenous,cfg_0042d33e8480cdbfb328,run_cd810dac14f6d7fb,1,42,exact_empirical,exact_empirical,True,0.35,0.85,,,0.1,0.9,0.1,0.9,B,opposed_binary_state_preferences_v1,binary_stay_switch_a0_0p1_a1_0p9_v1__exogenous,88,B,B,1.0,1.0,0.0,0.0,0.0,0.0,0.0,agreement,,,a1,a1,0,AI,a1,AI,0.0125,0.012345679012345678,True,True,0.0,1.0449567633177859e-05,0.8944365980135408,0.8944365980135408,0.018641517651679335,0.016864207048797274,0.016864207048797274,2,86,0.022727272727272728,0.9772727272727273,86,0,2,0.9772727272727273,0.0,0.022727272727272728,0,0,,,7,81,0.07954545454545454,0.9204545454545454,6,0,0,80,7,0,0,81
scenario1,200,scenario1__H200__eta-exact_empirical__states-exogenous,cfg_0042d33e8480cdbfb328,run_cd810dac14f6d7fb,1,42,exact_empirical,exact_empirical,True,0.35,0.85,,,0.1,0.9,0.1,0.9,B,opposed_binary_state_preferences_v1,binary_stay_switch_a0_0p1_a1_0p9_v1__exogenous,89,B,B,1.0,1.0,0.0,0.0,0.0,0.0,0.0,agreement,,,a1,a1,0,AI,a1,AI,0.012345679012345678,0.012195121951219513,True,True,0.0,9.404610869860074e-06,0.9049929382121867,0.9049929382121867,0.018641517651679335,0.015337744298176931,0.015337744298176931,2,87,0.02247191011235955,0.9775280898876404,87,0,2,0.9775280898876404,0.0,0.02247191011235955,0,0,,,7,82,0.07865168539325842,0.9213483146067416,6,0,0,81,7,0,0,82
scenario1,200,scenario1__H200__eta-exact_empirical__states-exogenous,cfg_0042d33e8480cdbfb328,run_cd810dac14f6d7fb,1,42,exact_empirical,exact_empirical,True,0.35,0.85,,,0.1,0.9,0.1,0.9,B,opposed_binary_state_preferences_v1,binary_stay_switch_a0_0p1_a1_0p9_v1__exogenous,90,B,A,1.0,1.0,0.0,0.0,0.0,0.0,0.0,agreement,,,a1,a1,0,AI,a1,AI,0.012195121951219513,0.012048192771084338,True,True,0.0,8.464149782874067e-06,0.914493644390968,0.914493644390968,0.018641517651679335,0.014101309470174454,0.014101309470174454,2,88,0.022222222222222223,0.9777777777777777,88,0,2,0.9777777777777777,0.0,0.022222222222222223,0,0,,,7,83,0.07777777777777778,0.9222222222222223,6,0,0,82,7,0,0,83
scenario1,200,scenario1__H200__eta-exact_empirical__states-exogenous,cfg_0042d33e8480cdbfb328,run_cd810dac14f6d7fb,1,42,exact_empirical,exact_empirical,True,0.35,0.85,,,0.1,0.9,0.1,0.9,B,opposed_binary_state_preferences_v1,binary_stay_switch_a0_0p1_a1_0p9_v1__exogenous,91,A,B,1.0,1.0,0.0,0.0,0.0,0.0,0.0,agreement,,,a0,a0,0,AI,a0,AI,0.14285714285714285,0.125,True,True,0.0,1.9662705047555338e-05,0.17685987999503533,0.17685987999503533,0.01309979725949245,0.014101309470174454,0.01309979725949245,2,89,0.02197802197802198,0.978021978021978,89,0,2,0.978021978021978,0.0,0.02197802197802198,0,0,,,8,83,0.08791208791208792,0.9120879120879121,7,0,0,82,8,0,0,83
scenario1,200,scenario1__H200__eta-exact_empirical__states-exogenous,cfg_0042d33e8480cdbfb328,run_cd810dac14f6d7fb,1,42,exact_empirical,exact_empirical,True,0.35,0.85,,,0.1,0.9,0.1,0.9,B,opposed_binary_state_preferences_v1,binary_stay_switch_a0_0p1_a1_0p9_v1__exogenous,92,B,B,1.0,1.0,0.0,0.0,0.0,0.0,0.0,agreement,,,a1,a1,0,AI,a1,AI,0.012048192771084338,0.011904761904761904,True,True,0.0,6.855961324127994e-06,0.8407398519566841,0.8407398519566841,0.01309979725949245,0.01260104242419563,0.01260104242419563,2,90,0.021739130434782608,0.9782608695652174,90,0,2,0.9782608695652174,0.0,0.021739130434782608,0,0,,,8,84,0.08695652173913043,0.9130434782608695,7,0,0,83,8,0,0,84
scenario1,200,scenario1__H200__eta-exact_empirical__states-exogenous,cfg_0042d33e8480cdbfb328,run_cd810dac14f6d7fb,1,42,exact_empirical,exact_empirical,True,0.35,0.85,,,0.1,0.9,0.1,0.9,B,opposed_binary_state_preferences_v1,binary_stay_switch_a0_0p1_a1_0p9_v1__exogenous,93,B,B,1.0,1.0,0.0,0.0,0.0,0.0,0.0,agreement,,,a1,a1,0,AI,a1,AI,0.011904761904761904,0.011764705882352941,True,True,0.0,6.170365191715195e-06,0.8566658667610156,0.8566658667610156,0.01309979725949245,0.01138582611695278,0.01138582611695278,2,91,0.021505376344086023,0.978494623655914,91,0,2,0.978494623655914,0.0,0.021505376344086023,0,0,,,8,85,0.08602150537634409,0.9139784946236559,7,0,0,84,8,0,0,85
scenario1,200,scenario1__H200__eta-exact_empirical__states-exogenous,cfg_0042d33e8480cdbfb328,run_cd810dac14f6d7fb,1,42,exact_empirical,exact_empirical,True,0.35,0.85,,,0.1,0.9,0.1,0.9,B,opposed_binary_state_preferences_v1,binary_stay_switch_a0_0p1_a1_0p9_v1__exogenous,94,B,B,1.0,1.0,0.0,0.0,0.0,0.0,0.0,agreement,,,a1,a1,0,AI,a1,AI,0.011764705882352941,0.011627906976744186,True,True,0.0,5.553328672543675e-06,0.8709992800849141,0.8709992800849141,0.01309979725949245,0.010401500908086073,0.010401500908086073,2,92,0.02127659574468085,0.9787234042553191,92,0,2,0.9787234042553191,0.0,0.02127659574468085,0,0,,,8,86,0.0851063829787234,0.9148936170212766,7,0,0,85,8,0,0,86
scenario1,200,scenario1__H200__eta-exact_empirical__states-exogenous,cfg_0042d33e8480cdbfb328,run_cd810dac14f6d7fb,1,42,exact_empirical,exact_empirical,True,0.35,0.85,,,0.1,0.9,0.1,0.9,B,opposed_binary_state_preferences_v1,binary_stay_switch_a0_0p1_a1_0p9_v1__exogenous,95,B,B,1.0,1.0,0.0,0.0,0.0,0.0,0.0,agreement,,,a1,a1,0,AI,a1,AI,0.011627906976744186,0.011494252873563218,True,True,0.0,4.997995805289308e-06,0.8838993520764227,0.8838993520764227,0.01309979725949245,0.009604197488904039,0.009604197488904039,2,93,0.021052631578947368,0.9789473684210527,93,0,2,0.9789473684210527,0.0,0.021052631578947368,0,0,,,8,87,0.08421052631578947,0.9157894736842105,7,0,0,86,8,0,0,87
scenario1,200,scenario1__H200__eta-exact_empirical__states-exogenous,cfg_0042d33e8480cdbfb328,run_cd810dac14f6d7fb,1,42,exact_empirical,exact_empirical,True,0.35,0.85,,,0.1,0.9,0.1,0.9,B,opposed_binary_state_preferences_v1,binary_stay_switch_a0_0p1_a1_0p9_v1__exogenous,96,B,B,1.0,1.0,0.0,0.0,0.0,0.0,0.0,agreement,,,a1,a1,0,AI,a1,AI,0.011494252873563218,0.011363636363636364,True,True,0.0,4.498196224760377e-06,0.8955094168687804,0.8955094168687804,0.01309979725949245,0.008958381719366592,0.008958381719366592,2,94,0.020833333333333332,0.9791666666666666,94,0,2,0.9791666666666666,0.0,0.020833333333333332,0,0,,,8,88,0.08333333333333333,0.9166666666666666,7,0,0,87,8,0,0,88
scenario1,200,scenario1__H200__eta-exact_empirical__states-exogenous,cfg_0042d33e8480cdbfb328,run_cd810dac14f6d7fb,1,42,exact_empirical,exact_empirical,True,0.35,0.85,,,0.1,0.9,0.1,0.9,B,opposed_binary_state_preferences_v1,binary_stay_switch_a0_0p1_a1_0p9_v1__exogenous,97,B,A,1.0,1.0,0.0,0.0,0.0,0.0,0.0,agreement,,,a1,a1,0,AI,a1,AI,0.011363636363636364,0.011235955056179775,True,True,0.0,4.048376602284339e-06,0.9059584751819023,0.9059584751819023,0.01309979725949245,0.008435270946041261,0.008435270946041261,2,95,0.020618556701030927,0.979381443298969,95,0,2,0.979381443298969,0.0,0.020618556701030927,0,0,,,8,89,0.08247422680412371,0.9175257731958762,7,0,0,88,8,0,0,89
scenario1,200,scenario1__H200__eta-exact_empirical__states-exogenous,cfg_0042d33e8480cdbfb328,run_cd810dac14f6d7fb,1,42,exact_empirical,exact_empirical,True,0.35,0.85,,,0.1,0.9,0.1,0.9,B,opposed_binary_state_preferences_v1,binary_stay_switch_a0_0p1_a1_0p9_v1__exogenous,98,A,B,1.0,1.0,0.0,0.0,0.0,0.0,0.0,agreement,,,a0,a0,0,AI,a0,AI,0.125,0.1111111111111111,True,True,0.0,9.404610869860074e-06,0.18459153233599743,0.18459153233599743,0.008011551219647743,0.008435270946041261,0.008011551219647743,2,96,0.02040816326530612,0.9795918367346939,96,0,2,0.9795918367346939,0.0,0.02040816326530612,0,0,,,9,89,0.09183673469387756,0.9081632653061225,8,0,0,88,9,0,0,89
scenario1,200,scenario1__H200__eta-exact_empirical__states-exogenous,cfg_0042d33e8480cdbfb328,run_cd810dac14f6d7fb,1,42,exact_empirical,exact_empirical,True,0.35,0.85,,,0.1,0.9,0.1,0.9,B,opposed_binary_state_preferences_v1,binary_stay_switch_a0_0p1_a1_0p9_v1__exogenous,99,B,B,1.0,1.0,0.0,0.0,0.0,0.0,0.0,agreement,,,a1,a1,0,AI,a1,AI,0.011235955056179775,0.011111111111111112,True,True,0.0,3.2791850478503147e-06,0.833826364897341,0.833826364897341,0.008011551219647743,0.007553609076061718,0.007553609076061718,2,97,0.020202020202020204,0.9797979797979798,97,0,2,0.9797979797979798,0.0,0.020202020202020204,0,0,,,9,90,0.09090909090909091,0.9090909090909091,8,0,0,89,9,0,0,90
scenario1,200,scenario1__H200__eta-exact_empirical__states-exogenous,cfg_0042d33e8480cdbfb328,run_cd810dac14f6d7fb,1,42,exact_empirical,exact_empirical,True,0.35,0.85,,,0.1,0.9,0.1,0.9,B,opposed_binary_state_preferences_v1,binary_stay_switch_a0_0p1_a1_0p9_v1__exogenous,100,B,B,1.0,1.0,0.0,0.0,0.0,0.0,0.0,agreement,,,a1,a1,0,AI,a1,AI,0.011111111111111112,0.01098901098901099,True,True,0.0,2.9512665430652833e-06,0.8504437284076068,0.8504437284076068,0.008011551219647743,0.006839462961378289,0.006839462961378289,2,98,0.02,0.98,98,0,2,0.98,0.0,0.02,0,0,,,9,91,0.09,0.91,8,0,0,90,9,0,0,91
scenario1,200,scenario1__H200__eta-exact_empirical__states-exogenous,cfg_0042d33e8480cdbfb328,run_cd810dac14f6d7fb,1,42,exact_empirical,exact_empirical,True,0.35,0.85,,,0.1,0.9,0.1,0.9,B,opposed_binary_state_preferences_v1,binary_stay_switch_a0_0p1_a1_0p9_v1__exogenous,101,B,B,1.0,1.0,0.0,0.0,0.0,0.0,0.0,agreement,,,a1,a1,0,AI,a1,AI,0.01098901098901099,0.010869565217391304,True,True,0.0,2.656139888758755e-06,0.8653993555668461,0.8653993555668461,0.008011551219647743,0.006261004608484711,0.006261004608484711,2,99,0.019801980198019802,0.9801980198019802,99,0,2,0.9801980198019802,0.0,0.019801980198019802,0,0,,,9,92,0.0891089108910891,0.9108910891089109,8,0,0,91,9,0,0,92
scenario1,200,scenario1__H200__eta-exact_empirical__states-exogenous,cfg_0042d33e8480cdbfb328,run_cd810dac14f6d7fb,1,42,exact_empirical,exact_empirical,True,0.35,0.85,,,0.1,0.9,0.1,0.9,B,opposed_binary_state_preferences_v1,binary_stay_switch_a0_0p1_a1_0p9_v1__exogenous,102,B,B,1.0,1.0,0.0,0.0,0.0,0.0,0.0,agreement,,,a1,a1,0,AI,a1,AI,0.010869565217391304,0.010752688172043012,True,True,0.0,2.3905258998828797e-06,0.8788594200101615,0.8788594200101615,0.008011551219647743,0.005792453342640913,0.005792453342640913,2,100,0.0196078431372549,0.9803921568627451,100,0,2,0.9803921568627451,0.0,0.0196078431372549,0,0,,,9,93,0.08823529411764706,0.9117647058823529,8,0,0,92,9,0,0,93
scenario1,200,scenario1__H200__eta-exact_empirical__states-exogenous,cfg_0042d33e8480cdbfb328,run_cd810dac14f6d7fb,1,42,exact_empirical,exact_empirical,True,0.35,0.85,,,0.1,0.9,0.1,0.9,B,opposed_binary_state_preferences_v1,binary_stay_switch_a0_0p1_a1_0p9_v1__exogenous,103,B,B,1.0,1.0,0.0,0.0,0.0,0.0,0.0,agreement,,,a1,a1,0,AI,a1,AI,0.010752688172043012,0.010638297872340425,True,True,0.0,2.151473309894592e-06,0.8909734780091453,0.8909734780091453,0.008011551219647743,0.005412926817307437,0.005412926817307437,2,101,0.019417475728155338,0.9805825242718447,101,0,2,0.9805825242718447,0.0,0.019417475728155338,0,0,,,9,94,0.08737864077669903,0.912621359223301,8,0,0,93,9,0,0,94
scenario1,200,scenario1__H200__eta-exact_empirical__states-exogenous,cfg_0042d33e8480cdbfb328,run_cd810dac14f6d7fb,1,42,exact_empirical,exact_empirical,True,0.35,0.85,,,0.1,0.9,0.1,0.9,B,opposed_binary_state_preferences_v1,binary_stay_switch_a0_0p1_a1_0p9_v1__exogenous,104,B,B,1.0,1.0,0.0,0.0,0.0,0.0,0.0,agreement,,,a1,a1,0,AI,a1,AI,0.010638297872340425,0.010526315789473684,True,True,0.0,1.9363259789051326e-06,0.9018761302082308,0.9018761302082308,0.008011551219647743,0.005105510331787321,0.005105510331787321,2,102,0.019230769230769232,0.9807692307692307,102,0,2,0.9807692307692307,0.0,0.019230769230769232,0,0,,,9,95,0.08653846153846154,0.9134615384615384,8,0,0,94,9,0,0,95
scenario1,200,scenario1__H200__eta-exact_empirical__states-exogenous,cfg_0042d33e8480cdbfb328,run_cd810dac14f6d7fb,1,42,exact_empirical,exact_empirical,True,0.35,0.85,,,0.1,0.9,0.1,0.9,B,opposed_binary_state_preferences_v1,binary_stay_switch_a0_0p1_a1_0p9_v1__exogenous,105,B,B,1.0,1.0,0.0,0.0,0.0,0.0,0.0,agreement,,,a1,a1,0,AI,a1,AI,0.010526315789473684,0.010416666666666666,True,True,0.0,1.7426933810146194e-06,0.9116885171874077,0.9116885171874077,0.008011551219647743,0.004856502978516027,0.004856502978516027,2,103,0.01904761904761905,0.9809523809523809,103,0,2,0.9809523809523809,0.0,0.01904761904761905,0,0,,,9,96,0.08571428571428572,0.9142857142857143,8,0,0,95,9,0,0,96
scenario1,200,scenario1__H200__eta-exact_empirical__states-exogenous,cfg_0042d33e8480cdbfb328,run_cd810dac14f6d7fb,1,42,exact_empirical,exact_empirical,True,0.35,0.85,,,0.1,0.9,0.1,0.9,B,opposed_binary_state_preferences_v1,binary_stay_switch_a0_0p1_a1_0p9_v1__exogenous,106,B,B,1.0,1.0,0.0,0.0,0.0,0.0,0.0,agreement,,,a1,a1,0,AI,a1,AI,0.010416666666666666,0.010309278350515464,True,True,0.0,1.5684240429131575e-06,0.9205196654686669,0.9205196654686669,0.008011551219647743,0.004654807022366279,0.004654807022366279,2,104,0.018867924528301886,0.9811320754716981,104,0,2,0.9811320754716981,0.0,0.018867924528301886,0,0,,,9,97,0.08490566037735849,0.9150943396226415,8,0,0,96,9,0,0,97
scenario1,200,scenario1__H200__eta-exact_empirical__states-exogenous,cfg_0042d33e8480cdbfb328,run_cd810dac14f6d7fb,1,42,exact_empirical,exact_empirical,True,0.35,0.85,,,0.1,0.9,0.1,0.9,B,opposed_binary_state_preferences_v1,binary_stay_switch_a0_0p1_a1_0p9_v1__exogenous,107,B,B,1.0,1.0,0.0,0.0,0.0,0.0,0.0,agreement,,,a1,a1,0,AI,a1,AI,0.010309278350515464,0.01020408163265306,True,True,0.0,1.4115816386218417e-06,0.9284676989218003,0.9284676989218003,0.008011551219647743,0.004491433297884984,0.004491433297884984,2,105,0.018691588785046728,0.9813084112149533,105,0,2,0.9813084112149533,0.0,0.018691588785046728,0,0,,,9,98,0.08411214953271028,0.9158878504672897,8,0,0,97,9,0,0,98
scenario1,200,scenario1__H200__eta-exact_empirical__states-exogenous,cfg_0042d33e8480cdbfb328,run_cd810dac14f6d7fb,1,42,exact_empirical,exact_empirical,True,0.35,0.85,,,0.1,0.9,0.1,0.9,B,opposed_binary_state_preferences_v1,binary_stay_switch_a0_0p1_a1_0p9_v1__exogenous,108,B,B,1.0,1.0,0.0,0.0,0.0,0.0,0.0,agreement,,,a1,a1,0,AI,a1,AI,0.01020408163265306,0.010101010101010102,True,True,0.0,1.2704234747596574e-06,0.9356209290296202,0.9356209290296202,0.008011551219647743,0.004359100581055134,0.004359100581055134,2,106,0.018518518518518517,0.9814814814814815,106,0,2,0.9814814814814815,0.0,0.018518518518518517,0,0,,,9,99,0.08333333333333333,0.9166666666666666,8,0,0,98,9,0,0,99
scenario1,200,scenario1__H200__eta-exact_empirical__states-exogenous,cfg_0042d33e8480cdbfb328,run_cd810dac14f6d7fb,1,42,exact_empirical,exact_empirical,True,0.35,0.85,,,0.1,0.9,0.1,0.9,B,opposed_binary_state_preferences_v1,binary_stay_switch_a0_0p1_a1_0p9_v1__exogenous,109,B,B,1.0,1.0,0.0,0.0,0.0,0.0,0.0,agreement,,,a1,a1,0,AI,a1,AI,0.010101010101010102,0.01,True,True,0.0,1.1433811272836916e-06,0.9420588361266582,0.9420588361266582,0.008011551219647743,0.004251911080422956,0.004251911080422956,2,107,0.01834862385321101,0.981651376146789,107,0,2,0.981651376146789,0.0,0.01834862385321101,0,0,,,9,100,0.08256880733944955,0.9174311926605505,8,0,0,99,9,0,0,100
scenario1,200,scenario1__H200__eta-exact_empirical__states-exogenous,cfg_0042d33e8480cdbfb328,run_cd810dac14f6d7fb,1,42,exact_empirical,exact_empirical,True,0.35,0.85,,,0.1,0.9,0.1,0.9,B,opposed_binary_state_preferences_v1,binary_stay_switch_a0_0p1_a1_0p9_v1__exogenous,110,B,B,1.0,1.0,0.0,0.0,0.0,0.0,0.0,agreement,,,a1,a1,0,AI,a1,AI,0.01,0.009900990099009901,True,True,0.0,1.0290430145553224e-06,0.9478529525139924,0.9478529525139924,0.008011551219647743,0.004165087584910892,0.004165087584910892,2,108,0.01818181818181818,0.9818181818181818,108,0,2,0.9818181818181818,0.0,0.01818181818181818,0,0,,,9,101,0.08181818181818182,0.9181818181818182,8,0,0,100,9,0,0,101
scenario1,200,scenario1__H200__eta-exact_empirical__states-exogenous,cfg_0042d33e8480cdbfb328,run_cd810dac14f6d7fb,1,42,exact_empirical,exact_empirical,True,0.35,0.85,,,0.1,0.9,0.1,0.9,B,opposed_binary_state_preferences_v1,binary_stay_switch_a0_0p1_a1_0p9_v1__exogenous,111,B,B,1.0,1.0,0.0,0.0,0.0,0.0,0.0,agreement,,,a1,a1,0,AI,a1,AI,0.009900990099009901,0.00980392156862745,True,True,0.0,9.261387130997902e-07,0.9530676572625931,0.9530676572625931,0.008011551219647743,0.004094760553546119,0.004094760553546119,2,109,0.018018018018018018,0.9819819819819819,109,0,2,0.9819819819819819,0.0,0.018018018018018018,0,0,,,9,102,0.08108108108108109,0.918918918918919,8,0,0,101,9,0,0,102
scenario1,200,scenario1__H200__eta-exact_empirical__states-exogenous,cfg_0042d33e8480cdbfb328,run_cd810dac14f6d7fb,1,42,exact_empirical,exact_empirical,True,0.35,0.85,,,0.1,0.9,0.1,0.9,B,opposed_binary_state_preferences_v1,binary_stay_switch_a0_0p1_a1_0p9_v1__exogenous,112,B,A,1.0,1.0,0.0,0.0,0.0,0.0,0.0,agreement,,,a1,a1,0,AI,a1,AI,0.00980392156862745,0.009708737864077669,True,True,0.0,8.335248417898112e-07,0.9577608915363338,0.9577608915363338,0.008011551219647743,0.004037795658140653,0.004037795658140653,2,110,0.017857142857142856,0.9821428571428571,110,0,2,0.9821428571428571,0.0,0.017857142857142856,0,0,,,9,103,0.08035714285714286,0.9196428571428571,8,0,0,102,9,0,0,103
scenario1,200,scenario1__H200__eta-exact_empirical__states-exogenous,cfg_0042d33e8480cdbfb328,run_cd810dac14f6d7fb,1,42,exact_empirical,exact_empirical,True,0.35,0.85,,,0.1,0.9,0.1,0.9,B,opposed_binary_state_preferences_v1,binary_stay_switch_a0_0p1_a1_0p9_v1__exogenous,113,A,B,1.0,1.0,0.0,0.0,0.0,0.0,0.0,agreement,,,a0,a0,0,AI,a0,AI,0.1111111111111111,0.1,True,True,0.0,1.9363259789051326e-06,0.13800575956774452,0.13800575956774452,0.0039916540928622265,0.004037795658140653,0.0039916540928622265,2,111,0.017699115044247787,0.9823008849557522,111,0,2,0.9823008849557522,0.0,0.017699115044247787,0,0,,,10,103,0.08849557522123894,0.911504424778761,9,0,0,102,10,0,0,103
scenario1,200,scenario1__H200__eta-exact_empirical__states-exogenous,cfg_0042d33e8480cdbfb328,run_cd810dac14f6d7fb,1,42,exact_empirical,exact_empirical,True,0.35,0.85,,,0.1,0.9,0.1,0.9,B,opposed_binary_state_preferences_v1,binary_stay_switch_a0_0p1_a1_0p9_v1__exogenous,114,B,B,1.0,1.0,0.0,0.0,0.0,0.0,0.0,agreement,,,a1,a1,0,AI,a1,AI,0.009708737864077669,0.009615384615384616,True,True,0.0,6.751551218497471e-07,0.8757863221444304,0.8757863221444304,0.0039916540928622265,0.0036298633514515294,0.0036298633514515294,2,112,0.017543859649122806,0.9824561403508771,112,0,2,0.9824561403508771,0.0,0.017543859649122806,0,0,,,10,104,0.08771929824561403,0.9122807017543859,9,0,0,103,10,0,0,104
scenario1,200,scenario1__H200__eta-exact_empirical__states-exogenous,cfg_0042d33e8480cdbfb328,run_cd810dac14f6d7fb,1,42,exact_empirical,exact_empirical,True,0.35,0.85,,,0.1,0.9,0.1,0.9,B,opposed_binary_state_preferences_v1,binary_stay_switch_a0_0p1_a1_0p9_v1__exogenous,115,B,B,1.0,1.0,0.0,0.0,0.0,0.0,0.0,agreement,,,a1,a1,0,AI,a1,AI,0.009615384615384616,0.009523809523809525,True,True,0.0,6.076396096647724e-07,0.8882076899299873,0.8882076899299873,0.0039916540928622265,0.003299438183033339,0.003299438183033339,2,113,0.017391304347826087,0.9826086956521739,113,0,2,0.9826086956521739,0.0,0.017391304347826087,0,0,,,10,105,0.08695652173913043,0.9130434782608695,9,0,0,104,10,0,0,105
scenario1,200,scenario1__H200__eta-exact_empirical__states-exogenous,cfg_0042d33e8480cdbfb328,run_cd810dac14f6d7fb,1,42,exact_empirical,exact_empirical,True,0.35,0.85,,,0.1,0.9,0.1,0.9,B,opposed_binary_state_preferences_v1,binary_stay_switch_a0_0p1_a1_0p9_v1__exogenous,116,B,B,1.0,1.0,0.0,0.0,0.0,0.0,0.0,agreement,,,a1,a1,0,AI,a1,AI,0.009523809523809525,0.009433962264150943,True,True,0.0,5.468756486982952e-07,0.8993869209369886,0.8993869209369886,0.0039916540928622265,0.0030317937966146047,0.0030317937966146047,2,114,0.017241379310344827,0.9827586206896551,114,0,2,0.9827586206896551,0.0,0.017241379310344827,0,0,,,10,106,0.08620689655172414,0.9137931034482759,9,0,0,105,10,0,0,106
scenario1,200,scenario1__H200__eta-exact_empirical__states-exogenous,cfg_0042d33e8480cdbfb328,run_cd810dac14f6d7fb,1,42,exact_empirical,exact_empirical,True,0.35,0.85,,,0.1,0.9,0.1,0.9,B,opposed_binary_state_preferences_v1,binary_stay_switch_a0_0p1_a1_0p9_v1__exogenous,117,B,B,1.0,1.0,0.0,0.0,0.0,0.0,0.0,agreement,,,a1,a1,0,AI,a1,AI,0.009433962264150943,0.009345794392523364,True,True,0.0,4.921880838284657e-07,0.9094482288432897,0.9094482288432897,0.0039916540928622265,0.0028150018436154303,0.0028150018436154303,2,115,0.017094017094017096,0.9829059829059829,115,0,2,0.9829059829059829,0.0,0.017094017094017096,0,0,,,10,107,0.08547008547008547,0.9145299145299145,9,0,0,106,10,0,0,107
scenario1,200,scenario1__H200__eta-exact_empirical__states-exogenous,cfg_0042d33e8480cdbfb328,run_cd810dac14f6d7fb,1,42,exact_empirical,exact_empirical,True,0.35,0.85,,,0.1,0.9,0.1,0.9,B,opposed_binary_state_preferences_v1,binary_stay_switch_a0_0p1_a1_0p9_v1__exogenous,118,B,B,1.0,1.0,0.0,0.0,0.0,0.0,0.0,agreement,,,a1,a1,0,AI,a1,AI,0.009345794392523364,0.009259259259259259,True,True,0.0,4.4296927544561913e-07,0.9185034059589607,0.9185034059589607,0.0039916540928622265,0.002639400361686099,0.002639400361686099,2,116,0.01694915254237288,0.9830508474576272,116,0,2,0.9830508474576272,0.0,0.01694915254237288,0,0,,,10,108,0.0847457627118644,0.9152542372881356,9,0,0,107,10,0,0,108
scenario1,200,scenario1__H200__eta-exact_empirical__states-exogenous,cfg_0042d33e8480cdbfb328,run_cd810dac14f6d7fb,1,42,exact_empirical,exact_empirical,True,0.35,0.85,,,0.1,0.9,0.1,0.9,B,opposed_binary_state_preferences_v1,binary_stay_switch_a0_0p1_a1_0p9_v1__exogenous,119,B,B,1.0,1.0,0.0,0.0,0.0,0.0,0.0,agreement,,,a1,a1,0,AI,a1,AI,0.009259259259259259,0.009174311926605505,True,True,0.0,3.9867234790105724e-07,0.9266530653630647,0.9266530653630647,0.0039916540928622265,0.0024971631613233407,0.0024971631613233407,2,117,0.01680672268907563,0.9831932773109243,117,0,2,0.9831932773109243,0.0,0.01680672268907563,0,0,,,10,109,0.08403361344537816,0.9159663865546218,9,0,0,108,10,0,0,109
scenario1,200,scenario1__H200__eta-exact_empirical__states-exogenous,cfg_0042d33e8480cdbfb328,run_cd810dac14f6d7fb,1,42,exact_empirical,exact_empirical,True,0.35,0.85,,,0.1,0.9,0.1,0.9,B,opposed_binary_state_preferences_v1,binary_stay_switch_a0_0p1_a1_0p9_v1__exogenous,120,B,B,1.0,1.0,0.0,0.0,0.0,0.0,0.0,agreement,,,a1,a1,0,AI,a1,AI,0.009174311926605505,0.00909090909090909,True,True,0.0,3.588051131109515e-07,0.9339877588267582,0.9339877588267582,0.0039916540928622265,0.002381951029029507,0.002381951029029507,2,118,0.016666666666666666,0.9833333333333333,118,0,2,0.9833333333333333,0.0,0.016666666666666666,0,0,,,10,110,0.08333333333333333,0.9166666666666666,9,0,0,109,10,0,0,110
scenario1,200,scenario1__H200__eta-exact_empirical__states-exogenous,cfg_0042d33e8480cdbfb328,run_cd810dac14f6d7fb,1,42,exact_empirical,exact_empirical,True,0.35,0.85,,,0.1,0.9,0.1,0.9,B,opposed_binary_state_preferences_v1,binary_stay_switch_a0_0p1_a1_0p9_v1__exogenous,121,B,A,1.0,1.0,0.0,0.0,0.0,0.0,0.0,agreement,,,a1,a1,0,AI,a1,AI,0.00909090909090909,0.009009009009009009,True,True,0.0,3.2292460179985633e-07,0.9405889829440824,0.9405889829440824,0.0039916540928622265,0.002288629201871501,0.002288629201871501,2,119,0.01652892561983471,0.9834710743801653,119,0,2,0.9834710743801653,0.0,0.01652892561983471,0,0,,,10,111,0.08264462809917356,0.9173553719008265,9,0,0,110,10,0,0,111
scenario1,200,scenario1__H200__eta-exact_empirical__states-exogenous,cfg_0042d33e8480cdbfb328,run_cd810dac14f6d7fb,1,42,exact_empirical,exact_empirical,True,0.35,0.85,,,0.1,0.9,0.1,0.9,B,opposed_binary_state_preferences_v1,binary_stay_switch_a0_0p1_a1_0p9_v1__exogenous,122,A,B,1.0,1.0,0.0,0.0,0.0,0.0,0.0,agreement,,,a0,a0,0,AI,a0,AI,0.1,0.09090909090909091,True,True,0.0,7.501723576108301e-07,0.15346625885655202,0.15346625885655202,0.0022130385218735163,0.002288629201871501,0.0022130385218735163,2,120,0.01639344262295082,0.9836065573770492,120,0,2,0.9836065573770492,0.0,0.01639344262295082,0,0,,,11,111,0.09016393442622951,0.9098360655737705,10,0,0,110,11,0,0,111
scenario1,200,scenario1__H200__eta-exact_empirical__states-exogenous,cfg_0042d33e8480cdbfb328,run_cd810dac14f6d7fb,1,42,exact_empirical,exact_empirical,True,0.35,0.85,,,0.1,0.9,0.1,0.9,B,opposed_binary_state_preferences_v1,binary_stay_switch_a0_0p1_a1_0p9_v1__exogenous,123,B,B,1.0,1.0,0.0,0.0,0.0,0.0,0.0,agreement,,,a1,a1,0,AI,a1,AI,0.009009009009009009,0.008928571428571428,True,True,0.0,2.615689274578837e-07,0.8618770761847068,0.8618770761847068,0.0022130385218735163,0.002052963120484532,0.002052963120484532,2,121,0.016260162601626018,0.983739837398374,121,0,2,0.983739837398374,0.0,0.016260162601626018,0,0,,,11,112,0.08943089430894309,0.9105691056910569,10,0,0,111,11,0,0,112
scenario1,200,scenario1__H200__eta-exact_empirical__states-exogenous,cfg_0042d33e8480cdbfb328,run_cd810dac14f6d7fb,1,42,exact_empirical,exact_empirical,True,0.35,0.85,,,0.1,0.9,0.1,0.9,B,opposed_binary_state_preferences_v1,binary_stay_switch_a0_0p1_a1_0p9_v1__exogenous,124,B,B,1.0,1.0,0.0,0.0,0.0,0.0,0.0,agreement,,,a1,a1,0,AI,a1,AI,0.008928571428571428,0.008849557522123894,True,True,0.0,2.354120347120953e-07,0.8756893685662361,0.8756893685662361,0.0022130385218735163,0.0018620735945610873,0.0018620735945610873,2,122,0.016129032258064516,0.9838709677419355,122,0,2,0.9838709677419355,0.0,0.016129032258064516,0,0,,,11,113,0.08870967741935484,0.9112903225806451,10,0,0,112,11,0,0,113
scenario1,200,scenario1__H200__eta-exact_empirical__states-exogenous,cfg_0042d33e8480cdbfb328,run_cd810dac14f6d7fb,1,42,exact_empirical,exact_empirical,True,0.35,0.85,,,0.1,0.9,0.1,0.9,B,opposed_binary_state_preferences_v1,binary_stay_switch_a0_0p1_a1_0p9_v1__exogenous,125,B,B,1.0,1.0,0.0,0.0,0.0,0.0,0.0,agreement,,,a1,a1,0,AI,a1,AI,0.008849557522123894,0.008771929824561403,True,True,0.0,2.118708312408858e-07,0.8881204317096125,0.8881204317096125,0.0022130385218735163,0.0017074530785630973,0.0017074530785630973,2,123,0.016,0.984,123,0,2,0.984,0.0,0.016,0,0,,,11,114,0.088,0.912,10,0,0,113,11,0,0,114
scenario1,200,scenario1__H200__eta-exact_empirical__states-exogenous,cfg_0042d33e8480cdbfb328,run_cd810dac14f6d7fb,1,42,exact_empirical,exact_empirical,True,0.35,0.85,,,0.1,0.9,0.1,0.9,B,opposed_binary_state_preferences_v1,binary_stay_switch_a0_0p1_a1_0p9_v1__exogenous,126,B,B,1.0,1.0,0.0,0.0,0.0,0.0,0.0,agreement,,,a1,a1,0,AI,a1,AI,0.008771929824561403,0.008695652173913044,True,True,0.0,1.9068374811679722e-07,0.8993083885386512,0.8993083885386512,0.0022130385218735163,0.0015822104606047255,0.0015822104606047255,2,124,0.015873015873015872,0.9841269841269841,124,0,2,0.9841269841269841,0.0,0.015873015873015872,0,0,,,11,115,0.0873015873015873,0.9126984126984127,10,0,0,114,11,0,0,115
scenario1,200,scenario1__H200__eta-exact_empirical__states-exogenous,cfg_0042d33e8480cdbfb328,run_cd810dac14f6d7fb,1,42,exact_empirical,exact_empirical,True,0.35,0.85,,,0.1,0.9,0.1,0.9,B,opposed_binary_state_preferences_v1,binary_stay_switch_a0_0p1_a1_0p9_v1__exogenous,127,B,B,1.0,1.0,0.0,0.0,0.0,0.0,0.0,agreement,,,a1,a1,0,AI,a1,AI,0.008695652173913044,0.008620689655172414,True,True,0.0,1.716153733051175e-07,0.9093775496847861,0.9093775496847861,0.0022130385218735163,0.0014807639400584442,0.0014807639400584442,2,125,0.015748031496062992,0.984251968503937,125,0,2,0.984251968503937,0.0,0.015748031496062992,0,0,,,11,116,0.08661417322834646,0.9133858267716536,10,0,0,115,11,0,0,116
scenario1,200,scenario1__H200__eta-exact_empirical__states-exogenous,cfg_0042d33e8480cdbfb328,run_cd810dac14f6d7fb,1,42,exact_empirical,exact_empirical,True,0.35,0.85,,,0.1,0.9,0.1,0.9,B,opposed_binary_state_preferences_v1,binary_stay_switch_a0_0p1_a1_0p9_v1__exogenous,128,B,B,1.0,1.0,0.0,0.0,0.0,0.0,0.0,agreement,,,a1,a1,0,AI,a1,AI,0.008620689655172414,0.008547008547008548,True,True,0.0,1.5445383597460574e-07,0.9184397947163075,0.9184397947163075,0.0022130385218735163,0.0013985922584159563,0.0013985922584159563,2,126,0.015625,0.984375,126,0,2,0.984375,0.0,0.015625,0,0,,,11,117,0.0859375,0.9140625,10,0,0,116,11,0,0,117
scenario1,200,scenario1__H200__eta-exact_empirical__states-exogenous,cfg_0042d33e8480cdbfb328,run_cd810dac14f6d7fb,1,42,exact_empirical,exact_empirical,True,0.35,0.85,,,0.1,0.9,0.1,0.9,B,opposed_binary_state_preferences_v1,binary_stay_switch_a0_0p1_a1_0p9_v1__exogenous,129,B,B,1.0,1.0,0.0,0.0,0.0,0.0,0.0,agreement,,,a1,a1,0,AI,a1,AI,0.008547008547008548,0.00847457627118644,True,True,0.0,1.3900845237714517e-07,0.9265958152446768,0.9265958152446768,0.0022130385218735163,0.0013320331962855413,0.0013320331962855413,2,127,0.015503875968992248,0.9844961240310077,127,0,2,0.9844961240310077,0.0,0.015503875968992248,0,0,,,11,118,0.08527131782945736,0.9147286821705426,10,0,0,117,11,0,0,118
scenario1,200,scenario1__H200__eta-exact_empirical__states-exogenous,cfg_0042d33e8480cdbfb328,run_cd810dac14f6d7fb,1,42,exact_empirical,exact_empirical,True,0.35,0.85,,,0.1,0.9,0.1,0.9,B,opposed_binary_state_preferences_v1,binary_stay_switch_a0_0p1_a1_0p9_v1__exogenous,130,B,B,1.0,1.0,0.0,0.0,0.0,0.0,0.0,agreement,,,a1,a1,0,AI,a1,AI,0.00847457627118644,0.008403361344537815,True,True,0.0,1.2510760713943066e-07,0.9339362337202092,0.9339362337202092,0.0022130385218735163,0.001278120355959905,0.001278120355959905,2,128,0.015384615384615385,0.9846153846153847,128,0,2,0.9846153846153847,0.0,0.015384615384615385,0,0,,,11,119,0.08461538461538462,0.9153846153846154,10,0,0,118,11,0,0,119
scenario1,200,scenario1__H200__eta-exact_empirical__states-exogenous,cfg_0042d33e8480cdbfb328,run_cd810dac14f6d7fb,1,42,exact_empirical,exact_empirical,True,0.35,0.85,,,0.1,0.9,0.1,0.9,B,opposed_binary_state_preferences_v1,binary_stay_switch_a0_0p1_a1_0p9_v1__exogenous,131,B,B,1.0,1.0,0.0,0.0,0.0,0.0,0.0,agreement,,,a1,a1,0,AI,a1,AI,0.008403361344537815,0.008333333333333333,True,True,0.0,1.125968464254876e-07,0.9405426103481882,0.9405426103481882,0.0022130385218735163,0.0012344509552961395,0.0012344509552961395,2,129,0.015267175572519083,0.9847328244274809,129,0,2,0.9847328244274809,0.0,0.015267175572519083,0,0,,,11,120,0.08396946564885496,0.916030534351145,10,0,0,119,11,0,0,120
scenario1,200,scenario1__H200__eta-exact_empirical__states-exogenous,cfg_0042d33e8480cdbfb328,run_cd810dac14f6d7fb,1,42,exact_empirical,exact_empirical,True,0.35,0.85,,,0.1,0.9,0.1,0.9,B,opposed_binary_state_preferences_v1,binary_stay_switch_a0_0p1_a1_0p9_v1__exogenous,132,B,B,1.0,1.0,0.0,0.0,0.0,0.0,0.0,agreement,,,a1,a1,0,AI,a1,AI,0.008333333333333333,0.008264462809917356,True,True,0.0,1.0133716178293884e-07,0.9464883493133693,0.9464883493133693,0.0022130385218735163,0.0011990787407584896,0.0011990787407584896,2,130,0.015151515151515152,0.9848484848484849,130,0,2,0.9848484848484849,0.0,0.015151515151515152,0,0,,,11,121,0.08333333333333333,0.9166666666666666,10,0,0,120,11,0,0,121
scenario1,200,scenario1__H200__eta-exact_empirical__states-exogenous,cfg_0042d33e8480cdbfb328,run_cd810dac14f6d7fb,1,42,exact_empirical,exact_empirical,True,0.35,0.85,,,0.1,0.9,0.1,0.9,B,opposed_binary_state_preferences_v1,binary_stay_switch_a0_0p1_a1_0p9_v1__exogenous,133,B,B,1.0,1.0,0.0,0.0,0.0,0.0,0.0,agreement,,,a1,a1,0,AI,a1,AI,0.008264462809917356,0.00819672131147541,True,True,0.0,9.120344560464497e-08,0.9518395143820324,0.9518395143820324,0.0022130385218735163,0.0011704272469829932,0.0011704272469829932,2,131,0.015037593984962405,0.9849624060150376,131,0,2,0.9849624060150376,0.0,0.015037593984962405,0,0,,,11,122,0.08270676691729323,0.9172932330827067,10,0,0,121,11,0,0,122
scenario1,200,scenario1__H200__eta-exact_empirical__states-exogenous,cfg_0042d33e8480cdbfb328,run_cd810dac14f6d7fb,1,42,exact_empirical,exact_empirical,True,0.35,0.85,,,0.1,0.9,0.1,0.9,B,opposed_binary_state_preferences_v1,binary_stay_switch_a0_0p1_a1_0p9_v1__exogenous,134,B,B,1.0,1.0,0.0,0.0,0.0,0.0,0.0,agreement,,,a1,a1,0,AI,a1,AI,0.00819672131147541,0.008130081300813009,True,True,0.0,8.208310104418047e-08,0.9566555629438291,0.9566555629438291,0.0022130385218735163,0.001147219537024841,0.001147219537024841,2,132,0.014925373134328358,0.9850746268656716,132,0,2,0.9850746268656716,0.0,0.014925373134328358,0,0,,,11,123,0.08208955223880597,0.917910447761194,10,0,0,122,11,0,0,123
scenario1,200,scenario1__H200__eta-exact_empirical__states-exogenous,cfg_0042d33e8480cdbfb328,run_cd810dac14f6d7fb,1,42,exact_empirical,exact_empirical,True,0.35,0.85,,,0.1,0.9,0.1,0.9,B,opposed_binary_state_preferences_v1,binary_stay_switch_a0_0p1_a1_0p9_v1__exogenous,135,B,B,1.0,1.0,0.0,0.0,0.0,0.0,0.0,agreement,,,a1,a1,0,AI,a1,AI,0.008130081300813009,0.008064516129032258,True,True,0.0,7.387479093976243e-08,0.9609900066494462,0.9609900066494462,0.0022130385218735163,0.0011284212919587377,0.0011284212919587377,2,133,0.014814814814814815,0.9851851851851852,133,0,2,0.9851851851851852,0.0,0.014814814814814815,0,0,,,11,124,0.08148148148148149,0.9185185185185185,10,0,0,123,11,0,0,124
scenario1,200,scenario1__H200__eta-exact_empirical__states-exogenous,cfg_0042d33e8480cdbfb328,run_cd810dac14f6d7fb,1,42,exact_empirical,exact_empirical,True,0.35,0.85,,,0.1,0.9,0.1,0.9,B,opposed_binary_state_preferences_v1,binary_stay_switch_a0_0p1_a1_0p9_v1__exogenous,136,B,B,1.0,1.0,0.0,0.0,0.0,0.0,0.0,agreement,,,a1,a1,0,AI,a1,AI,0.008064516129032258,0.008,True,True,0.0,6.648731184578619e-08,0.9648910059845016,0.9648910059845016,0.0022130385218735163,0.001113194713455194,0.001113194713455194,2,134,0.014705882352941176,0.9852941176470589,134,0,2,0.9852941176470589,0.0,0.014705882352941176,0,0,,,11,125,0.08088235294117647,0.9191176470588235,10,0,0,124,11,0,0,125
scenario1,200,scenario1__H200__eta-exact_empirical__states-exogenous,cfg_0042d33e8480cdbfb328,run_cd810dac14f6d7fb,1,42,exact_empirical,exact_empirical,True,0.35,0.85,,,0.1,0.9,0.1,0.9,B,opposed_binary_state_preferences_v1,binary_stay_switch_a0_0p1_a1_0p9_v1__exogenous,137,B,B,1.0,1.0,0.0,0.0,0.0,0.0,0.0,agreement,,,a1,a1,0,AI,a1,AI,0.008,0.007936507936507936,True,True,0.0,5.983858066120757e-08,0.9684019053860514,0.9684019053860514,0.0022130385218735163,0.0011008611848673238,0.0011008611848673238,2,135,0.014598540145985401,0.9854014598540146,135,0,2,0.9854014598540146,0.0,0.014598540145985401,0,0,,,11,126,0.08029197080291971,0.9197080291970803,10,0,0,125,11,0,0,126
scenario1,200,scenario1__H200__eta-exact_empirical__states-exogenous,cfg_0042d33e8480cdbfb328,run_cd810dac14f6d7fb,1,42,exact_empirical,exact_empirical,True,0.35,0.85,,,0.1,0.9,0.1,0.9,B,opposed_binary_state_preferences_v1,binary_stay_switch_a0_0p1_a1_0p9_v1__exogenous,138,B,A,1.0,1.0,0.0,0.0,0.0,0.0,0.0,agreement,,,a1,a1,0,AI,a1,AI,0.007936507936507936,0.007874015748031496,True,True,0.0,5.3854722595086814e-08,0.9715617148474462,0.9715617148474462,0.0022130385218735163,0.001090871026711149,0.001090871026711149,2,136,0.014492753623188406,0.9855072463768116,136,0,2,0.9855072463768116,0.0,0.014492753623188406,0,0,,,11,127,0.07971014492753623,0.9202898550724637,10,0,0,126,11,0,0,127
scenario1,200,scenario1__H200__eta-exact_empirical__states-exogenous,cfg_0042d33e8480cdbfb328,run_cd810dac14f6d7fb,1,42,exact_empirical,exact_empirical,True,0.35,0.85,,,0.1,0.9,0.1,0.9,B,opposed_binary_state_preferences_v1,binary_stay_switch_a0_0p1_a1_0p9_v1__exogenous,139,A,B,1.0,1.0,0.0,0.0,0.0,0.0,0.0,agreement,,,a0,a0,0,AI,a0,AI,0.09090909090909091,0.08333333333333333,True,True,0.0,1.2510760713943066e-07,0.12559384683718783,0.12559384683718783,0.0010827789986046473,0.001090871026711149,0.0010827789986046473,2,137,0.014388489208633094,0.9856115107913669,137,0,2,0.9856115107913669,0.0,0.014388489208633094,0,0,,,12,127,0.08633093525179857,0.9136690647482014,11,0,0,126,12,0,0,127
scenario1,200,scenario1__H200__eta-exact_empirical__states-exogenous,cfg_0042d33e8480cdbfb328,run_cd810dac14f6d7fb,1,42,exact_empirical,exact_empirical,True,0.35,0.85,,,0.1,0.9,0.1,0.9,B,opposed_binary_state_preferences_v1,binary_stay_switch_a0_0p1_a1_0p9_v1__exogenous,140,B,B,1.0,1.0,0.0,0.0,0.0,0.0,0.0,agreement,,,a1,a1,0,AI,a1,AI,0.007874015748031496,0.0078125,True,True,0.0,4.362232530202032e-08,0.8869649890264314,0.8869649890264314,0.0010827789986046473,0.000981055641510449,0.000981055641510449,2,138,0.014285714285714285,0.9857142857142858,138,0,2,0.9857142857142858,0.0,0.014285714285714285,0,0,,,12,128,0.08571428571428572,0.9142857142857143,11,0,0,127,12,0,0,128
scenario1,200,scenario1__H200__eta-exact_empirical__states-exogenous,cfg_0042d33e8480cdbfb328,run_cd810dac14f6d7fb,1,42,exact_empirical,exact_empirical,True,0.35,0.85,,,0.1,0.9,0.1,0.9,B,opposed_binary_state_preferences_v1,binary_stay_switch_a0_0p1_a1_0p9_v1__exogenous,141,B,A,1.0,1.0,0.0,0.0,0.0,0.0,0.0,agreement,,,a1,a1,0,AI,a1,AI,0.0078125,0.007751937984496124,True,True,0.0,3.9260092771818286e-08,0.8982684901237883,0.8982684901237883,0.0010827789986046473,0.0008921051794978819,0.0008921051794978819,2,139,0.014184397163120567,0.9858156028368794,139,0,2,0.9858156028368794,0.0,0.014184397163120567,0,0,,,12,129,0.0851063829787234,0.9148936170212766,11,0,0,128,12,0,0,129
scenario1,200,scenario1__H200__eta-exact_empirical__states-exogenous,cfg_0042d33e8480cdbfb328,run_cd810dac14f6d7fb,1,42,exact_empirical,exact_empirical,True,0.35,0.85,,,0.1,0.9,0.1,0.9,B,opposed_binary_state_preferences_v1,binary_stay_switch_a0_0p1_a1_0p9_v1__exogenous,142,A,B,1.0,1.0,0.0,0.0,0.0,0.0,0.0,agreement,,,a0,a0,0,AI,a0,AI,0.08333333333333333,0.07692307692307693,True,True,0.0,9.120344560464497e-08,0.19155791434430994,0.19155791434430994,0.0008200553052677026,0.0008921051794978819,0.0008200553052677026,2,140,0.014084507042253521,0.9859154929577465,140,0,2,0.9859154929577465,0.0,0.014084507042253521,0,0,,,13,129,0.09154929577464789,0.9084507042253521,12,0,0,128,13,0,0,129
scenario1,200,scenario1__H200__eta-exact_empirical__states-exogenous,cfg_0042d33e8480cdbfb328,run_cd810dac14f6d7fb,1,42,exact_empirical,exact_empirical,True,0.35,0.85,,,0.1,0.9,0.1,0.9,B,opposed_binary_state_preferences_v1,binary_stay_switch_a0_0p1_a1_0p9_v1__exogenous,143,B,B,1.0,1.0,0.0,0.0,0.0,0.0,0.0,agreement,,,a1,a1,0,AI,a1,AI,0.007751937984496124,0.007692307692307693,True,True,0.0,3.180067514517281e-08,0.8275974770002685,0.8275974770002685,0.0008200553052677026,0.0007964101728673775,0.0007964101728673775,2,141,0.013986013986013986,0.986013986013986,141,0,2,0.986013986013986,0.0,0.013986013986013986,0,0,,,13,130,0.09090909090909091,0.9090909090909091,12,0,0,129,13,0,0,130
scenario1,200,scenario1__H200__eta-exact_empirical__states-exogenous,cfg_0042d33e8480cdbfb328,run_cd810dac14f6d7fb,1,42,exact_empirical,exact_empirical,True,0.35,0.85,,,0.1,0.9,0.1,0.9,B,opposed_binary_state_preferences_v1,binary_stay_switch_a0_0p1_a1_0p9_v1__exogenous,144,B,B,1.0,1.0,0.0,0.0,0.0,0.0,0.0,agreement,,,a1,a1,0,AI,a1,AI,0.007692307692307693,0.007633587786259542,True,True,0.0,2.862060763065553e-08,0.8448377293002417,0.8448377293002417,0.0008200553052677026,0.000718897217496669,0.000718897217496669,2,142,0.013888888888888888,0.9861111111111112,142,0,2,0.9861111111111112,0.0,0.013888888888888888,0,0,,,13,131,0.09027777777777778,0.9097222222222222,12,0,0,130,13,0,0,131
scenario1,200,scenario1__H200__eta-exact_empirical__states-exogenous,cfg_0042d33e8480cdbfb328,run_cd810dac14f6d7fb,1,42,exact_empirical,exact_empirical,True,0.35,0.85,,,0.1,0.9,0.1,0.9,B,opposed_binary_state_preferences_v1,binary_stay_switch_a0_0p1_a1_0p9_v1__exogenous,145,B,B,1.0,1.0,0.0,0.0,0.0,0.0,0.0,agreement,,,a1,a1,0,AI,a1,AI,0.007633587786259542,0.007575757575757576,True,True,0.0,2.5758546867589977e-08,0.8603539563702175,0.8603539563702175,0.0008200553052677026,0.0006561117236463951,0.0006561117236463951,2,143,0.013793103448275862,0.9862068965517241,143,0,2,0.9862068965517241,0.0,0.013793103448275862,0,0,,,13,132,0.0896551724137931,0.9103448275862069,12,0,0,131,13,0,0,132
scenario1,200,scenario1__H200__eta-exact_empirical__states-exogenous,cfg_0042d33e8480cdbfb328,run_cd810dac14f6d7fb,1,42,exact_empirical,exact_empirical,True,0.35,0.85,,,0.1,0.9,0.1,0.9,B,opposed_binary_state_preferences_v1,binary_stay_switch_a0_0p1_a1_0p9_v1__exogenous,146,B,B,1.0,1.0,0.0,0.0,0.0,0.0,0.0,agreement,,,a1,a1,0,AI,a1,AI,0.007575757575757576,0.007518796992481203,True,True,0.0,2.318269218083098e-08,0.8743185607331957,0.8743185607331957,0.0008200553052677026,0.0006052554736276733,0.0006052554736276733,2,144,0.0136986301369863,0.9863013698630136,144,0,2,0.9863013698630136,0.0,0.0136986301369863,0,0,,,13,133,0.08904109589041095,0.910958904109589,12,0,0,132,13,0,0,133
scenario1,200,scenario1__H200__eta-exact_empirical__states-exogenous,cfg_0042d33e8480cdbfb328,run_cd810dac14f6d7fb,1,42,exact_empirical,exact_empirical,True,0.35,0.85,,,0.1,0.9,0.1,0.9,B,opposed_binary_state_preferences_v1,binary_stay_switch_a0_0p1_a1_0p9_v1__exogenous,147,B,B,1.0,1.0,0.0,0.0,0.0,0.0,0.0,agreement,,,a1,a1,0,AI,a1,AI,0.007518796992481203,0.007462686567164179,True,True,0.0,2.086442296274788e-08,0.8868867046598761,0.8868867046598761,0.0008200553052677026,0.0005640619111125087,0.0005640619111125087,2,145,0.013605442176870748,0.9863945578231292,145,0,2,0.9863945578231292,0.0,0.013605442176870748,0,0,,,13,134,0.08843537414965986,0.9115646258503401,12,0,0,133,13,0,0,134
scenario1,200,scenario1__H200__eta-exact_empirical__states-exogenous,cfg_0042d33e8480cdbfb328,run_cd810dac14f6d7fb,1,42,exact_empirical,exact_empirical,True,0.35,0.85,,,0.1,0.9,0.1,0.9,B,opposed_binary_state_preferences_v1,binary_stay_switch_a0_0p1_a1_0p9_v1__exogenous,148,B,B,1.0,1.0,0.0,0.0,0.0,0.0,0.0,agreement,,,a1,a1,0,AI,a1,AI,0.007462686567164179,0.007407407407407408,True,True,0.0,1.8777980666473093e-08,0.8981980341938884,0.8981980341938884,0.0008200553052677026,0.0005306951254752252,0.0005306951254752252,2,146,0.013513513513513514,0.9864864864864865,146,0,2,0.9864864864864865,0.0,0.013513513513513514,0,0,,,13,135,0.08783783783783784,0.9121621621621622,12,0,0,134,13,0,0,135
scenario1,200,scenario1__H200__eta-exact_empirical__states-exogenous,cfg_0042d33e8480cdbfb328,run_cd810dac14f6d7fb,1,42,exact_empirical,exact_empirical,True,0.35,0.85,,,0.1,0.9,0.1,0.9,B,opposed_binary_state_preferences_v1,binary_stay_switch_a0_0p1_a1_0p9_v1__exogenous,149,B,B,1.0,1.0,0.0,0.0,0.0,0.0,0.0,agreement,,,a1,a1,0,AI,a1,AI,0.007407407407407408,0.007352941176470588,True,True,0.0,1.6900182599825784e-08,0.9083782307744996,0.9083782307744996,0.0008200553052677026,0.0005036680291090257,0.0005036680291090257,2,147,0.013422818791946308,0.9865771812080537,147,0,2,0.9865771812080537,0.0,0.013422818791946308,0,0,,,13,136,0.087248322147651,0.912751677852349,12,0,0,135,13,0,0,136
scenario1,200,scenario1__H200__eta-exact_empirical__states-exogenous,cfg_0042d33e8480cdbfb328,run_cd810dac14f6d7fb,1,42,exact_empirical,exact_empirical,True,0.35,0.85,,,0.1,0.9,0.1,0.9,B,opposed_binary_state_preferences_v1,binary_stay_switch_a0_0p1_a1_0p9_v1__exogenous,150,B,A,1.0,1.0,0.0,0.0,0.0,0.0,0.0,agreement,,,a1,a1,0,AI,a1,AI,0.007352941176470588,0.0072992700729927005,True,True,0.0,1.5210164339843205e-08,0.9175404076970497,0.9175404076970497,0.0008200553052677026,0.00048177608105240405,0.00048177608105240405,2,148,0.013333333333333334,0.9866666666666667,148,0,2,0.9866666666666667,0.0,0.013333333333333334,0,0,,,13,137,0.08666666666666667,0.9133333333333333,12,0,0,136,13,0,0,137
scenario1,200,scenario1__H200__eta-exact_empirical__states-exogenous,cfg_0042d33e8480cdbfb328,run_cd810dac14f6d7fb,1,42,exact_empirical,exact_empirical,True,0.35,0.85,,,0.1,0.9,0.1,0.9,B,opposed_binary_state_preferences_v1,binary_stay_switch_a0_0p1_a1_0p9_v1__exogenous,151,A,B,1.0,1.0,0.0,0.0,0.0,0.0,0.0,agreement,,,a0,a0,0,AI,a0,AI,0.07692307692307693,0.07142857142857142,True,True,0.0,3.533408349463646e-08,0.17421346084709272,0.17421346084709272,0.00046404360312654044,0.00048177608105240405,0.00046404360312654044,2,149,0.013245033112582781,0.9867549668874173,149,0,2,0.9867549668874173,0.0,0.013245033112582781,0,0,,,14,137,0.09271523178807947,0.9072847682119205,13,0,0,136,14,0,0,137
scenario1,200,scenario1__H200__eta-exact_empirical__states-exogenous,cfg_0042d33e8480cdbfb328,run_cd810dac14f6d7fb,1,42,exact_empirical,exact_empirical,True,0.35,0.85,,,0.1,0.9,0.1,0.9,B,opposed_binary_state_preferences_v1,binary_stay_switch_a0_0p1_a1_0p9_v1__exogenous,152,B,B,1.0,1.0,0.0,0.0,0.0,0.0,0.0,agreement,,,a1,a1,0,AI,a1,AI,0.0072992700729927005,0.007246376811594203,True,True,0.0,1.2320233115272997e-08,0.8432077302346103,0.8432077302346103,0.00046404360312654044,0.00043200254993383595,0.00043200254993383595,2,150,0.013157894736842105,0.9868421052631579,150,0,2,0.9868421052631579,0.0,0.013157894736842105,0,0,,,14,138,0.09210526315789473,0.9078947368421053,13,0,0,137,14,0,0,138
scenario1,200,scenario1__H200__eta-exact_empirical__states-exogenous,cfg_0042d33e8480cdbfb328,run_cd810dac14f6d7fb,1,42,exact_empirical,exact_empirical,True,0.35,0.85,,,0.1,0.9,0.1,0.9,B,opposed_binary_state_preferences_v1,binary_stay_switch_a0_0p1_a1_0p9_v1__exogenous,153,B,B,1.0,1.0,0.0,0.0,0.0,0.0,0.0,agreement,,,a1,a1,0,AI,a1,AI,0.007246376811594203,0.007194244604316547,True,True,0.0,1.1088209803745698e-08,0.8588869572111493,0.8588869572111493,0.00046404360312654044,0.0003916859897277958,0.0003916859897277958,2,151,0.013071895424836602,0.9869281045751634,151,0,2,0.9869281045751634,0.0,0.013071895424836602,0,0,,,14,139,0.0915032679738562,0.9084967320261438,13,0,0,138,14,0,0,139
scenario1,200,scenario1__H200__eta-exact_empirical__states-exogenous,cfg_0042d33e8480cdbfb328,run_cd810dac14f6d7fb,1,42,exact_empirical,exact_empirical,True,0.35,0.85,,,0.1,0.9,0.1,0.9,B,opposed_binary_state_preferences_v1,binary_stay_switch_a0_0p1_a1_0p9_v1__exogenous,154,B,B,1.0,1.0,0.0,0.0,0.0,0.0,0.0,agreement,,,a1,a1,0,AI,a1,AI,0.007194244604316547,0.007142857142857143,True,True,0.0,9.979388823371127e-09,0.8729982614900343,0.8729982614900343,0.00046404360312654044,0.00035902957596090323,0.00035902957596090323,2,152,0.012987012987012988,0.987012987012987,152,0,2,0.987012987012987,0.0,0.012987012987012988,0,0,,,14,140,0.09090909090909091,0.9090909090909091,13,0,0,139,14,0,0,140
scenario1,200,scenario1__H200__eta-exact_empirical__states-exogenous,cfg_0042d33e8480cdbfb328,run_cd810dac14f6d7fb,1,42,exact_empirical,exact_empirical,True,0.35,0.85,,,0.1,0.9,0.1,0.9,B,opposed_binary_state_preferences_v1,binary_stay_switch_a0_0p1_a1_0p9_v1__exogenous,155,B,B,1.0,1.0,0.0,0.0,0.0,0.0,0.0,agreement,,,a1,a1,0,AI,a1,AI,0.007142857142857143,0.0070921985815602835,True,True,0.0,8.981449941034015e-09,0.8856984353410309,0.8856984353410309,0.00046404360312654044,0.0003325778808097203,0.0003325778808097203,2,153,0.012903225806451613,0.9870967741935484,153,0,2,0.9870967741935484,0.0,0.012903225806451613,0,0,,,14,141,0.09032258064516129,0.9096774193548387,13,0,0,140,14,0,0,141
scenario1,200,scenario1__H200__eta-exact_empirical__states-exogenous,cfg_0042d33e8480cdbfb328,run_cd810dac14f6d7fb,1,42,exact_empirical,exact_empirical,True,0.35,0.85,,,0.1,0.9,0.1,0.9,B,opposed_binary_state_preferences_v1,binary_stay_switch_a0_0p1_a1_0p9_v1__exogenous,156,B,B,1.0,1.0,0.0,0.0,0.0,0.0,0.0,agreement,,,a1,a1,0,AI,a1,AI,0.0070921985815602835,0.007042253521126761,True,True,0.0,8.083304946930615e-09,0.8971285918069278,0.8971285918069278,0.00046404360312654044,0.00031115200773726214,0.00031115200773726214,2,154,0.01282051282051282,0.9871794871794872,154,0,2,0.9871794871794872,0.0,0.01282051282051282,0,0,,,14,142,0.08974358974358974,0.9102564102564102,13,0,0,141,14,0,0,142
scenario1,200,scenario1__H200__eta-exact_empirical__states-exogenous,cfg_0042d33e8480cdbfb328,run_cd810dac14f6d7fb,1,42,exact_empirical,exact_empirical,True,0.35,0.85,,,0.1,0.9,0.1,0.9,B,opposed_binary_state_preferences_v1,binary_stay_switch_a0_0p1_a1_0p9_v1__exogenous,157,B,B,1.0,1.0,0.0,0.0,0.0,0.0,0.0,agreement,,,a1,a1,0,AI,a1,AI,0.007042253521126761,0.006993006993006993,True,True,0.0,7.274974452237553e-09,0.9074157326262351,0.9074157326262351,0.00046404360312654044,0.000293797050548571,0.000293797050548571,2,155,0.012738853503184714,0.9872611464968153,155,0,2,0.9872611464968153,0.0,0.012738853503184714,0,0,,,14,143,0.08917197452229299,0.910828025477707,13,0,0,142,14,0,0,143
scenario1,200,scenario1__H200__eta-exact_empirical__states-exogenous,cfg_0042d33e8480cdbfb328,run_cd810dac14f6d7fb,1,42,exact_empirical,exact_empirical,True,0.35,0.85,,,0.1,0.9,0.1,0.9,B,opposed_binary_state_preferences_v1,binary_stay_switch_a0_0p1_a1_0p9_v1__exogenous,158,B,B,1.0,1.0,0.0,0.0,0.0,0.0,0.0,agreement,,,a1,a1,0,AI,a1,AI,0.006993006993006993,0.006944444444444444,True,True,0.0,6.547477007013798e-09,0.9166741593636116,0.9166741593636116,0.00046404360312654044,0.0002797395352257312,0.0002797395352257312,2,156,0.012658227848101266,0.9873417721518988,156,0,2,0.9873417721518988,0.0,0.012658227848101266,0,0,,,14,144,0.08860759493670886,0.9113924050632911,13,0,0,143,14,0,0,144
scenario1,200,scenario1__H200__eta-exact_empirical__states-exogenous,cfg_0042d33e8480cdbfb328,run_cd810dac14f6d7fb,1,42,exact_empirical,exact_empirical,True,0.35,0.85,,,0.1,0.9,0.1,0.9,B,opposed_binary_state_preferences_v1,binary_stay_switch_a0_0p1_a1_0p9_v1__exogenous,159,B,B,1.0,1.0,0.0,0.0,0.0,0.0,0.0,agreement,,,a1,a1,0,AI,a1,AI,0.006944444444444444,0.006896551724137931,True,True,0.0,5.892729306312419e-09,0.9250067434272504,0.9250067434272504,0.00046404360312654044,0.00026835294781423093,0.00026835294781423093,2,157,0.012578616352201259,0.9874213836477987,157,0,2,0.9874213836477987,0.0,0.012578616352201259,0,0,,,14,145,0.0880503144654088,0.9119496855345912,13,0,0,144,14,0,0,145
scenario1,200,scenario1__H200__eta-exact_empirical__states-exogenous,cfg_0042d33e8480cdbfb328,run_cd810dac14f6d7fb,1,42,exact_empirical,exact_empirical,True,0.35,0.85,,,0.1,0.9,0.1,0.9,B,opposed_binary_state_preferences_v1,binary_stay_switch_a0_0p1_a1_0p9_v1__exogenous,160,B,B,1.0,1.0,0.0,0.0,0.0,0.0,0.0,agreement,,,a1,a1,0,AI,a1,AI,0.006896551724137931,0.00684931506849315,True,True,0.0,5.303456375681177e-09,0.9325060690845254,0.9325060690845254,0.00046404360312654044,0.00025912981201091573,0.00025912981201091573,2,158,0.0125,0.9875,158,0,2,0.9875,0.0,0.0125,0,0,,,14,146,0.0875,0.9125,13,0,0,145,14,0,0,146
scenario1,200,scenario1__H200__eta-exact_empirical__states-exogenous,cfg_0042d33e8480cdbfb328,run_cd810dac14f6d7fb,1,42,exact_empirical,exact_empirical,True,0.35,0.85,,,0.1,0.9,0.1,0.9,B,opposed_binary_state_preferences_v1,binary_stay_switch_a0_0p1_a1_0p9_v1__exogenous,161,B,B,1.0,1.0,0.0,0.0,0.0,0.0,0.0,agreement,,,a1,a1,0,AI,a1,AI,0.00684931506849315,0.006802721088435374,True,True,0.0,4.7731107381130594e-09,0.9392554621760728,0.9392554621760728,0.00046404360312654044,0.0002516590720102304,0.0002516590720102304,2,159,0.012422360248447204,0.9875776397515528,159,0,2,0.9875776397515528,0.0,0.012422360248447204,0,0,,,14,147,0.08695652173913043,0.9130434782608695,13,0,0,146,14,0,0,147
scenario1,200,scenario1__H200__eta-exact_empirical__states-exogenous,cfg_0042d33e8480cdbfb328,run_cd810dac14f6d7fb,1,42,exact_empirical,exact_empirical,True,0.35,0.85,,,0.1,0.9,0.1,0.9,B,opposed_binary_state_preferences_v1,binary_stay_switch_a0_0p1_a1_0p9_v1__exogenous,162,B,B,1.0,1.0,0.0,0.0,0.0,0.0,0.0,agreement,,,a1,a1,0,AI,a1,AI,0.006802721088435374,0.006756756756756757,True,True,0.0,4.295799664301753e-09,0.9453299159584655,0.9453299159584655,0.00046404360312654044,0.0002456077726096753,0.0002456077726096753,2,160,0.012345679012345678,0.9876543209876543,160,0,2,0.9876543209876543,0.0,0.012345679012345678,0,0,,,14,148,0.08641975308641975,0.9135802469135802,13,0,0,147,14,0,0,148
scenario1,200,scenario1__H200__eta-exact_empirical__states-exogenous,cfg_0042d33e8480cdbfb328,run_cd810dac14f6d7fb,1,42,exact_empirical,exact_empirical,True,0.35,0.85,,,0.1,0.9,0.1,0.9,B,opposed_binary_state_preferences_v1,binary_stay_switch_a0_0p1_a1_0p9_v1__exogenous,163,B,B,1.0,1.0,0.0,0.0,0.0,0.0,0.0,agreement,,,a1,a1,0,AI,a1,AI,0.006756756756756757,0.006711409395973154,True,True,0.0,3.8662196978715785e-09,0.950796924362619,0.950796924362619,0.00046404360312654044,0.00024070622009522566,0.00024070622009522566,2,161,0.012269938650306749,0.9877300613496932,161,0,2,0.9877300613496932,0.0,0.012269938650306749,0,0,,,14,149,0.08588957055214724,0.9141104294478528,13,0,0,148,14,0,0,149
scenario1,200,scenario1__H200__eta-exact_empirical__states-exogenous,cfg_0042d33e8480cdbfb328,run_cd810dac14f6d7fb,1,42,exact_empirical,exact_empirical,True,0.35,0.85,,,0.1,0.9,0.1,0.9,B,opposed_binary_state_preferences_v1,binary_stay_switch_a0_0p1_a1_0p9_v1__exogenous,164,B,B,1.0,1.0,0.0,0.0,0.0,0.0,0.0,agreement,,,a1,a1,0,AI,a1,AI,0.006711409395973154,0.006666666666666667,True,True,0.0,3.479597728084421e-09,0.955717231926357,0.955717231926357,0.00046404360312654044,0.00023673596255852146,0.00023673596255852146,2,162,0.012195121951219513,0.9878048780487805,162,0,2,0.9878048780487805,0.0,0.012195121951219513,0,0,,,14,150,0.08536585365853659,0.9146341463414634,13,0,0,149,14,0,0,150
scenario1,200,scenario1__H200__eta-exact_empirical__states-exogenous,cfg_0042d33e8480cdbfb328,run_cd810dac14f6d7fb,1,42,exact_empirical,exact_empirical,True,0.35,0.85,,,0.1,0.9,0.1,0.9,B,opposed_binary_state_preferences_v1,binary_stay_switch_a0_0p1_a1_0p9_v1__exogenous,165,B,B,1.0,1.0,0.0,0.0,0.0,0.0,0.0,agreement,,,a1,a1,0,AI,a1,AI,0.006666666666666667,0.006622516556291391,True,True,0.0,3.1316379552759787e-09,0.9601455087337213,0.9601455087337213,0.00046404360312654044,0.00023352005395379106,0.00023352005395379106,2,163,0.012121212121212121,0.9878787878787879,163,0,2,0.9878787878787879,0.0,0.012121212121212121,0,0,,,14,151,0.08484848484848485,0.9151515151515152,13,0,0,150,14,0,0,151
scenario1,200,scenario1__H200__eta-exact_empirical__states-exogenous,cfg_0042d33e8480cdbfb328,run_cd810dac14f6d7fb,1,42,exact_empirical,exact_empirical,True,0.35,0.85,,,0.1,0.9,0.1,0.9,B,opposed_binary_state_preferences_v1,binary_stay_switch_a0_0p1_a1_0p9_v1__exogenous,166,B,B,1.0,1.0,0.0,0.0,0.0,0.0,0.0,agreement,,,a1,a1,0,AI,a1,AI,0.006622516556291391,0.006578947368421052,True,True,0.0,2.8184741597483808e-09,0.9641309578603492,0.9641309578603492,0.00046404360312654044,0.00023091516798395942,0.00023091516798395942,2,164,0.012048192771084338,0.9879518072289156,164,0,2,0.9879518072289156,0.0,0.012048192771084338,0,0,,,14,152,0.08433734939759036,0.9156626506024096,13,0,0,151,14,0,0,152
scenario1,200,scenario1__H200__eta-exact_empirical__states-exogenous,cfg_0042d33e8480cdbfb328,run_cd810dac14f6d7fb,1,42,exact_empirical,exact_empirical,True,0.35,0.85,,,0.1,0.9,0.1,0.9,B,opposed_binary_state_preferences_v1,binary_stay_switch_a0_0p1_a1_0p9_v1__exogenous,167,B,B,1.0,1.0,0.0,0.0,0.0,0.0,0.0,agreement,,,a1,a1,0,AI,a1,AI,0.006578947368421052,0.006535947712418301,True,True,0.0,2.5366267437735426e-09,0.9677178620743143,0.9677178620743143,0.00046404360312654044,0.0002288052103483958,0.0002288052103483958,2,165,0.011976047904191617,0.9880239520958084,165,0,2,0.9880239520958084,0.0,0.011976047904191617,0,0,,,14,153,0.08383233532934131,0.9161676646706587,13,0,0,152,14,0,0,153
scenario1,200,scenario1__H200__eta-exact_empirical__states-exogenous,cfg_0042d33e8480cdbfb328,run_cd810dac14f6d7fb,1,42,exact_empirical,exact_empirical,True,0.35,0.85,,,0.1,0.9,0.1,0.9,B,opposed_binary_state_preferences_v1,binary_stay_switch_a0_0p1_a1_0p9_v1__exogenous,168,B,B,1.0,1.0,0.0,0.0,0.0,0.0,0.0,agreement,,,a1,a1,0,AI,a1,AI,0.006535947712418301,0.006493506493506494,True,True,0.0,2.2829640693961886e-09,0.9709460758668829,0.9709460758668829,0.00046404360312654044,0.00022709614466358928,0.00022709614466358928,2,166,0.011904761904761904,0.9880952380952381,166,0,2,0.9880952380952381,0.0,0.011904761904761904,0,0,,,14,154,0.08333333333333333,0.9166666666666666,13,0,0,153,14,0,0,154
scenario1,200,scenario1__H200__eta-exact_empirical__states-exogenous,cfg_0042d33e8480cdbfb328,run_cd810dac14f6d7fb,1,42,exact_empirical,exact_empirical,True,0.35,0.85,,,0.1,0.9,0.1,0.9,B,opposed_binary_state_preferences_v1,binary_stay_switch_a0_0p1_a1_0p9_v1__exogenous,169,B,B,1.0,1.0,0.0,0.0,0.0,0.0,0.0,agreement,,,a1,a1,0,AI,a1,AI,0.006493506493506494,0.0064516129032258064,True,True,0.0,2.05466766245657e-09,0.9738514682801945,0.9738514682801945,0.00046404360312654044,0.00022571180145889596,0.00022571180145889596,2,167,0.011834319526627219,0.9881656804733728,167,0,2,0.9881656804733728,0.0,0.011834319526627219,0,0,,,14,155,0.08284023668639054,0.9171597633136095,13,0,0,154,14,0,0,155
scenario1,200,scenario1__H200__eta-exact_empirical__states-exogenous,cfg_0042d33e8480cdbfb328,run_cd810dac14f6d7fb,1,42,exact_empirical,exact_empirical,True,0.35,0.85,,,0.1,0.9,0.1,0.9,B,opposed_binary_state_preferences_v1,binary_stay_switch_a0_0p1_a1_0p9_v1__exogenous,170,B,A,1.0,1.0,0.0,0.0,0.0,0.0,0.0,agreement,,,a1,a1,0,AI,a1,AI,0.0064516129032258064,0.00641025641025641,True,True,0.0,1.849200896210913e-09,0.976466321452175,0.976466321452175,0.00046404360312654044,0.00022459048346309436,0.00022459048346309436,2,168,0.011764705882352941,0.9882352941176471,168,0,2,0.9882352941176471,0.0,0.011764705882352941,0,0,,,14,156,0.08235294117647059,0.9176470588235294,13,0,0,155,14,0,0,156
scenario1,200,scenario1__H200__eta-exact_empirical__states-exogenous,cfg_0042d33e8480cdbfb328,run_cd810dac14f6d7fb,1,42,exact_empirical,exact_empirical,True,0.35,0.85,,,0.1,0.9,0.1,0.9,B,opposed_binary_state_preferences_v1,binary_stay_switch_a0_0p1_a1_0p9_v1__exogenous,171,A,B,1.0,1.0,0.0,0.0,0.0,0.0,0.0,agreement,,,a0,a0,0,AI,a0,AI,0.07142857142857142,0.06666666666666667,True,True,0.0,4.295799664301753e-09,0.12118028975443468,0.12118028975443468,0.0002236822158864951,0.00022459048346309436,0.0002236822158864951,2,169,0.011695906432748537,0.9883040935672515,169,0,2,0.9883040935672515,0.0,0.011695906432748537,0,0,,,15,156,0.08771929824561403,0.9122807017543859,14,0,0,155,15,0,0,156
scenario1,200,scenario1__H200__eta-exact_empirical__states-exogenous,cfg_0042d33e8480cdbfb328,run_cd810dac14f6d7fb,1,42,exact_empirical,exact_empirical,True,0.35,0.85,,,0.1,0.9,0.1,0.9,B,opposed_binary_state_preferences_v1,binary_stay_switch_a0_0p1_a1_0p9_v1__exogenous,172,B,B,1.0,1.0,0.0,0.0,0.0,0.0,0.0,agreement,,,a1,a1,0,AI,a1,AI,0.00641025641025641,0.006369426751592357,True,True,0.0,1.4978527259308396e-09,0.8909377203762617,0.8909377203762617,0.0002236822158864951,0.000202049691034891,0.000202049691034891,2,170,0.011627906976744186,0.9883720930232558,170,0,2,0.9883720930232558,0.0,0.011627906976744186,0,0,,,15,157,0.0872093023255814,0.9127906976744186,14,0,0,156,15,0,0,157
scenario1,200,scenario1__H200__eta-exact_empirical__states-exogenous,cfg_0042d33e8480cdbfb328,run_cd810dac14f6d7fb,1,42,exact_empirical,exact_empirical,True,0.35,0.85,,,0.1,0.9,0.1,0.9,B,opposed_binary_state_preferences_v1,binary_stay_switch_a0_0p1_a1_0p9_v1__exogenous,173,B,B,1.0,1.0,0.0,0.0,0.0,0.0,0.0,agreement,,,a1,a1,0,AI,a1,AI,0.006369426751592357,0.006329113924050633,True,True,0.0,1.3480674533377556e-09,0.9018439483386356,0.9018439483386356,0.0002236822158864951,0.0001837916491680463,0.0001837916491680463,2,171,0.011560693641618497,0.9884393063583815,171,0,2,0.9884393063583815,0.0,0.011560693641618497,0,0,,,15,158,0.08670520231213873,0.9132947976878613,14,0,0,157,15,0,0,158
scenario1,200,scenario1__H200__eta-exact_empirical__states-exogenous,cfg_0042d33e8480cdbfb328,run_cd810dac14f6d7fb,1,42,exact_empirical,exact_empirical,True,0.35,0.85,,,0.1,0.9,0.1,0.9,B,opposed_binary_state_preferences_v1,binary_stay_switch_a0_0p1_a1_0p9_v1__exogenous,174,B,B,1.0,1.0,0.0,0.0,0.0,0.0,0.0,agreement,,,a1,a1,0,AI,a1,AI,0.006329113924050633,0.006289308176100629,True,True,0.0,1.21326070800398e-09,0.911659553504772,0.911659553504772,0.0002236822158864951,0.00016900263525590207,0.00016900263525590207,2,172,0.011494252873563218,0.9885057471264368,172,0,2,0.9885057471264368,0.0,0.011494252873563218,0,0,,,15,159,0.08620689655172414,0.9137931034482759,14,0,0,158,15,0,0,159
scenario1,200,scenario1__H200__eta-exact_empirical__states-exogenous,cfg_0042d33e8480cdbfb328,run_cd810dac14f6d7fb,1,42,exact_empirical,exact_empirical,True,0.35,0.85,,,0.1,0.9,0.1,0.9,B,opposed_binary_state_preferences_v1,binary_stay_switch_a0_0p1_a1_0p9_v1__exogenous,175,B,B,1.0,1.0,0.0,0.0,0.0,0.0,0.0,agreement,,,a1,a1,0,AI,a1,AI,0.006289308176100629,0.00625,True,True,0.0,1.091934637203582e-09,0.9204935981542948,0.9204935981542948,0.0002236822158864951,0.00015702353398706524,0.00015702353398706524,2,173,0.011428571428571429,0.9885714285714285,173,0,2,0.9885714285714285,0.0,0.011428571428571429,0,0,,,15,160,0.08571428571428572,0.9142857142857143,14,0,0,159,15,0,0,160
scenario1,200,scenario1__H200__eta-exact_empirical__states-exogenous,cfg_0042d33e8480cdbfb328,run_cd810dac14f6d7fb,1,42,exact_empirical,exact_empirical,True,0.35,0.85,,,0.1,0.9,0.1,0.9,B,opposed_binary_state_preferences_v1,binary_stay_switch_a0_0p1_a1_0p9_v1__exogenous,176,B,B,1.0,1.0,0.0,0.0,0.0,0.0,0.0,agreement,,,a1,a1,0,AI,a1,AI,0.00625,0.006211180124223602,True,True,0.0,9.827411734832237e-10,0.9284442383388652,0.9284442383388652,0.0002236822158864951,0.00014732046195930742,0.00014732046195930742,2,174,0.011363636363636364,0.9886363636363636,174,0,2,0.9886363636363636,0.0,0.011363636363636364,0,0,,,15,161,0.08522727272727272,0.9147727272727273,14,0,0,160,15,0,0,161
scenario1,200,scenario1__H200__eta-exact_empirical__states-exogenous,cfg_0042d33e8480cdbfb328,run_cd810dac14f6d7fb,1,42,exact_empirical,exact_empirical,True,0.35,0.85,,,0.1,0.9,0.1,0.9,B,opposed_binary_state_preferences_v1,binary_stay_switch_a0_0p1_a1_0p9_v1__exogenous,177,B,B,1.0,1.0,0.0,0.0,0.0,0.0,0.0,agreement,,,a1,a1,0,AI,a1,AI,0.006211180124223602,0.006172839506172839,True,True,0.0,8.844670561349014e-10,0.9355998145049788,0.9355998145049788,0.0002236822158864951,0.00013946097361682358,0.00013946097361682358,2,175,0.011299435028248588,0.9887005649717514,175,0,2,0.9887005649717514,0.0,0.011299435028248588,0,0,,,15,162,0.0847457627118644,0.9152542372881356,14,0,0,161,15,0,0,162
scenario1,200,scenario1__H200__eta-exact_empirical__states-exogenous,cfg_0042d33e8480cdbfb328,run_cd810dac14f6d7fb,1,42,exact_empirical,exact_empirical,True,0.35,0.85,,,0.1,0.9,0.1,0.9,B,opposed_binary_state_preferences_v1,binary_stay_switch_a0_0p1_a1_0p9_v1__exogenous,178,B,A,1.0,1.0,0.0,0.0,0.0,0.0,0.0,agreement,,,a1,a1,0,AI,a1,AI,0.006172839506172839,0.006134969325153374,True,True,0.0,7.960203505214112e-10,0.9420398330544809,0.9420398330544809,0.0002236822158864951,0.00013309478805941167,0.00013309478805941167,2,176,0.011235955056179775,0.9887640449438202,176,0,2,0.9887640449438202,0.0,0.011235955056179775,0,0,,,15,163,0.08426966292134831,0.9157303370786517,14,0,0,162,15,0,0,163
scenario1,200,scenario1__H200__eta-exact_empirical__states-exogenous,cfg_0042d33e8480cdbfb328,run_cd810dac14f6d7fb,1,42,exact_empirical,exact_empirical,True,0.35,0.85,,,0.1,0.9,0.1,0.9,B,opposed_binary_state_preferences_v1,binary_stay_switch_a0_0p1_a1_0p9_v1__exogenous,179,A,B,1.0,1.0,0.0,0.0,0.0,0.0,0.0,agreement,,,a0,a0,0,AI,a0,AI,0.06666666666666667,0.0625,True,True,0.0,1.849200896210913e-09,0.1521641412375831,0.1521641412375831,0.00012793817775790802,0.00013309478805941167,0.00012793817775790802,2,177,0.0111731843575419,0.9888268156424581,177,0,2,0.9888268156424581,0.0,0.0111731843575419,0,0,,,16,163,0.0893854748603352,0.9106145251396648,15,0,0,162,16,0,0,163
scenario1,200,scenario1__H200__eta-exact_empirical__states-exogenous,cfg_0042d33e8480cdbfb328,run_cd810dac14f6d7fb,1,42,exact_empirical,exact_empirical,True,0.35,0.85,,,0.1,0.9,0.1,0.9,B,opposed_binary_state_preferences_v1,binary_stay_switch_a0_0p1_a1_0p9_v1__exogenous,180,B,B,1.0,1.0,0.0,0.0,0.0,0.0,0.0,agreement,,,a1,a1,0,AI,a1,AI,0.006134969325153374,0.006097560975609756,True,True,0.0,6.447764839223432e-10,0.8630522647741296,0.8630522647741296,0.00012793817775790802,0.00011932121432633518,0.00011932121432633518,2,178,0.011111111111111112,0.9888888888888889,178,0,2,0.9888888888888889,0.0,0.011111111111111112,0,0,,,16,164,0.08888888888888889,0.9111111111111111,15,0,0,163,16,0,0,164
scenario1,200,scenario1__H200__eta-exact_empirical__states-exogenous,cfg_0042d33e8480cdbfb328,run_cd810dac14f6d7fb,1,42,exact_empirical,exact_empirical,True,0.35,0.85,,,0.1,0.9,0.1,0.9,B,opposed_binary_state_preferences_v1,binary_stay_switch_a0_0p1_a1_0p9_v1__exogenous,181,B,B,1.0,1.0,0.0,0.0,0.0,0.0,0.0,agreement,,,a1,a1,0,AI,a1,AI,0.006097560975609756,0.006060606060606061,True,True,0.0,5.802988355301089e-10,0.8767470382967166,0.8767470382967166,0.00012793817775790802,0.00010816461960254323,0.00010816461960254323,2,179,0.011049723756906077,0.988950276243094,179,0,2,0.988950276243094,0.0,0.011049723756906077,0,0,,,16,165,0.08839779005524862,0.9116022099447514,15,0,0,164,16,0,0,165
scenario1,200,scenario1__H200__eta-exact_empirical__states-exogenous,cfg_0042d33e8480cdbfb328,run_cd810dac14f6d7fb,1,42,exact_empirical,exact_empirical,True,0.35,0.85,,,0.1,0.9,0.1,0.9,B,opposed_binary_state_preferences_v1,binary_stay_switch_a0_0p1_a1_0p9_v1__exogenous,182,B,B,1.0,1.0,0.0,0.0,0.0,0.0,0.0,agreement,,,a1,a1,0,AI,a1,AI,0.006060606060606061,0.006024096385542169,True,True,0.0,5.22268951977098e-10,0.8890723344670449,0.8890723344670449,0.00012793817775790802,9.912777787627174e-05,9.912777787627174e-05,2,180,0.01098901098901099,0.989010989010989,180,0,2,0.989010989010989,0.0,0.01098901098901099,0,0,,,16,166,0.08791208791208792,0.9120879120879121,15,0,0,165,16,0,0,166
scenario1,200,scenario1__H200__eta-exact_empirical__states-exogenous,cfg_0042d33e8480cdbfb328,run_cd810dac14f6d7fb,1,42,exact_empirical,exact_empirical,True,0.35,0.85,,,0.1,0.9,0.1,0.9,B,opposed_binary_state_preferences_v1,binary_stay_switch_a0_0p1_a1_0p9_v1__exogenous,183,B,B,1.0,1.0,0.0,0.0,0.0,0.0,0.0,agreement,,,a1,a1,0,AI,a1,AI,0.006024096385542169,0.005988023952095809,True,True,0.0,4.700420567793882e-10,0.9001651010203404,0.9001651010203404,0.00012793817775790802,9.180793607799184e-05,9.180793607799184e-05,2,181,0.01092896174863388,0.9890710382513661,181,0,2,0.9890710382513661,0.0,0.01092896174863388,0,0,,,16,167,0.08743169398907104,0.912568306010929,15,0,0,166,16,0,0,167
scenario1,200,scenario1__H200__eta-exact_empirical__states-exogenous,cfg_0042d33e8480cdbfb328,run_cd810dac14f6d7fb,1,42,exact_empirical,exact_empirical,True,0.35,0.85,,,0.1,0.9,0.1,0.9,B,opposed_binary_state_preferences_v1,binary_stay_switch_a0_0p1_a1_0p9_v1__exogenous,184,B,B,1.0,1.0,0.0,0.0,0.0,0.0,0.0,agreement,,,a1,a1,0,AI,a1,AI,0.005988023952095809,0.005952380952380952,True,True,0.0,4.230378511014494e-10,0.9101485909183064,0.9101485909183064,0.00012793817775790802,8.587886422138512e-05,8.587886422138512e-05,2,182,0.010869565217391304,0.9891304347826086,182,0,2,0.9891304347826086,0.0,0.010869565217391304,0,0,,,16,168,0.08695652173913043,0.9130434782608695,15,0,0,167,16,0,0,168
scenario1,200,scenario1__H200__eta-exact_empirical__states-exogenous,cfg_0042d33e8480cdbfb328,run_cd810dac14f6d7fb,1,42,exact_empirical,exact_empirical,True,0.35,0.85,,,0.1,0.9,0.1,0.9,B,opposed_binary_state_preferences_v1,binary_stay_switch_a0_0p1_a1_0p9_v1__exogenous,185,B,B,1.0,1.0,0.0,0.0,0.0,0.0,0.0,agreement,,,a1,a1,0,AI,a1,AI,0.005952380952380952,0.005917159763313609,True,True,0.0,3.8073406599130447e-10,0.9191337318264757,0.9191337318264757,0.00012793817775790802,8.107631601753368e-05,8.107631601753368e-05,2,183,0.010810810810810811,0.9891891891891892,183,0,2,0.9891891891891892,0.0,0.010810810810810811,0,0,,,16,169,0.08648648648648649,0.9135135135135135,15,0,0,168,16,0,0,169
scenario1,200,scenario1__H200__eta-exact_empirical__states-exogenous,cfg_0042d33e8480cdbfb328,run_cd810dac14f6d7fb,1,42,exact_empirical,exact_empirical,True,0.35,0.85,,,0.1,0.9,0.1,0.9,B,opposed_binary_state_preferences_v1,binary_stay_switch_a0_0p1_a1_0p9_v1__exogenous,186,B,B,1.0,1.0,0.0,0.0,0.0,0.0,0.0,agreement,,,a1,a1,0,AI,a1,AI,0.005917159763313609,0.0058823529411764705,True,True,0.0,3.42660659392174e-10,0.9272203586438281,0.9272203586438281,0.00012793817775790802,7.7186251972414e-05,7.7186251972414e-05,2,184,0.010752688172043012,0.989247311827957,184,0,2,0.989247311827957,0.0,0.010752688172043012,0,0,,,16,170,0.08602150537634409,0.9139784946236559,15,0,0,169,16,0,0,170
scenario1,200,scenario1__H200__eta-exact_empirical__states-exogenous,cfg_0042d33e8480cdbfb328,run_cd810dac14f6d7fb,1,42,exact_empirical,exact_empirical,True,0.35,0.85,,,0.1,0.9,0.1,0.9,B,opposed_binary_state_preferences_v1,binary_stay_switch_a0_0p1_a1_0p9_v1__exogenous,187,B,B,1.0,1.0,0.0,0.0,0.0,0.0,0.0,agreement,,,a1,a1,0,AI,a1,AI,0.0058823529411764705,0.005847953216374269,True,True,0.0,3.083945934529566e-10,0.9344983227794453,0.9344983227794453,0.00012793817775790802,7.403530009586708e-05,7.403530009586708e-05,2,185,0.0106951871657754,0.9893048128342246,185,0,2,0.9893048128342246,0.0,0.0106951871657754,0,0,,,16,171,0.0855614973262032,0.9144385026737968,15,0,0,170,16,0,0,171
scenario1,200,scenario1__H200__eta-exact_empirical__states-exogenous,cfg_0042d33e8480cdbfb328,run_cd810dac14f6d7fb,1,42,exact_empirical,exact_empirical,True,0.35,0.85,,,0.1,0.9,0.1,0.9,B,opposed_binary_state_preferences_v1,binary_stay_switch_a0_0p1_a1_0p9_v1__exogenous,188,B,B,1.0,1.0,0.0,0.0,0.0,0.0,0.0,agreement,,,a1,a1,0,AI,a1,AI,0.005847953216374269,0.005813953488372093,True,True,0.0,2.77555134107661e-10,0.9410484905015007,0.9410484905015007,0.00012793817775790802,7.148302907586406e-05,7.148302907586406e-05,2,186,0.010638297872340425,0.9893617021276596,186,0,2,0.9893617021276596,0.0,0.010638297872340425,0,0,,,16,172,0.0851063829787234,0.9148936170212766,15,0,0,171,16,0,0,172
scenario1,200,scenario1__H200__eta-exact_empirical__states-exogenous,cfg_0042d33e8480cdbfb328,run_cd810dac14f6d7fb,1,42,exact_empirical,exact_empirical,True,0.35,0.85,,,0.1,0.9,0.1,0.9,B,opposed_binary_state_preferences_v1,binary_stay_switch_a0_0p1_a1_0p9_v1__exogenous,189,B,A,1.0,1.0,0.0,0.0,0.0,0.0,0.0,agreement,,,a1,a1,0,AI,a1,AI,0.005813953488372093,0.005780346820809248,True,True,0.0,2.497996206968949e-10,0.9469436414513507,0.9469436414513507,0.00012793817775790802,6.941568954966162e-05,6.941568954966162e-05,2,187,0.010582010582010581,0.9894179894179894,187,0,2,0.9894179894179894,0.0,0.010582010582010581,0,0,,,16,173,0.08465608465608465,0.9153439153439153,15,0,0,172,16,0,0,173
scenario1,200,scenario1__H200__eta-exact_empirical__states-exogenous,cfg_0042d33e8480cdbfb328,run_cd810dac14f6d7fb,1,42,exact_empirical,exact_empirical,True,0.35,0.85,,,0.1,0.9,0.1,0.9,B,opposed_binary_state_preferences_v1,binary_stay_switch_a0_0p1_a1_0p9_v1__exogenous,190,A,B,1.0,1.0,0.0,0.0,0.0,0.0,0.0,agreement,,,a0,a0,0,AI,a0,AI,0.0625,0.058823529411764705,True,True,0.0,5.802988355301089e-10,0.14775071986528893,0.14775071986528893,6.774114453343764e-05,6.941568954966162e-05,6.774114453343764e-05,2,188,0.010526315789473684,0.9894736842105263,188,0,2,0.9894736842105263,0.0,0.010526315789473684,0,0,,,17,173,0.08947368421052632,0.9105263157894737,16,0,0,172,17,0,0,173
scenario1,200,scenario1__H200__eta-exact_empirical__states-exogenous,cfg_0042d33e8480cdbfb328,run_cd810dac14f6d7fb,1,42,exact_empirical,exact_empirical,True,0.35,0.85,,,0.1,0.9,0.1,0.9,B,opposed_binary_state_preferences_v1,binary_stay_switch_a0_0p1_a1_0p9_v1__exogenous,191,B,B,1.0,1.0,0.0,0.0,0.0,0.0,0.0,agreement,,,a1,a1,0,AI,a1,AI,0.005780346820809248,0.005747126436781609,True,True,0.0,2.0233769276448485e-10,0.867024349575594,0.867024349575594,6.774114453343764e-05,6.23234115432353e-05,6.23234115432353e-05,2,189,0.010471204188481676,0.9895287958115183,189,0,2,0.9895287958115183,0.0,0.010471204188481676,0,0,,,17,174,0.08900523560209424,0.9109947643979057,16,0,0,173,17,0,0,174
scenario1,200,scenario1__H200__eta-exact_empirical__states-exogenous,cfg_0042d33e8480cdbfb328,run_cd810dac14f6d7fb,1,42,exact_empirical,exact_empirical,True,0.35,0.85,,,0.1,0.9,0.1,0.9,B,opposed_binary_state_preferences_v1,binary_stay_switch_a0_0p1_a1_0p9_v1__exogenous,192,B,B,1.0,1.0,0.0,0.0,0.0,0.0,0.0,agreement,,,a1,a1,0,AI,a1,AI,0.005747126436781609,0.005714285714285714,True,True,0.0,1.8210392348803637e-10,0.8803219146180347,0.8803219146180347,6.774114453343764e-05,5.657866635802998e-05,5.657866635802998e-05,2,190,0.010416666666666666,0.9895833333333334,190,0,2,0.9895833333333334,0.0,0.010416666666666666,0,0,,,17,175,0.08854166666666667,0.9114583333333334,16,0,0,174,17,0,0,175
scenario1,200,scenario1__H200__eta-exact_empirical__states-exogenous,cfg_0042d33e8480cdbfb328,run_cd810dac14f6d7fb,1,42,exact_empirical,exact_empirical,True,0.35,0.85,,,0.1,0.9,0.1,0.9,B,opposed_binary_state_preferences_v1,binary_stay_switch_a0_0p1_a1_0p9_v1__exogenous,193,B,B,1.0,1.0,0.0,0.0,0.0,0.0,0.0,agreement,,,a1,a1,0,AI,a1,AI,0.005714285714285714,0.005681818181818182,True,True,0.0,1.6389353113923274e-10,0.8922897231562312,0.8922897231562312,6.774114453343764e-05,5.192542275801368e-05,5.192542275801368e-05,2,191,0.010362694300518135,0.9896373056994818,191,0,2,0.9896373056994818,0.0,0.010362694300518135,0,0,,,17,176,0.08808290155440414,0.9119170984455959,16,0,0,175,17,0,0,176
scenario1,200,scenario1__H200__eta-exact_empirical__states-exogenous,cfg_0042d33e8480cdbfb328,run_cd810dac14f6d7fb,1,42,exact_empirical,exact_empirical,True,0.35,0.85,,,0.1,0.9,0.1,0.9,B,opposed_binary_state_preferences_v1,binary_stay_switch_a0_0p1_a1_0p9_v1__exogenous,194,B,B,1.0,1.0,0.0,0.0,0.0,0.0,0.0,agreement,,,a1,a1,0,AI,a1,AI,0.005681818181818182,0.005649717514124294,True,True,0.0,1.4750417802530948e-10,0.9030607508406081,0.9030607508406081,6.774114453343764e-05,4.8156295442000465e-05,4.8156295442000465e-05,2,192,0.010309278350515464,0.9896907216494846,192,0,2,0.9896907216494846,0.0,0.010309278350515464,0,0,,,17,177,0.08762886597938144,0.9123711340206185,16,0,0,176,17,0,0,177
scenario1,200,scenario1__H200__eta-exact_empirical__states-exogenous,cfg_0042d33e8480cdbfb328,run_cd810dac14f6d7fb,1,42,exact_empirical,exact_empirical,True,0.35,0.85,,,0.1,0.9,0.1,0.9,B,opposed_binary_state_preferences_v1,binary_stay_switch_a0_0p1_a1_0p9_v1__exogenous,195,B,B,1.0,1.0,0.0,0.0,0.0,0.0,0.0,agreement,,,a1,a1,0,AI,a1,AI,0.005649717514124294,0.0056179775280898875,True,True,0.0,1.3275376022277854e-10,0.9127546757565473,0.9127546757565473,6.774114453343764e-05,4.510330231602976e-05,4.510330231602976e-05,2,193,0.010256410256410256,0.9897435897435898,193,0,2,0.9897435897435898,0.0,0.010256410256410256,0,0,,,17,178,0.08717948717948718,0.9128205128205128,16,0,0,177,17,0,0,178
scenario1,200,scenario1__H200__eta-exact_empirical__states-exogenous,cfg_0042d33e8480cdbfb328,run_cd810dac14f6d7fb,1,42,exact_empirical,exact_empirical,True,0.35,0.85,,,0.1,0.9,0.1,0.9,B,opposed_binary_state_preferences_v1,binary_stay_switch_a0_0p1_a1_0p9_v1__exogenous,196,B,B,1.0,1.0,0.0,0.0,0.0,0.0,0.0,agreement,,,a1,a1,0,AI,a1,AI,0.0056179775280898875,0.00558659217877095,True,True,0.0,1.1947838420050068e-10,0.9214792081808926,0.9214792081808926,6.774114453343764e-05,4.263037788399349e-05,4.263037788399349e-05,2,194,0.01020408163265306,0.9897959183673469,194,0,2,0.9897959183673469,0.0,0.01020408163265306,0,0,,,17,179,0.08673469387755102,0.9132653061224489,16,0,0,178,17,0,0,179
scenario1,200,scenario1__H200__eta-exact_empirical__states-exogenous,cfg_0042d33e8480cdbfb328,run_cd810dac14f6d7fb,1,42,exact_empirical,exact_empirical,True,0.35,0.85,,,0.1,0.9,0.1,0.9,B,opposed_binary_state_preferences_v1,binary_stay_switch_a0_0p1_a1_0p9_v1__exogenous,197,B,B,1.0,1.0,0.0,0.0,0.0,0.0,0.0,agreement,,,a1,a1,0,AI,a1,AI,0.00558659217877095,0.005555555555555556,True,True,0.0,1.0753054578045061e-10,0.9293312873628033,0.9293312873628033,6.774114453343764e-05,4.0627309094044124e-05,4.0627309094044124e-05,2,195,0.01015228426395939,0.9898477157360406,195,0,2,0.9898477157360406,0.0,0.01015228426395939,0,0,,,17,180,0.08629441624365482,0.9137055837563451,16,0,0,179,17,0,0,180
scenario1,200,scenario1__H200__eta-exact_empirical__states-exogenous,cfg_0042d33e8480cdbfb328,run_cd810dac14f6d7fb,1,42,exact_empirical,exact_empirical,True,0.35,0.85,,,0.1,0.9,0.1,0.9,B,opposed_binary_state_preferences_v1,binary_stay_switch_a0_0p1_a1_0p9_v1__exogenous,198,B,A,1.0,1.0,0.0,0.0,0.0,0.0,0.0,agreement,,,a1,a1,0,AI,a1,AI,0.005555555555555556,0.0055248618784530384,True,True,0.0,9.677749120240554e-11,0.936398158626523,0.936398158626523,6.774114453343764e-05,3.900482337418513e-05,3.900482337418513e-05,2,196,0.010101010101010102,0.98989898989899,196,0,2,0.98989898989899,0.0,0.010101010101010102,0,0,,,17,181,0.08585858585858586,0.9141414141414141,16,0,0,180,17,0,0,181
scenario1,200,scenario1__H200__eta-exact_empirical__states-exogenous,cfg_0042d33e8480cdbfb328,run_cd810dac14f6d7fb,1,42,exact_empirical,exact_empirical,True,0.35,0.85,,,0.1,0.9,0.1,0.9,B,opposed_binary_state_preferences_v1,binary_stay_switch_a0_0p1_a1_0p9_v1__exogenous,199,A,B,1.0,1.0,0.0,0.0,0.0,0.0,0.0,agreement,,,a0,a0,0,AI,a0,AI,0.058823529411764705,0.05555555555555555,True,True,0.0,2.2481965862720538e-10,0.15724165614031227,0.15724165614031227,3.769060994109935e-05,3.900482337418513e-05,3.769060994109935e-05,2,197,0.010050251256281407,0.9899497487437185,197,0,2,0.9899497487437185,0.0,0.010050251256281407,0,0,,,18,181,0.09045226130653267,0.9095477386934674,17,0,0,180,18,0,0,181
scenario1,200,scenario1__H200__eta-exact_empirical__states-exogenous,cfg_0042d33e8480cdbfb328,run_cd810dac14f6d7fb,1,42,exact_empirical,exact_empirical,True,0.35,0.85,,,0.1,0.9,0.1,0.9,B,opposed_binary_state_preferences_v1,binary_stay_switch_a0_0p1_a1_0p9_v1__exogenous,200,B,B,1.0,1.0,0.0,0.0,0.0,0.0,0.0,agreement,,,a1,a1,0,AI,a1,AI,0.0055248618784530384,0.005494505494505495,True,True,0.0,7.83897678739485e-11,0.8584825084874836,0.8584825084874836,3.769060994109935e-05,3.4986061827788894e-05,3.4986061827788894e-05,2,198,0.01,0.99,198,0,2,0.99,0.0,0.01,0,0,,,18,182,0.09,0.91,17,0,0,181,18,0,0,182
